id_puesto,municipio,cod_dane,cod_comune,puesto,direccion,lon,lat,semaforo,rank_abelardo,votos_abelardo,total_validos,pct_abelardo,n_mesas,v_paloma_valencia,v_sergio_fajardo,v_ivan_cepeda,v_abelardo_de_la_espriella
p0001,ABEJORRAL,05002,,CARCEL MUNICIPAL,CARRERA 51 No. 55-49,-75.4269790649414,5.79192152402118,verde,1,4,9,0.4444,1,2,1,1,4
p0002,ABEJORRAL,05002,,CHAGUALAL IER ZOILA DUQUE BAENA,VEREDA CHAGUALAL,-75.5113077163696,5.79896669639219,verde,1,125,228,0.5482,2,58,6,26,125
p0003,ABEJORRAL,05002,,GUAICO GRANDE IER CELIA DUQUE,VEREDA GUAICO GRANDE,-75.4500966291181,5.91291536981376,verde,1,82,199,0.4121,2,70,15,19,82
p0004,ABEJORRAL,05002,,I.E. FUNDACION CELIA DUQUE,KR 55 # 44-110,-75.4270434379577,5.79129175384748,verde,1,3679,6346,0.5797,38,1308,295,843,3679
p0005,ABEJORRAL,05002,,IER PANTANILLO,"CORREGIMIENTO
PANTANILLO",-75.4908761705476,5.72979279079065,verde,1,232,432,0.537,3,152,8,19,232
p0006,ABEJORRAL,05002,,PORTUGAL IER ZOILA DUQUE BAENA,VEREDA PORTUGAL,-75.5019509014305,5.82983807071994,verde,1,26,59,0.4407,1,22,1,9,26
p0007,ABEJORRAL,05002,,PURIMA IER CELIA DUQUE,VEREDA PURIMA,-75.4410552978516,5.72736110466318,verde,1,43,86,0.5,1,23,7,7,43
p0008,ABRIAQI,05004,,I.E LA MILAGROSA,carrera 10 #12 66,-76.0637636544047,6.63286023628673,verde,1,462,746,0.6193,5,204,21,48,462
p0009,ABRIAQI,05004,,SD LA ANTIGUA I.E LA MILAGROSA,CGTO. LA ANTIGUA,-76.0795597443054,6.71529416735729,verde,1,130,315,0.4127,2,115,5,54,130
p0010,ALEJANDRIA,05021,,I.E. PROCESA DELGADO,Cl. 22 # 20-60,-75.1412881,6.3790835,verde,1,1811,2694,0.6722,14,312,114,389,1811
p0011,AMAGA,05030,,CARCEL MUNICIPAL,CALLE 51 # 50 - 76,-75.7032449999998,6.04118099999999,verde,1,6,14,0.4286,1,0,0,6,6
p0012,AMAGA,05030,,COLISEO CTO JUAN MONTOYA CORREA,CRA. 54 No. 60 - 61,-75.7060790061949,6.04251351165713,verde,1,1026,2282,0.4496,14,102,180,861,1026
p0013,AMAGA,05030,,E.U. ALEJANDRO TORO,CRA. 51 No. 48-21,-75.7043087482451,6.03806976024778,verde,1,1292,2379,0.5431,13,279,103,613,1292
p0014,AMAGA,05030,,ESCUELA URBANA MARIA AUXILIADORA,CRA 51 N 48 51,-75.7040075223626,6.03927162317745,verde,1,1470,2729,0.5387,16,196,76,816,1470
p0015,AMAGA,05030,,I.E BELISARIO BETANCUR C,VEREDA LA FERRERIA,-75.712030516764,6.06630258676816,verde,1,192,368,0.5217,3,30,1,120,192
p0016,AMAGA,05030,,I.E. NORMAL SUPERIOR AMAGA,CRA. 51 No. 46-31,-75.7046896219252,6.0373229076923,verde,1,1329,2500,0.5316,14,215,139,742,1329
p0017,AMAGA,05030,,"I.E PASCUAL CORREA F. SEDE
BACHILLERATO",VEREDA MINAS,-75.6976433720219,6.06793900983672,verde,1,697,1198,0.5818,7,110,58,286,697
p0018,AMAGA,05030,,I.E.R. URBANO RUIZ,"CORREGIMIENTO CAMILO C.
RESTREPO-SECTOR LA ESCUELA",-75.7009705784704,6.02484991125814,verde,1,219,450,0.4867,2,31,27,159,219
p0019,AMAGA,05030,,I.E. SAN FERNANDO DE AMAGA,VIA TRONCAL DEL CAFÉ,-75.7046785,6.031092,verde,1,300,715,0.4196,4,47,51,279,300
p0020,AMALFI,05031,,CARCEL MUNICIPAL,CALLE BOLIVAR No. 21 - 38,-75.0756418704986,6.90812621033281,verde,1,7,15,0.4667,1,0,3,4,7
p0021,AMALFI,05031,,I.E.R. LA MANGUITA,VEREDA LA MANGUITA,-75.0454869,7.0278817,verde,1,20,35,0.5714,1,7,2,4,20
p0022,AMALFI,05031,,I.E.R. PORTACHUELO,"CORREGIMIENTO
PORTACHUELO",-74.8880085899999,6.86459549399999,verde,1,56,119,0.4706,2,20,1,27,56
p0023,AMALFI,05031,,IE EDUARDO FERNANDEZ BOTERO,CRA 20 GIRARDOT No 20-68,-75.0742202997206,6.90816348864873,verde,1,2693,3969,0.6785,30,396,138,562,2693
p0024,AMALFI,05031,,SEDE B I.E. EDUARDO FERNANDEZ BOTERO,CLL SANTANDER No 18-80,-75.0734102725981,6.90715963582729,verde,1,1311,2287,0.5732,22,143,169,543,1311
p0025,ANDES,05034,,"C DE DESARROLLO INFANTIL CDI
CAFETERITOS","CL 53 N 48 110 120 PLAZA DE
FERIAS",-75.8776256102377,5.65902915294149,verde,1,539,929,0.5802,7,220,30,115,539
p0026,ANDES,05034,,C.E.R. GABRIEL ALVAREZ RESTREPO,"CER GABRIEL ALVAREZ
RESTREPO- CGTO LA CHAPARRALA",-75.9046810255951,5.66353533270848,verde,1,73,165,0.4424,2,53,5,29,73
p0027,ANDES,05034,,CARCEL,CLL 49A No 55-154,-75.8813817154538,5.65436286180728,amarillo,2,14,47,0.2979,1,5,0,21,14
p0028,ANDES,05034,,COLISEO PEDRO ANTONIO RPO ESCO,CALLE 47 No 47 - 30,-75.8757308128685,5.65389423914258,verde,1,886,1631,0.5432,10,303,65,335,886
p0029,ANDES,05034,,I.E.R.CARBONERA,"CORREGIMIENTO SAN
BARTOLO",-75.8567608879875,5.63729666638505,verde,1,100,201,0.4975,2,43,6,46,100
p0030,ANDES,05034,,I.E.R. FELIPE HENAO JARAMILLO,"CALLE 50 NRO 51 -48
CORREGIMIENTO BUENOS AIRES",-75.8361428122887,5.68301704013373,verde,1,299,553,0.5407,4,178,7,52,299
p0031,ANDES,05034,,I.E.R. SANTA INES,"CORREGIMIENTO SANTA
INES",-75.8998339899999,5.56377563499999,verde,1,325,529,0.6144,4,126,3,47,325
p0032,ANDES,05034,,IE MARCO FIDEL SUAREZ,"IE MARCO FIDEL SUAREZ - CR
54 No 55A - 06",-75.8815297530389,5.65680108901056,verde,1,1198,1935,0.6191,10,370,63,263,1198
p0033,ANDES,05034,,IE MARIA AUXILIADORA,CALLE 52 NRO 49-28,-75.876749791528,5.65774855920039,verde,1,783,1387,0.5645,8,214,64,294,783
p0034,ANDES,05034,,IE SAN JOSE -SEDE PRIMARIA,IE SAN JOSE -SEDE PRIMARIA - CGTO SAN JOSE,-75.8708710180312,5.73490565078906,verde,1,220,321,0.6854,3,52,8,37,220
p0035,ANDES,05034,,IE SAN JUAN DE LOS ANDES,IE SAN JUAN DE LOS ANDES - CRA 50 NRO 51 - 58,-75.8772273,5.657329649,verde,1,1786,3046,0.5863,15,675,110,421,1786
p0036,ANDES,05034,,IE SAN PERUCHITO,"IE SAN PERUCHITO-SD
SECUNDARIA-CGTO LA CHAPARRALA",-75.9234236480834,5.65334700986836,verde,1,234,401,0.5835,3,94,3,47,234
p0037,ANDES,05034,,IE SANTA RITA,IE SANTA RITA - CORREGIMIENTO SANTA RITA,-75.9169573338035,5.61255822109959,verde,1,714,1071,0.6667,7,208,28,86,714
p0038,ANDES,05034,,IE TAPARTO,IE TAPARTO - CORREGIMIENTO TAPARTO,-75.9666626505924,5.70044272518507,verde,1,517,965,0.5358,7,262,14,129,517
p0039,ANDES,05034,,LICEO JUAN DE DIOS URIBE,"LICEO JUAN DE DIOS URIBE -
CLL 47 No 47 - 30",-75.875167415901,5.6535652820405,verde,1,1522,2430,0.6263,18,562,50,249,1522
p0040,ANDES,05034,,PLACA POLIDEPORTIVA,"CLL 56A Y 57 CON CR 52 A Y
53 BARRIO CORID",-75.8826737378449,5.65816190270752,verde,1,850,1542,0.5512,9,208,98,356,850
p0041,ANDES,05034,,SEDE EDUCATIVA LA AGUADA,"SEDE EDUCATIVA LA AGUADA
- CR 53 No 42 - 208",-75.8794961740278,5.64965730869991,verde,1,88,152,0.5789,1,10,0,39,88
p0042,ANGELOPOLIS,05036,,C.E.R. SAN ISIDRO,VEREDA SANTA ANA,-75.7576790761076,6.12008158364152,verde,1,20,29,0.6897,1,2,0,7,20
p0043,ANGELOPOLIS,05036,,I.E LOS ANGELES,"CORREGIMIENTO LA
ESTACIÓN",-75.7041556091811,6.08438737953141,verde,1,226,381,0.5932,3,28,7,88,226
p0044,ANGELOPOLIS,05036,,I.E SAN JOSE,CALLE 9 N. 14 -03,-75.713213223635,6.11038415685937,verde,1,1373,2424,0.5664,15,380,109,449,1373
p0045,ANGOSTURA,05038,,CER LA QUINTA -SEDE GABRIELA MISTRAL,"VDA. MALDONADO ESC. RU.
GABRIE",-75.3460621833799,6.90510133146959,verde,1,190,274,0.6934,2,43,10,12,190
p0046,ANGOSTURA,05038,,CER SAN FERNANDO,"VDA. LA TRINIDAD ESC.RU LA
TRI",-75.2984690666197,6.90871733756904,verde,1,30,85,0.3529,1,16,8,26,30
p0047,ANGOSTURA,05038,,I.E. MARIANO DE JESUS EUSSE,KR 9 # 8 -84 INSTITUCION,-75.3349095582961,6.88385623866676,verde,1,1503,2836,0.53,24,504,143,504,1503
p0048,ANGOSTURA,05038,,IGLESIA DE LLANOS DE CUIVA,"CORREGIMIENTO LLANOS DE
CUIVA",-75.4846398505251,6.81417723375076,verde,1,93,155,0.6,1,31,9,17,93
p0049,ANORI,05040,,C.E.R EL CARMÍN,"C.E.R EL CARMÍN .VDA EL
CARMIN KM 25",-75.2395858021533,7.20088878786043,amarillo,2,25,108,0.2315,2,5,0,71,25
p0050,ANORI,05040,,C.E.R LA CASITA,"CER.LA CASITA VDA. LA
CASITA KM 38",-75.17946928,6.937445761,verde,1,34,56,0.6071,1,9,0,10,34
p0051,ANORI,05040,,C.E.R LA HONDONA,"CER.LA HONDONA VDA EL
ROBLE KM 30",-75.1532849999998,6.98694599999999,amarillo,2,117,344,0.3401,3,30,0,168,117
p0052,ANORI,05040,,C.E.R MADRESECA,"C.E.R MADRESECA VDA.
MADRESECA KM 50",-75.0385039809713,7.24996146684079,verde,1,32,64,0.5,2,5,0,24,32
p0053,ANORI,05040,,C.E.R MERCEDES YEPES,CER.VDA. LA MESETA KM 20,-75.2102654799999,7.04196861999999,amarillo,2,37,97,0.3814,2,10,4,39,37
p0054,ANORI,05040,,C.E.R SANTO DOMINGO,"C.E.R SANTO DOMINGO.
VDA. SANTO DOMINGO KM 25",-75.2359735099999,7.109516034,amarillo,2,5,19,0.2632,1,1,0,11,5
p0055,ANORI,05040,,COLISEO LUIS RODRIGO CÁRDENAS LOPERA,AV 30 No 24-385,-75.1513465569646,7.07384021348963,verde,1,1504,2764,0.5441,30,142,127,867,1504
p0056,ANORI,05040,,I.E.R AMANDA POSADA,"I.E.R AMANDA POSADA CGTO
LIBERIA KM 110",-75.0001502153771,7.38101246776773,amarillo,2,57,163,0.3497,2,8,0,85,57
p0057,ANTIOQUIA,05042,,CER CACIQUE GUASABRA,CORREGIMIENTO LAURELES,-75.9480439999998,6.49055599999999,verde,1,148,255,0.5804,2,71,2,30,148
p0058,ANTIOQUIA,05042,,CER EL PESCADO,"CORREGIMIENTO EL
PESCADO",-75.9097929999998,6.495153,verde,1,126,202,0.6238,2,41,9,18,126
p0059,ANTIOQUIA,05042,,CER LAS AZULES,"CORREGIMIENTO LAS
AZULES",-75.9657152995489,6.5573240477896,verde,1,47,91,0.5165,1,10,3,28,47
p0060,ANTIOQUIA,05042,,CER MANUEL MARIA TORO,"CORREGIMIENTO TONUSCO
ARRIBA",-75.9598075826645,6.60810633052697,verde,1,69,152,0.4539,2,37,0,35,69
p0061,ANTIOQUIA,05042,,CER SANTA INES,CORREGIMIENTO CATIVO,-75.8757623642331,6.63768955202961,verde,1,28,74,0.3784,1,8,8,27,28
p0062,ANTIOQUIA,05042,,CER SOCORRO DE SABANAS,CORREGIMIENTO SABANAS,-75.9121891759115,6.46089532992763,verde,1,130,285,0.4561,2,114,4,27,130
p0063,ANTIOQUIA,05042,,COLISEO HERNAN SEPULVEDA,CALLE 19 A 10-48,-75.8224384311903,6.56544940530338,verde,1,1344,2692,0.4993,15,429,124,711,1344
p0064,ANTIOQUIA,05042,,ESCUELA MARTINEZ PARDO,CLL 10 No 11-82,-75.8311166999999,6.55828339999999,verde,1,1202,2530,0.4751,16,239,157,871,1202
p0065,ANTIOQUIA,05042,,ESCUELA MORADITAS CENTRAL,VEREDA MORADITAS,-75.91030556,6.428527778,verde,1,131,220,0.5955,2,54,9,17,131
p0066,ANTIOQUIA,05042,,I.E. SAN LUIS GONZAGA,CRA 7 No 13A - 64,-75.8242114092017,6.56023417604171,verde,1,1187,2304,0.5152,14,323,67,642,1187
p0067,ANTIOQUIA,05042,,IE ARTURO VELASQUEZ ORTIZ,CLL 9 No 2-25,-75.824386547796,6.5519072232195,verde,1,1495,2937,0.509,18,347,171,855,1495
p0068,ANZA,05044,,I.E ANZA,CRA 11 No 6-22,-75.8544266132293,6.30091329996217,verde,1,882,1476,0.5976,11,272,35,227,882
p0069,ANZA,05044,,I.E.R. ASCENCION MONTOYA DE TORRES,CORREGIMIENTO GUINTAR,-75.9579082258644,6.30248665396964,verde,1,771,1150,0.6704,7,158,15,151,771
p0070,ANZA,05044,,I.E.R. LA CEJITA,VEREDA LA CEJITA,-75.9112159999998,6.327293,verde,1,158,228,0.693,2,33,0,22,158
p0071,APARTADO,05045,,"CARCEL Y PENIT DE MEDIA SEG DE
APARTADO","KILOMETRO 5 VIA APARTADO -
CAREPA",-76.6506663532292,7.80454715932996,amarillo,2,9,53,0.1698,1,2,1,41,9
p0072,APARTADO,05045,,CDI ALEGRES GIRASOLES,CLL 103 No 89A - 30 BARRIO OBRERO,-76.6227907007378,7.88426576256668,amarillo,2,408,2145,0.1902,14,38,49,1621,408
p0073,APARTADO,05045,,COLEGIO ADVENTISTA,"CLL 92 No 96 A - 56 BARRIO
FUNDADORES",-76.6317090185983,7.87805642763386,amarillo,2,928,2333,0.3978,17,75,88,1215,928
p0074,APARTADO,05045,,COLEGIO COOPERATIVO CARB,DIAGONAL 105C No 99C-51,-76.6363799784347,7.88596435700524,verde,1,2069,3687,0.5612,18,281,154,1149,2069
p0075,APARTADO,05045,,COLISEO CUBIERTO ANTONIO ROLDAN BETANCUR,KR 104 # 104C - 65,-76.6325336934917,7.89103982602568,amarillo,2,935,2344,0.3989,18,95,25,1220,935
p0076,APARTADO,05045,,I.E ALFONSO LOPEZ,CRA 79A No 96A 60 BARRIO ALFONSO LOPEZ,-76.61499204,7.875614094,amarillo,2,1120,4152,0.2697,25,135,95,2732,1120
p0077,APARTADO,05045,,I.E CADENA LAS PLAYAS,"CRA 86C 94C-00 BARRIO LA
ESPERANZA",-76.6251782504507,7.8766428965412,amarillo,2,218,784,0.2781,6,29,30,493,218
p0078,APARTADO,05045,,I. E. CAMPO ALEGRE,CRA 115 No 87 - 58 BARRIO EL SALVADOR,-76.6481173453195,7.87990770664629,amarillo,2,299,972,0.3076,7,28,22,605,299
p0079,APARTADO,05045,,I.E. HERACLIO MENA PADILLA,"CLL 94 No 94 - 21 BARRIO
PUEBLO NUEVO",-76.6296261771472,7.87765990971117,amarillo,2,1597,3853,0.4145,25,185,97,1914,1597
p0080,APARTADO,05045,,I.E JOSE CELESTINO MUTIS,CLL 108 No 108 - 82 BARRIO LAURELES,-76.6373509360137,7.89512066838773,amarillo,2,1043,2792,0.3736,15,133,139,1444,1043
p0081,APARTADO,05045,,I.E. JOSE JOAQUIN VELEZ,CARRERA 103 No 106-25,-76.6333168990985,7.88858492594141,verde,1,1970,4181,0.4712,21,253,128,1786,1970
p0082,APARTADO,05045,,I.E. LA PAZ,CLL 103 No 77 - 32 BARRIO LA PAZ,-76.6102245230162,7.8803200950724,amarillo,2,398,2248,0.177,15,47,44,1733,398
p0083,APARTADO,05045,,I.E. MADRE LAURA,CALLE 99A No 104-12,-76.6346540783604,7.88447012088088,verde,1,1171,2425,0.4829,14,137,84,995,1171
p0084,APARTADO,05045,,I.E. POLICARPA SALAVARRIETA,CLL 100B No 78 -36 BARRIO POLICARPA,-76.6125619653688,7.87721886440101,amarillo,2,887,4153,0.2136,25,110,58,3026,887
p0085,APARTADO,05045,,I.E.R. BARTOLOME CATAÑO VALLEJO,CGTO SAN JOSE DE APARTADO,-76.5599981466408,7.88399913947635,amarillo,2,89,739,0.1204,6,12,4,616,89
p0086,APARTADO,05045,,I.E.R CHURIDO PUEBLO,CGTO CHURIDO,-76.6674041748046,7.86576246015549,amarillo,2,132,843,0.1566,6,23,10,665,132
p0087,APARTADO,05045,,I.E.R. EL REPOSO,CGTO EL REPOSO,-76.656185016891,7.80065588359359,amarillo,2,768,2926,0.2625,16,87,66,1962,768
p0088,APARTADO,05045,,I.E.R PUERTO GIRON,CGTO PUERTO GIRON,-76.7368914566753,7.9052345501897,amarillo,2,51,456,0.1118,3,7,8,361,51
p0089,APARTADO,05045,,I. E. SAN FRANCISCO DE ASIS,CALLE 100 No. 84 - 60,-76.6240525425407,7.88146456831531,amarillo,2,1185,5093,0.2327,26,215,91,3517,1185
p0090,APARTADO,05045,,I. E. SAN PEDRO CLAVER,CARRERA 100 No 81-30,-76.6226528320653,7.88065297227949,amarillo,2,839,4056,0.2069,25,97,95,2972,839
p0091,APARTADO,05045,,I. E. SANTA MARIA LA ANTIGUA,CLL 102C No 81 - 44 BARRIO SANTA MARIA,-76.6151748283853,7.88070290561309,amarillo,2,205,956,0.2144,5,28,21,691,205
p0092,APARTADO,05045,,SD 20 DE ENERO I.E. LA PAZ,CRA 76 No 102D - 02 BARRIO 20 DE ENERO,-76.6086366509262,7.87969735145359,amarillo,2,172,1221,0.1409,10,21,15,988,172
p0093,APARTADO,05045,,SENA REGIONAL APARTADO,KM. 1 SALIDA TURBO APARTADO,-76.6306965982035,7.89084569312832,amarillo,2,101,378,0.2672,3,12,17,245,101
p0094,APARTADO,05045,,UNIVERSIDAD COOPERATIVA,CL 91 #96A - 55,-76.6316581462739,7.87735152692179,amarillo,2,67,201,0.3333,2,8,13,111,67
p0095,ARBOLETES,05051,,C.E.R BUENOS AIRES,CORREGIMIENTO BUENOS AIRES,-76.28036541,8.60982869699999,verde,1,209,393,0.5318,4,25,4,143,209
p0096,ARBOLETES,05051,,C.E.R EL CARMELO,"CORREGIMIENTO EL
CARMELO",-76.3823582,8.61293,verde,1,329,498,0.6606,4,21,3,138,329
p0097,ARBOLETES,05051,,I.E GUADUAL,CORREGIMIENTO GUADUAL,-76.3852505099999,8.48674618599999,verde,1,337,497,0.6781,5,50,7,88,337
p0098,ARBOLETES,05051,,I.E LA CANDELARIA,CORREGIMIENTO LA CANDELARIA,-76.4518883299999,8.658594039,verde,1,402,753,0.5339,5,42,12,282,402
p0099,ARBOLETES,05051,,I.E LA TRINIDAD,"CORREGIMIENTO LA
TRINIDAD",-76.5102199931152,8.62533717252546,verde,1,393,651,0.6037,6,48,6,194,393
p0100,ARBOLETES,05051,,I.E LAS NARANJITAS,CORREGIMIENTO LAS NARANJITAS,-76.3347230599999,8.529332496,verde,1,230,309,0.7443,3,15,1,57,230
p0101,ARBOLETES,05051,,I.E. MIGUEL VICENTE GARRIDO,CARRERA 30 N 25-61,-76.426293676647,8.84906458848174,amarillo,2,2522,5848,0.4313,38,169,113,2966,2522
p0102,ARBOLETES,05051,,I.E PAJILLAL,CORREGIMIENTO PAJILLAL,-76.441067,8.75697,amarillo,2,81,259,0.3127,3,7,4,161,81
p0103,ARBOLETES,05051,,I.E SANTA FE DE LAS PLATAS,CORREGIMIENTO SANTAFE DE LAS PLATAS,-76.4433793499999,8.58066637599999,verde,1,334,472,0.7076,4,36,1,91,334
p0104,ARGELIA,05055,,I.E. SANTA TERESA,CALLE 31 No. 26-78,-75.1395702487411,5.7313173425369,verde,1,1783,2792,0.6386,17,536,41,315,1783
p0105,ARGELIA,05055,,SD BUENOS AIRES I.E. STA TERESA,VRDA. BUENOS AIRES,-75.0697188699999,5.70026258282217,verde,1,10,13,0.7692,1,1,0,2,10
p0106,ARGELIA,05055,,SD EL PITAL I.E. PBRO MARIO ANGEL,VRDA. EL PITAL,-75.1033218457942,5.67328874889403,verde,1,45,83,0.5422,1,33,0,2,45
p0107,ARGELIA,05055,,SD EL ROSARIO I.E STA. TERESA,VRDA. EL ROSARIO,-75.1025,5.73194444399999,verde,1,54,89,0.6067,1,27,2,3,54
p0108,ARGELIA,05055,,SD GUADUALITO I.E. STA TERESA,VRDA. GUADUALITO,-74.9238009452819,5.74526393225445,verde,1,11,22,0.5,1,5,0,5,11
p0109,ARGELIA,05055,,SD MESONES I.E STA TERESA,VRDA MESONES,-75.0160514677334,5.73418523534863,amarillo,2,4,15,0.2667,1,8,0,3,4
p0110,ARGELIA,05055,,SD SAN AGUSTIN I.E. PBRO MARIO ANGEL,VRDA. SAN AGUSTIN,-75.1327514648436,5.73077718340787,amarillo,2,39,109,0.3578,1,60,0,4,39
p0111,ARMENIA,05059,,I.E ROSA MESA DE MEJIA,"CALLE 10 No. 7-30 I.E. ROSA
MESA DE MEJIA",-75.7864177644045,6.1578685711937,verde,1,1172,1924,0.6091,12,317,42,339,1172
p0112,ARMENIA,05059,,SD LA HERRADURA I.E ROSA MESA DE MEJIA,"CORREGIMIENTO LA
HERRADURA",-75.806359408836,6.14666006869043,verde,1,139,299,0.4649,2,82,8,61,139
p0113,BARBOSA,05079,,BIBLIOTECA ISOLDA ECHAVARRIA,CL. 15 No. 10 - 50,-75.3293224715638,6.435859176595,verde,1,628,1091,0.5756,6,177,47,216,628
p0114,BARBOSA,05079,,C.A.S DIEGO FERNANDEZ BARBOSA,CR. 21 No. 11 - 30,-75.3337919086688,6.43804159991233,verde,1,685,1217,0.5629,7,194,33,256,685
p0115,BARBOSA,05079,,CARCEL,KR 10 # 16 - 60,-75.3284163718772,6.43601121499908,amarillo,2,3,9,0.3333,1,1,0,4,3
p0116,BARBOSA,05079,,CENTRO DE EDUCACION SUPERIOR,CRA 14 No 15-32,-75.3305257387941,6.43719806546709,verde,1,657,1354,0.4852,7,138,69,451,657
p0117,BARBOSA,05079,,COL. COOPERATIVO SIMÓN BOLIVAR,CR. 11 No. 15 - 41,-75.3293437596209,6.43613530640385,verde,1,729,1366,0.5337,8,151,85,372,729
p0118,BARBOSA,05079,,I.E. MANUEL JOSE CAICEDO,CL. 16 CR. 8 - 2 INT. 110,-75.3273106532788,6.43461257403201,verde,1,1566,3647,0.4294,24,303,276,1407,1566
p0119,BARBOSA,05079,,I.E.R. EL HATILLO,CORREGIMIENTO EL HATILLO,-75.3921408215593,6.413508194126,verde,1,1481,3006,0.4927,17,321,174,922,1481
p0120,BARBOSA,05079,,IE LUIS EDUARDO ARIAS,Cll. 15 #08-103,-75.3287075456223,6.43470727095472,verde,1,2283,4240,0.5384,23,567,216,1053,2283
p0121,BARBOSA,05079,,PBRO. LUIS EDUARDO PEREZ MOLINA,CL. 15 No. 8 - 179,-75.3290933874096,6.43509283253563,verde,1,1562,3021,0.517,18,497,131,738,1562
p0122,BARBOSA,05079,,UNIDAD DEPORTIVA LOS BUCAROS,CLL 20 No 19-24,-75.3305130472892,6.44092974152734,verde,1,2023,4348,0.4653,27,380,313,1510,2023
p0123,BELLO,05088,,BETSABE ESPINAL,"AV 33 NRO 59 33 BR
TERRANOVA",-75.5418956279754,6.34402582708709,verde,1,3580,6977,0.5131,26,455,749,2097,3580
p0124,BELLO,05088,,CARCEL NACIONAL DE BELLAVISTA,DIAG 44 #39 -145,-75.5443854199999,6.33083390699999,amarillo,2,65,236,0.2754,2,23,18,122,65
p0125,BELLO,05088,,CENTRO EDUCAT RAQUEL JARAMILLO,CL 21 A 66 43,-75.5749189853668,6.31241932338589,verde,1,2376,4547,0.5225,25,434,325,1286,2376
p0126,BELLO,05088,,COL JESUS DE LA BUENA ESPERANZ,"CL 49 47 - 10 BARRIO
MANCHESTER",-75.5563366413116,6.33440225672819,verde,1,4671,7631,0.6121,40,812,417,1590,4671
p0127,BELLO,05088,,COL NUESTRA SEÑORA DE CHIQUINQ,DG 61 NO 42-78,-75.549223423004,6.34367127768171,verde,1,3148,6077,0.518,26,431,606,1793,3148
p0128,BELLO,05088,,COLEGIO ANA MARIA JANER,DIG 53 NRO 43-81,-75.55087,6.33788,verde,1,248,455,0.5451,2,29,50,114,248
p0129,BELLO,05088,,COLEGIO BETHLEMITAS,CL 24A NRO 51-52,-75.55889,6.31424,verde,1,748,1355,0.552,5,84,150,359,748
p0130,BELLO,05088,,COLEGIO CARMELITANO,CL 57 NRO 62 - 34,-75.56683,6.34073,verde,1,367,691,0.5311,3,53,50,208,367
p0131,BELLO,05088,,COLEGIO LA SALLE,CL 45 57 44,-75.5645012855528,6.33125123152537,verde,1,5465,10234,0.534,45,935,973,2712,5465
p0132,BELLO,05088,,COLEGIO MANO AMIGA,"CARRERA 66 No 59A 80 EL
TRAPICHE",-75.5692,6.34483,verde,1,4300,8440,0.5095,35,620,731,2642,4300
p0133,BELLO,05088,,COLEGIO PARROQUIAL SAN FCO DE ASIS,KR 58 27B-21,-75.5639809367739,6.31750592613908,verde,1,3735,6440,0.58,29,548,649,1438,3735
p0134,BELLO,05088,,COLEGIO SAN BUENAVENTURA,CRA 51A 23-83,-75.5591475963591,6.31364565763424,verde,1,3278,5443,0.6022,23,414,579,1126,3278
p0135,BELLO,05088,,I.E. ANDRES BELLO,KR 50 #54 -28,-75.55886298,6.33784456199999,verde,1,4019,6341,0.6338,22,607,392,1210,4019
p0136,BELLO,05088,,I.E. ATANASIO GIRARDOT,CL 24 A NO 59 A 114,-75.569758415222,6.31412552676682,verde,1,3542,7176,0.4936,43,356,705,2418,3542
p0137,BELLO,05088,,I.E CARLOS PEREZ SEDE ROSALIA,CLL 53 A NO 57 A 34,-75.565273761749,6.33895014919964,verde,1,1886,4480,0.421,20,302,438,1772,1886
p0138,BELLO,05088,,I.E. CIAL ANTONIO ROLDAN,DG 65 45DD 215,-75.5531255675531,6.34598262667972,verde,1,2137,3786,0.5644,18,454,259,855,2137
p0139,BELLO,05088,,I.E. CONCEJO DE BELLO,DIAG 56 45 42,-75.553354024887,6.34066692819449,verde,1,3544,6671,0.5313,30,529,543,1918,3544
p0140,BELLO,05088,,I.E DIVINA EUCARISTIA,CRA 53 NRO 51-28,-75.56087,6.3351,verde,1,200,394,0.5076,2,38,23,129,200
p0141,BELLO,05088,,I.E FE Y ALEGRIA NUEVA GENERAC,AV 38 61 02,-75.5464017391203,6.34412179530535,verde,1,3929,7568,0.5192,30,697,619,2204,3929
p0142,BELLO,05088,,I.E FEDERICO SIERRA ARANGO,CR 43B #20E -40,-75.55308986,6.308767856,verde,1,2782,5064,0.5494,30,493,329,1317,2782
p0143,BELLO,05088,,I.E. FERNANDO VELEZ,CR 58 A NO 52C 135,-75.567419528961,6.33762257394572,verde,1,3340,6339,0.5269,30,681,471,1705,3340
p0144,BELLO,05088,,I.E FONTIDUEÑO JAIME ARANGO R,DIAG 44 #32 -84,-75.5363970994949,6.33425297001226,verde,1,2621,5251,0.4991,25,410,401,1699,2621
p0145,BELLO,05088,,I.E. GILBERTO ECHEVERRI MEJIA,CL 68 49A 41 BR MIRADOR,-75.5586272478076,6.34788853374588,verde,1,2386,4793,0.4978,21,452,402,1468,2386
p0146,BELLO,05088,,I.E. HERNAN VILLA BAENA,CL 69 # 60 235,-75.5657029151915,6.34854697706008,verde,1,3579,6159,0.5811,30,654,364,1438,3579
p0147,BELLO,05088,,I.E. LA GABRIELA,CL 31 #43 -94,-75.5507843799998,6.319204044,verde,1,2243,4612,0.4863,23,403,333,1499,2243
p0148,BELLO,05088,,I.E. LA MILAGROSA,CL 62 A 54-51,-75.5609902739523,6.34259963062792,verde,1,3071,5733,0.5357,26,487,403,1594,3071
p0149,BELLO,05088,,I.E LA UNION SAN FELIX,KILOMETRO 16 VIA BELLO SAN FELIX VEREDA LA UNION,-75.6209,6.37994,verde,1,80,131,0.6107,1,17,9,19,80
p0150,BELLO,05088,,I.E. LAS VEGAS,DIAG 45 #35 -85,-75.5416059494017,6.33185904499041,verde,1,1855,3395,0.5464,15,240,235,984,1855
p0151,BELLO,05088,,I.E MARCO FIDEL SUAREZ SEDE NAZARETH,CALLE 51 # 58-55,-75.5651002199999,6.33437635199999,verde,1,1923,4175,0.4606,22,277,416,1473,1923
p0152,BELLO,05088,,I.E. NAVARRA,DIAG 57 #20 - 46,-75.5315825343132,6.34652366072163,verde,1,1665,2970,0.5606,11,258,276,733,1665
p0153,BELLO,05088,,I.E. SAN FELIX,"KILOMETRO 22 VIA
MEDELLIN SAN PEDRO",-75.6088965899999,6.33997477399999,verde,1,1005,1660,0.6054,8,253,100,251,1005
p0154,BELLO,05088,,I.E SAN GABRIEL ARCANGEL,AV 14 B # 53B - 111,-75.52386,6.34621,verde,1,216,451,0.4789,2,46,27,154,216
p0155,BELLO,05088,,I.E. SAN JUDAS BARRIO PARIS,CRA 75 # 21-60,-75.57993,6.31399,verde,1,128,299,0.4281,2,13,16,126,128
p0156,BELLO,05088,,I.E. SANTA CATALINA,CL 56 46 14,-75.5559396743773,6.33927004633944,verde,1,2731,5033,0.5426,23,465,426,1326,2731
p0157,BELLO,05088,,I.E. TOMAS CADAVID RESTREPO,CALLE 55 No 38-170,-75.56,6.32399999999999,verde,1,3338,5600,0.5961,25,512,446,1232,3338
p0158,BELLO,05088,,IE BARRIO PARIS,CARRERA 76 No 20F-59,-75.5815819999999,6.313545,verde,1,989,2070,0.4778,13,111,172,723,989
p0159,BELLO,05088,,IE JORGE ELIECER GAITAN,CARRERA 50 No 53-64,-75.5587666325078,6.33705260135115,verde,1,5062,9261,0.5466,46,947,649,2453,5062
p0160,BELLO,05088,,IE JOSEFA CAMPOS,DIAGONAL 65 No 45BB-137,-75.5525279045103,6.3462864070335,verde,1,2888,6084,0.4747,27,435,500,2130,2888
p0161,BELLO,05088,,IE SAGRADO CORAZON,CALLE 47 No 48-38,-75.5567631125449,6.33326927610737,verde,1,1457,2946,0.4946,19,181,247,985,1457
p0162,BELLO,05088,,IE SUAREZ DE LA PRESENTACION,CRA 55 No 35-41,-75.5590169,6.312839406,verde,1,3402,6955,0.4891,35,479,952,2042,3402
p0163,BELLO,05088,,IE VILLA DEL SOL SEC 1,CALLE 72A No 63A-50,-75.5667355656622,6.35132469220751,verde,1,3854,8323,0.4631,39,563,761,2955,3854
p0164,BELLO,05088,,IE ZAMORA CENTENARIO,CALLE 21 CC No 41C-42,-75.54982099,6.30719803199999,amarillo,2,822,2037,0.4035,13,120,176,854,822
p0165,BELLO,05088,,INST. UNIVERSITARIA MARCO FIDEL SUAREZ,CLL 48 No 50-30,-75.5584824085235,6.33313864994649,verde,1,2740,5973,0.4587,34,431,571,2097,2740
p0166,BELLO,05088,,MEGACOLEGIO I.E. BARRIO PARIS,CRA 78 No 20D-85,-75.5833054499999,6.313474192,verde,1,1416,2717,0.5212,16,250,176,767,1416
p0167,BELLO,05088,,SD 2 I.E. LA GABRIELA,CALLE 31 NRO 43B-38,-75.55121,6.3193,amarillo,2,399,945,0.4222,4,66,65,402,399
p0168,BELLO,05088,,SD AVENIDAS LICEO ANTIOQUEÑO,CR 56 NRO 32-08,-75.56137,6.32014,verde,1,276,472,0.5847,2,39,48,99,276
p0169,BELLO,05088,,SD EL TREBOL I.E. NAVARRA,AV. 20 No 54-180 INT 110,-75.53,6.346,verde,1,812,1586,0.512,7,109,164,480,812
p0170,BELLO,05088,,SD JOSE MARIA GRIJELMO FE Y ALEGRIA,"KM 7 ANTIGUA VIA GUARNE
BARRIO EL PINAR",-75.535058,6.306226,verde,1,449,902,0.4978,5,113,25,259,449
p0171,BELLO,05088,,SD PRADERA I.E ALBERTO DIAZ MUÑOZ,KR 75 No 20D-23,-75.5812852084635,6.31134894449003,verde,1,758,1588,0.4773,9,138,118,529,758
p0172,BELLO,05088,,SD PRINCIPAL I.E. ALBERTO DIAZ MUÑOZ,CL 20 F 78 A 07,-75.5834242699273,6.31337639667877,verde,1,1960,4008,0.489,21,423,272,1219,1960
p0173,BELLO,05088,,SD SERRAMONTE LICEO ANTIOQUEÑO,CR 59BB NRO 40A-24,-75.56857,6.32712,verde,1,334,638,0.5235,3,59,77,166,334
p0174,BELLO,05088,,"SEC PRIMARIA IE FONTIDUEÑO JAIME
ARANGO",AVENIDA 31 # 43 - 105,-75.53638,6.33408,amarillo,2,44,128,0.3438,1,11,20,52,44
p0175,BELLO,05088,,"SECC VILLA LINDA IE ANTONIO MARIA
BEDOYA",CLL 83 B # 67-21,-75.57148,6.35963,verde,1,222,516,0.4302,2,27,40,213,222
p0176,BELLO,05088,,"TIERRA ADENTRO I.E. ANTONIO MARIA
BEDOYA",CR 69 NRO 77 -220,-75.57383,6.35838,verde,1,121,237,0.5105,1,19,24,64,121
p0177,BELLO,05088,,UNIVERSIDAD PUBLICA DE BELLO,CR 50 # 46 - 45,-75.55807471,6.337264183,verde,1,4484,7006,0.64,26,477,290,1554,4484
p0178,BELMIRA,05086,,C.E.R. PLAYAS,VEREDA LAS PLAYAS,-75.6265684446179,6.54975351826916,verde,1,270,476,0.5672,4,89,22,71,270
p0179,BELMIRA,05086,,C.E.R. QUEBRADITAS.,VEREDA QUEBRADITAS,-75.6420707702634,6.75097592148157,verde,1,17,29,0.5862,1,6,2,3,17
p0180,BELMIRA,05086,,I.E.R. CARLOS GONZALEZ.,VEREDA ZANCUDITO,-75.6018512304305,6.52634776095612,verde,1,141,274,0.5146,2,42,31,49,141
p0181,BELMIRA,05086,,I.E.R. LABORES,CORREGIMIENTO LABORES,-75.6123518943785,6.70972440953304,verde,1,121,203,0.5961,2,42,10,20,121
p0182,BELMIRA,05086,,IE PRESBITERO RICARDO LUIS GUTIERREZ T.,CRA 21 No 15 - 71,-75.6649522676072,6.60292656473604,verde,1,1062,1678,0.6329,10,269,93,208,1062
p0183,BETANIA,05091,,I.E. LA LIBIA,CORREGIMIENTO LA LIBIA,-75.923285,5.730316,verde,1,106,210,0.5048,2,72,7,18,106
p0184,BETANIA,05091,,I.E. PERLA DEL CITARA,CALLE 20 N 16 -56,-75.9753027799998,5.744213889,verde,1,2259,3354,0.6735,23,399,97,476,2259
p0185,BETULIA,05093,,CASETA COMUNAL,VDA EL YERBAL,-76.0161641892002,6.1584749740651,verde,1,143,201,0.7114,2,29,8,14,143
p0186,BETULIA,05093,,CER LA GUAMALA,"CORREGIMIENTO LUCIANO
RESTREPO",-76.0003896149182,6.25198836064406,verde,1,413,612,0.6748,4,91,22,58,413
p0187,BETULIA,05093,,CER LEONOR ANGEL VANEGAS,CORREGMIENTO CANGREJO,-75.8473055644165,6.20850716155392,verde,1,40,50,0.8,1,0,2,7,40
p0188,BETULIA,05093,,COLISEO IVAN ARANGO ARCILA,CRA 20 No 22-32,-75.9838606417178,6.11410727488546,verde,1,1148,1748,0.6568,15,217,56,240,1148
p0189,BETULIA,05093,,COLISEO MARIO GIL,CALLE 20 N 19 21,-75.9841196818481,6.11317466975295,verde,1,1269,1816,0.6988,13,304,23,155,1269
p0190,BETULIA,05093,,E.U. FRANCISCO CESAR,"SECTOR SANTA TERESA
CGTO ALTAMIRA",-75.9502887725829,6.22008405144666,verde,1,568,1074,0.5289,7,319,13,131,568
p0191,BOLIVAR,05101,,CARCEL,CLL. 49 # 37 - 81,-76.0301322199998,5.85077800599999,verde,1,19,44,0.4318,1,9,0,11,19
p0192,BOLIVAR,05101,,COLISEO CUBIERTO,CL 49 # 43 - 80,-76.0233765499998,5.85102689999999,verde,1,1938,3125,0.6202,20,486,118,503,1938
p0193,BOLIVAR,05101,,I. E. FARALLONES DEL CITARA,"CORREGIMIENTO
FARALLONES",-76.0285149999998,5.79973199999999,verde,1,230,439,0.5239,3,79,8,112,230
p0194,BOLIVAR,05101,,I.E JOSE MARIA HERRAN,KR 72 # 50-23 BL DOS,-76.0258299199998,5.85092023099999,verde,1,1774,2570,0.6903,15,355,47,320,1774
p0195,BOLIVAR,05101,,I. E. JUAN TAMAYO,"CORREGIMIENTO ALFONSO
LOPEZ",-75.9567759999999,5.89498799999999,verde,1,322,434,0.7419,3,51,3,41,322
p0196,BOLIVAR,05101,,I.E.MARIA AUXILIADORA,CL 48 # 54 - 43 BL DOS,-76.01267414,5.846297929,verde,1,1573,2369,0.664,15,344,68,311,1573
p0197,BOLIVAR,05101,,I.E PAULINA PUERTA,"CORREGIMEINTO LA LINDA
EL TRES",-76.0233709999998,5.87287599999999,verde,1,103,174,0.592,1,54,6,9,103
p0198,BOLIVAR,05101,,I. E SAN JOSE DEL CITARA,KRA 47B No. 46 A -139,-76.0183177999999,5.84786668,verde,1,1564,2415,0.6476,13,413,51,335,1564
p0199,BRICEÑO,05107,,C.E. LAS CRUCES,CORREGIMIENTO LAS AURAS,-75.5151418099999,7.19374363399999,verde,1,106,177,0.5989,2,26,9,31,106
p0200,BRICEÑO,05107,,C.E.R. BUENAVISTA,VEREDA BUENAVISTA,-75.65268643,7.04748892699999,verde,1,27,58,0.4655,1,12,3,11,27
p0201,BRICEÑO,05107,,C.E.R. CHIRI,VEREDA CHIRI,-75.6708231599998,7.07871016899999,verde,1,40,69,0.5797,1,0,0,23,40
p0202,BRICEÑO,05107,,C.E.R. CHORRILLOS,"CORREGIMIENTO DE
CHORRILLOS",-75.4955839999999,7.083165,verde,1,86,98,0.8776,1,6,0,5,86
p0203,BRICEÑO,05107,,C.E.R. EL ROBLAL,VEREDA EL ROBLAL,-75.5928494099999,7.140204539,verde,1,56,128,0.4375,2,7,4,52,56
p0204,BRICEÑO,05107,,C.E.R. MORAVIA,VEREDA MORAVIA,-75.5511111099998,7.064444444,verde,1,43,73,0.589,1,9,2,17,43
p0205,BRICEÑO,05107,,C.E.R. PESCADO CAPITAN,CORREGIMIENTO DE BERLIN,-75.6233569999998,7.070221505,amarillo,2,28,90,0.3111,1,9,0,44,28
p0206,BRICEÑO,05107,,C.E.R.VEREDA EL ANIME,VEREDA EL ANIME,-75.5283333299999,7.02111111099999,verde,1,16,31,0.5161,1,5,0,4,16
p0207,BRICEÑO,05107,,I.E. ANTONIO ROLDAN BETANCUR,CRA. 7 No. 10-42,-75.550294897464,7.11116079624972,verde,1,620,1034,0.5996,13,49,42,250,620
p0208,BURITICA,05113,,CASETA COMUNAL,"CORREGIMIENTO LA
ANGELINA",-75.8929749999998,6.720117,amarillo,2,16,129,0.124,1,0,2,107,16
p0209,BURITICA,05113,,I.E.R. ADOLFO MORENO USUGA,CORREGIMIENTO TABACAL,-75.9142299999999,6.805799,verde,1,272,432,0.6296,4,60,14,69,272
p0210,BURITICA,05113,,I.E.R. GUARCO,CORREGIMIENTO GUARCO,-75.9414129999999,6.727151,verde,1,24,54,0.4444,1,17,1,12,24
p0211,BURITICA,05113,,I.E.R. URARCO,"CORREGIMIENTO LLANOS DE
URARCO",-75.9168339999998,6.910705,verde,1,58,102,0.5686,1,27,2,14,58
p0212,BURITICA,05113,,I.E. SANTA GEMA,CLL 4 # 4-39 I.E.SANTA GEMA,-75.9064347599999,6.720527696,verde,1,1236,2402,0.5146,18,245,68,788,1236
p0213,BURITICA,05113,,INSPECCION DE POLICIA,"CORREGIMIENTO EL
NARANJO",-75.897688,6.69390399999999,verde,1,143,244,0.5861,2,10,4,85,143
p0214,CACERES,05120,,C.E.R EL TIGRE,VEREDA EL TIGRE,-75.2048233319854,7.60380150128063,amarillo,2,27,173,0.1561,2,10,0,131,27
p0215,CACERES,05120,,I.E. COL. GUARUMO,CORREGIMIENTO GUARUMO,-75.2085971599999,7.85425467199999,amarillo,2,365,1184,0.3083,10,18,6,761,365
p0216,CACERES,05120,,I.E. ESC. MANIZALEZ,CORREGIMIENTO MANIZALEZ,-75.4147222199999,7.836388889,amarillo,2,112,250,0.448,3,6,0,125,112
p0217,CACERES,05120,,I.E. ESC. PIAMONTE,CORREGIMIENTO PIAMONTE,-75.20296005,7.783459156,amarillo,2,83,246,0.3374,4,34,5,115,83
p0218,CACERES,05120,,I.E. GASPAR DE RODAS JARDIN SEDE 2,CORREGIMIENTO JARDIN,-75.2546723894872,7.75439902850447,amarillo,2,755,1749,0.4317,16,77,11,821,755
p0219,CACERES,05120,,IE AURELIO MEJIA PTO BELGICA,"CORREGIMIENTO PTO
BELGICA",-75.2840152305087,7.66589527208094,amarillo,2,245,652,0.3758,6,10,3,377,245
p0220,CACERES,05120,,IE MONSEÑOR GERARDO PATIÑO,CL 49 # 49-49,-75.3474924162056,7.5820449018319,amarillo,2,473,1753,0.2698,21,34,19,1161,473
p0221,CACERES,05120,,SEDE SAN PABLO - C.E.R. EL TIGRE,VEREDA SAN PABLO,-75.169296533313,7.5548731934606,amarillo,2,39,206,0.1893,2,2,6,144,39
p0222,CAICEDO,05125,,COLISEO CUBIERTO,KM 15 VEREDA SALAZAR,-75.92694444,6.38388888899999,verde,1,52,112,0.4643,1,36,0,6,52
p0223,CAICEDO,05125,,SD PRINCIPAL I.E. SAN JUAN BOSCO,CRA 4 No 2-54,-75.9824315799999,6.40505563999999,verde,1,1311,2825,0.4641,20,796,122,487,1311
p0224,CALDAS,05129,,C.D.I. TRES AGUAS,CRA 49 N 125 SUR 72,-75.6344697235825,6.09654576065438,verde,1,175,421,0.4157,2,28,39,171,175
p0225,CALDAS,05129,,CENTRO ARTISTICO Y CULTURAL,CLL 129 SUR No 48-70,-75.6346288962009,6.08874578561933,verde,1,2459,4692,0.5241,20,505,347,1286,2459
p0226,CALDAS,05129,,CENTRO INTEGRACION CIUDADANA,CRA 42 No 127 SUR - 26,-75.6292725218523,6.09440262870197,verde,1,774,1647,0.4699,7,156,202,478,774
p0227,CALDAS,05129,,COLEGIO CAMPESTRE MONTEALEGRE,CRA 50 N 108 SUR 151,-75.637348696533,6.11059438302735,verde,1,160,361,0.4432,2,23,32,133,160
p0228,CALDAS,05129,,COLISEO,CARRERA 46 No 132SUR-50,-75.6325542124367,6.08960058332295,verde,1,2063,4747,0.4346,27,310,522,1756,2063
p0229,CALDAS,05129,,I.E. FEDERICO ANGEL,KR 49 # 139SUR - 31,-75.6625118020313,6.08522256379086,verde,1,2051,4112,0.4988,18,425,344,1186,2051
p0230,CALDAS,05129,,I.E.GABRIEL ECHAVARRIA,KR 50 # 108 SUR 05,-75.636554725037,6.11031134588921,amarillo,2,683,1856,0.368,12,114,218,791,683
p0231,CALDAS,05129,,I.E. JOAQUIN ARISTIZABAL,CL 128 SUR No 51 - 50,-75.6380004350074,6.0950907266155,verde,1,3113,5455,0.5707,26,640,431,1163,3113
p0232,CALDAS,05129,,I.E JORGE VALENCIA,CL 128 SUR N 59 - 12,-75.6436523833925,6.09163322820214,amarillo,2,112,311,0.3601,2,24,25,138,112
p0233,CALDAS,05129,,I.E JOSE MARIA BERNAL,CL 127 SUR No 54-51,-75.6436491686041,6.09140485600487,verde,1,2404,5109,0.4705,25,407,506,1706,2404
p0234,CALDAS,05129,,I.E. MARIA AUXILIADORA,KR 49 # 131SUR - 23,-75.6352806339425,6.09023801338523,verde,1,3468,6587,0.5265,27,715,665,1601,3468
p0235,CALDAS,05129,,I.E.R. DARIO GUTIERREZ RAVE,CL 155 SUR N 52 07,-75.6350868213447,6.06972545271442,verde,1,122,279,0.4373,1,30,24,97,122
p0236,CALDAS,05129,,I.E. SANTA INES,CRA 47 No 136SUR-19,-75.6327218489349,6.08409971518707,verde,1,989,2027,0.4879,8,183,222,590,989
p0237,CALDAS,05129,,I.E. SANTA MARIA GORETTI,DIAG. 53 # 126A SUR - 49,-75.6373647542497,6.09453331334608,verde,1,2315,4517,0.5125,20,529,392,1173,2315
p0238,CALDAS,05129,,PARQUE HABITAT DEL SUR,CALLE 142A SUR No. 50 - 15,-75.6346224509509,6.08050243849803,verde,1,1497,3350,0.4469,16,249,351,1166,1497
p0239,CAMPAMENTO,05134,,COLISEO MUNICIPAL DE CAMPAMENTO,CALLE 11 20-36,-75.301620393562,6.9792965044702,verde,1,1028,1764,0.5828,19,199,70,374,1028
p0240,CAMPAMENTO,05134,,ESCUELA LA CHIQUITA,VEREDA LA CHIQUITA,-75.247075575061,6.97051622492633,verde,1,67,132,0.5076,1,12,13,25,67
p0241,CAMPAMENTO,05134,,ESCUELA NORIZAL,VEREDA NORIZAL,-75.2833323611133,7.05320778312412,verde,1,36,71,0.507,2,4,2,27,36
p0248,CARACOLI,05142,,C.E.R. EL BAGRE,VEREDA EL BAGRE,-74.8210383940656,6.41450561643268,verde,1,33,38,0.8684,1,2,0,1,33
p0249,CARACOLI,05142,,C.E.R. GABRIEL HENAO JARAMILLO,VEREDA LA CORTADA,-74.7000789642332,6.3825529613721,verde,1,17,32,0.5312,1,6,4,2,17
p0250,CARACOLI,05142,,C.E.R. HELOINA BEDOYA,VEREDA CASCARON,-74.7664236237791,6.42375500886725,amarillo,2,16,55,0.2909,1,12,0,19,16
p0251,CARACOLI,05142,,I.E. GABRIEL CORREA VELEZ,CALLE 22 N. 21B-10,-74.7573766750413,6.41050419767319,verde,1,1063,1811,0.587,13,228,30,423,1063
p0252,CARAMANTA,05145,,C.E.R JUAN DE LA CRUZ VALENCIA,CORREGIMIENTO SUCRE,-75.6062475993115,5.57995471198419,verde,1,66,150,0.44,1,58,4,15,66
p0253,CARAMANTA,05145,,C.E.R MARGARITA MARIA,"CORREGIMIENTO BARRO
BLANCO",-75.6723758499998,5.580977361,verde,1,40,80,0.5,1,29,2,8,40
p0254,CARAMANTA,05145,,I.E JUAN PABLO GOMEZ OCHOA,"CARRERA 19 LETICIA No. 18-
48",-75.642758896721,5.54788837679947,verde,1,948,1846,0.5135,12,464,75,323,948
p0255,CARAMANTA,05145,,I.E.R ALEGRIAS,CORREGIMIENTO ALEGRIAS,-75.6101469999998,5.55015699999999,verde,1,114,281,0.4057,2,108,5,41,114
p0256,CAREPA,05147,,C.E.R. VIJAGUAL,VEREDA CASA VERDE,-76.6609001,7.788933,amarillo,2,42,202,0.2079,2,7,4,145,42
p0257,CAREPA,05147,,COLISEO CUBIERTO,"CALLE 78 No. 76 - 63 BARRIO
20 DE JULIO",-76.6555595397948,7.75335201923732,amarillo,2,582,1805,0.3224,14,82,54,1048,582
p0258,CAREPA,05147,,CREM CENTRO DE RECURSOS EDUCATIVOS,"Cra. 81 No.81-20 Barrio Los
Pinos",-76.660076379776,7.75876569542716,amarillo,2,331,892,0.3711,7,60,41,447,331
p0259,CAREPA,05147,,I.E. ACAIDANA,"CL 67 NO 64 -61 BR.
ACAIDANÁ",-76.6503272205591,7.74972558796001,amarillo,2,549,1703,0.3224,13,62,44,1018,549
p0260,CAREPA,05147,,I.E. COLOMBIA Sede OBRERO,Cra. 65b Nro. 80b -51,-76.6536530461076,7.75741270197875,amarillo,2,37,138,0.2681,1,0,7,89,37
p0261,CAREPA,05147,,I.E. J.M.M Sede SAN MARINO,"Cra.65 No. 76A-10 Urb. San
Marino",-76.6506913304328,7.75388089887247,amarillo,2,520,1652,0.3148,12,60,33,1002,520
p0262,CAREPA,05147,,I.E. LICEO LUIS CARLOS GALAN S,CLL.80 #73 CTRO.,-76.6555099189281,7.75677643664716,amarillo,2,1094,3046,0.3592,20,132,56,1704,1094
p0263,CAREPA,05147,,"I.E. LUIS CARLOS GALAN SEDE MEGA
COLEGIO",Cll 80 Nro 67A-05,-76.6501550259665,7.75661177948678,amarillo,2,299,811,0.3687,4,32,22,447,299
p0264,CAREPA,05147,,I.E. PIEDRAS BLANCAS,"CORREGIMIENTO PIEDRAS
BLANCAS",-76.5562028317933,7.74581122605189,verde,1,502,891,0.5634,10,123,5,233,502
p0265,CAREPA,05147,,I.E.R. VILLA NELLY,"CORREGIMIENTO EL
SILENCIO - SECTOR EL ENCANTO",-76.7323677091341,7.74915368327228,amarillo,2,261,1200,0.2175,8,35,13,865,261
p0266,CAREPA,05147,,I.E. ZUNGO EMBARCADERO,"CORREGIMIENTO ZUNGO
EMBARCADERO",-76.7398564367037,7.8480515309542,amarillo,2,280,1494,0.1874,10,19,18,1131,280
p0267,CAREPA,05147,,IE LA CADENA,"CRA 56A No 80-309 B. LA
CADENA",-76.6419607400894,7.75720564959146,amarillo,2,167,596,0.2802,5,12,15,388,167
p0268,CAREPA,05147,,INST. EDUC. JOSE MARIA MUÑOZ,"CLL.81 #77-20 BR. PUEBLO
NUEVO",-76.6555099189281,7.75677643664716,amarillo,2,1178,3101,0.3799,16,197,56,1625,1178
p0269,CAREPA,05147,,INST. EDUCATIVA COLOMBIA,CR 67 A NO 82 A 15 BR. GAITA,-76.6523972153663,7.75918294690982,amarillo,2,635,2003,0.317,14,106,40,1179,635
p0270,CAREPA,05147,,PLACA POLIDEPORTIVA EL OASIS,CRA 73 No 62B - 16,-76.6591429710388,7.75324039631474,amarillo,2,435,1384,0.3143,9,59,51,828,435
p0271,CAREPA,05147,,PLACA POLIDEPORTIVA SAN MARINO,"CALLE 76 NRO 65 10 BARRIO
SAN MARINO",-76.6499905,7.7546724,amarillo,2,177,603,0.2935,4,18,17,389,177
p0272,CARMEN DE VIBORAL,05148,,C.E.R. ALTO GRANDE,"CORREGIMIENTO ALTO
GRANDE",-75.3242290019987,6.10374106567513,verde,1,158,249,0.6345,1,20,18,44,158
p0273,CARMEN DE VIBORAL,05148,,C.E.R. EL PORVENIR,CORREGIMIENTO SANTA RITA,-75.2294397354125,5.92344326184863,verde,1,15,47,0.3191,1,14,2,14,15
p0274,CARMEN DE VIBORAL,05148,,C.E.R. LA MADERA,CORREGIMIENTO LA MADERA,-75.3347050162248,6.01960668079419,verde,1,124,248,0.5,2,78,5,35,124
p0275,CARMEN DE VIBORAL,05148,,C.E.R.SANTA INES,"CORREGIMIENTO SANTA
INES",-75.1916098594664,5.97736183596656,verde,1,59,94,0.6277,1,27,2,3,59
p0276,CARMEN DE VIBORAL,05148,,CASA DE LA CULTURA,CARRERA 30 NRO 27 66,-75.3337805552612,6.08168865542401,verde,1,388,772,0.5026,3,69,70,226,388
p0277,CARMEN DE VIBORAL,05148,,CENTRO DE CONVENCIONES,KR 29 ENTRE CL 37 Y 38,-75.3351831436156,6.08401521109673,verde,1,3381,5886,0.5744,24,514,544,1321,3381
p0278,CARMEN DE VIBORAL,05148,,COLISEO MUNICIPAL,KR 29 # 31 - 46,-75.3351831436156,6.0841432319588,verde,1,3783,6939,0.5452,30,702,639,1675,3783
p0279,CARMEN DE VIBORAL,05148,,I. E. FRAY JULIO TOBON SEDE C,CARRERA 29 NRO 35 26,-75.3359992591858,6.0869942658946,verde,1,200,341,0.5865,2,20,34,84,200
p0280,CARMEN DE VIBORAL,05148,,I.E.R. CAMPESTRE NUEVO HORIZONTE,CORREGIMIENTO LA CHAPA,-75.3168368339537,6.05155093852529,verde,1,530,896,0.5915,4,72,53,203,530
p0281,CARMEN DE VIBORAL,05148,,I. E. R. SANTA MARIA,CORREGIMIENTO AGUAS CLARAS,-75.3786456584929,6.07375277296658,verde,1,1134,1818,0.6238,7,166,134,346,1134
p0282,CARMEN DE VIBORAL,05148,,I. E. T. I. JORGE ELIECER GAITAN,CARRERA 31 NRO 37 02,-75.3372030539642,6.08814569758652,verde,1,649,1185,0.5477,4,84,67,355,649
p0283,CARMEN DE VIBORAL,05148,,IE EL PROGRESO,CRA 33 No 15-30,-75.3317300282312,6.06946520759198,verde,1,3663,6259,0.5852,26,542,525,1394,3663
p0284,CARMEN DE VIBORAL,05148,,PARQUE EDUCATIVO,CARRERA 32 NRO 18 73,-75.3325781098588,6.07396230652866,verde,1,475,865,0.5491,3,61,78,241,475
p0285,CARMEN DE VIBORAL,05148,,POLIDEPORTIVO MUNICIPAL,CRA 29 No 28A-27,-75.3331439131574,6.08184487021924,verde,1,4531,7862,0.5763,31,794,621,1748,4531
p0286,CARMEN DE VIBORAL,05148,,PUESTO DE SALUD LA ESPERANZA,"CORREGIMIENTO LA
ESPERANZA",-75.2295684814452,6.04069400524768,verde,1,169,233,0.7253,2,17,12,30,169
p0287,CAROLINA,05150,,I.E. PRESBITERO JULIO TAMAYO C,CALLE 52 B Nº 52-159,-75.2803641557693,6.72598437224435,verde,1,1350,2322,0.5814,13,322,120,483,1350
p0288,CAUCASIA,05154,,C.E.R SANTA ROSITA,"CORREGIMIENTO DE SANTA
ROSITA",-75.29728519306,7.95705792802498,amarillo,2,17,108,0.1574,1,1,2,86,17
p0289,CAUCASIA,05154,,CARCEL,CL 17 CRR 9 ESQUINA,-75.2004524069587,7.97977998413064,amarillo,2,5,17,0.2941,1,1,2,9,5
p0290,CAUCASIA,05154,,"CER NO HAY COMO DIOS - SEDE SANTA
ELENA",CORREGIMIENTO EL PANDO,-75.0695545799999,7.793313275,amarillo,2,34,239,0.1423,2,32,1,162,34
p0291,CAUCASIA,05154,,"CER RIVERAS DEL CAUCA - SANTIAGO
CASTILL","CORREGIMIENTO DE
PALOMAR",-74.974136102362,7.99996104529177,amarillo,2,66,169,0.3905,2,3,2,95,66
p0292,CAUCASIA,05154,,CER VILLA FATIMA - SEDE VEINTE DE JULIO,"CORREGIMIENTO DE PUERTO
COLOMBIA",-75.0137540610836,7.57931030853981,amarillo,2,19,78,0.2436,1,2,0,46,19
p0293,CAUCASIA,05154,,COL MIL EL TESORO DEL SABER,CRA 23B CLL 11A,-75.2046626469365,7.98206453058912,verde,1,1005,2062,0.4874,13,58,72,885,1005
p0294,CAUCASIA,05154,,I.E. ANTIOQUIA LA GRANDE,TRONCAL DE OCCIDENTE,-75.2455816271925,8.00678497923742,amarillo,2,80,236,0.339,2,6,3,141,80
p0295,CAUCASIA,05154,,I.E. DIVINO NIÑO PRINCIPAL,CRA 1B # 8A-01,-75.1922659433395,7.98003626927992,amarillo,2,1089,3289,0.3311,20,84,40,1871,1089
p0296,CAUCASIA,05154,,I.E. LA MISERICORDIA PPAL,CRA 16 NO 12-51,-75.1999839520847,7.98253958752063,amarillo,2,1836,4131,0.4444,23,111,79,2024,1836
p0297,CAUCASIA,05154,,I.E. LA MISERICORDIA SAN RAFAEL,CRA 9 ENTRE CL 17 Y 18,-75.1969444399998,7.98722222199999,amarillo,2,407,1085,0.3751,8,29,37,592,407
p0298,CAUCASIA,05154,,I.E. LAS MALVINAS,CLL 3 ENTRE CRA 5 Y 6,-75.1811700950317,7.97141862231162,amarillo,2,761,1996,0.3813,12,62,39,1079,761
p0299,CAUCASIA,05154,,I.E. LICEO CAUCASIA,CRA 21 No 22-55,-75.2024297199998,7.990424722,amarillo,2,1648,3988,0.4132,23,116,66,2037,1648
p0300,CAUCASIA,05154,,I.E. LICEO CAUCASIA STA HELENA,CLL 28 NO 25B-15,-75.2027463912962,7.99308655179125,amarillo,2,420,1317,0.3189,8,20,28,814,420
p0301,CAUCASIA,05154,,I.E. LICEO CONCEJO MUNICIPAL,CRA 20 CLL 21 AV PAJONAL,-75.20201944,7.98739138899999,amarillo,2,203,522,0.3889,4,11,11,284,203
p0302,CAUCASIA,05154,,I.E. MARCO FIDEL SUAREZ,"CRA 12 # 12-63 BR. PUEBLO
NUEVO",-75.1986352862563,7.9826385587294,amarillo,2,1299,3206,0.4052,22,83,71,1696,1299
p0303,CAUCASIA,05154,,I.E.R. CUTURU - SEDE CUTURU,"CORREGIMIENTO DE
CUTURU",-74.7901198648928,7.72586715828863,verde,1,196,372,0.5269,5,27,8,123,196
p0304,CAUCASIA,05154,,I.E.R MARGENTO - SEDE MARGENTO,"CORREGIMIENTO DE
MARGENTO",-74.9529189347266,8.0371940192951,amarillo,2,82,256,0.3203,3,7,7,146,82
p0305,CAUCASIA,05154,,I.E. SANTO DOMINGO,CRA 21 No 35-12,-75.2003011099998,7.99844335199999,amarillo,2,1202,2805,0.4285,16,85,53,1380,1202
p0306,CAUCASIA,05154,,I.E. SANTO DOMINGO NUEVA SANTA H,CRA 21A CLL 28C,-75.2078402601599,7.99496953815923,amarillo,2,759,2067,0.3672,14,41,31,1189,759
p0307,CAUCASIA,05154,,I.E. STA TERESITA CENTRO,CRA 3 No 19-44,-75.1928549999999,7.987555,amarillo,2,1161,2636,0.4404,17,85,42,1289,1161
p0308,CAUCASIA,05154,,I.E. STA TERESITA LOMA FRESCA,CALLE 19 # 6-8,-75.1948289999999,7.987717,amarillo,2,674,1597,0.422,9,49,46,796,674
p0309,CAUCASIA,05154,,I.E. VILLA DEL SOCORRO,VEREDA VILLA DEL SOCORRO,-75.005365031,8.048534221,amarillo,2,142,392,0.3622,2,18,0,211,142
p0310,CAUCASIA,05154,,SD ALTO CACERI I.E.R. CACERI,"CORREGIMIENTO DE PUERTO
TRIANA",-74.8922815141102,7.68406782167465,amarillo,2,61,157,0.3885,2,13,5,69,61
p0311,CAUCASIA,05154,,SD CACERI I.E.R. CACERI,"CORREGIMIENTO DE PUERTO
GLORIA",-74.9293228504602,7.80489488232503,amarillo,2,106,418,0.2536,3,13,1,282,106
p0312,CAUCASIA,05154,,SD CARACOLI I.E. DIVINO NIÑO,CRA 3 NO 3-26,-75.193734,7.97501299999999,amarillo,2,838,2177,0.3849,13,58,46,1188,838
p0313,CAUCASIA,05154,,SD LA ILUSION C.E.R SANTA ELENA,CORREGIMIENTO LA ILUSION,-75.0898559999998,8.02384299999999,amarillo,2,31,113,0.2743,1,10,2,69,31
p0314,CAUCASIA,05154,,SD RIVERAS DEL CAUCA CER SANTA ELENA,"CORREGIMIENTO DE
PALANCA",-75.0212799999999,8.00878799999999,verde,1,46,94,0.4894,1,7,0,33,46
p0315,CAUCASIA,05154,,SD SAN JOSE I.E. DIVINO NIÑO,"CRA 3A ENTRE CLL 9 Y 10
SUR BR",-75.1949149482368,7.96936112688627,amarillo,2,203,516,0.3934,4,8,9,281,203
p0242,CAÑASGORDAS,05138,,C.E LA HERRADURA,CORREGIMIENTO LA BALSA,-76.0709116299999,6.76548529599999,verde,1,104,184,0.5652,1,38,0,30,104
p0243,CAÑASGORDAS,05138,,COLISEO MUNICIPAL,CRA 28 No 25 A - 9 COLISEO,-76.0266764499998,6.75035445799998,verde,1,3055,5302,0.5762,31,1279,115,738,3055
p0244,CAÑASGORDAS,05138,,I.E.R. BERNARDO SIERRA,CORREGIMIENTO CESTILLAL,-76.0741424560539,6.85348103644511,verde,1,527,743,0.7093,4,137,4,62,527
p0245,CAÑASGORDAS,05138,,I.E.R. JUNTAS DE URAMITA,"CORREGIMIENTO JUNTAS DE
URAMITA",-76.0315257899999,6.92336513099999,verde,1,186,330,0.5636,2,95,3,43,186
p0246,CAÑASGORDAS,05138,,I.E.R. SAN PASCUAL,"CORREGIMIENTO SAN
PASCUAL",-76.0463839799999,6.847537585,verde,1,186,430,0.4326,3,176,7,47,186
p0247,CAÑASGORDAS,05138,,"IE NICOLAS GAVIRIA SD ESC URBANA
CAÑASGO",Cra 30 N° 24-25,-76.0264771266113,6.75537495169731,verde,1,200,398,0.5025,2,52,18,124,200
p0316,CHIGORODO,05172,,CASETA COMUNAL BARRANQUILLITA,"CORREGIMIENTO
BARRANQUILLITA",-76.6961005699998,7.57059935399999,amarillo,2,178,501,0.3553,4,34,5,266,178
p0317,CHIGORODO,05172,,COLEGIO DIOCESANO LAURA MONTOYA,Calle 83A 90 05,-76.6733144191822,7.65942273765401,amarillo,2,844,2462,0.3428,17,74,63,1409,844
p0318,CHIGORODO,05172,,ESC. SIMON BOLIVAR,"KR 99 # 97-12 BR. CASA
BLANCA",-76.6775951999998,7.670110889,amarillo,2,818,1976,0.414,14,94,32,963,818
p0319,CHIGORODO,05172,,I.E. CHIGORODO,"CALLE 94 No. 103-53 BARRIO
KENEDDY",-76.6848811299999,7.666942007,amarillo,2,1539,3957,0.3889,24,165,130,2015,1539
p0320,CHIGORODO,05172,,I. E. GONZALO MEJIA,CALLE 96 No. 105-63,-76.6846831668114,7.66902529675393,amarillo,2,951,2376,0.4003,13,101,51,1227,951
p0321,CHIGORODO,05172,,I. E. MARIA AUXILIADORA,CARRERA 111 No. 93-37,-76.6902007731276,7.66814009311355,amarillo,2,494,1507,0.3278,11,44,63,880,494
p0322,CHIGORODO,05172,,IE JUAN EVANGELISTA B-BRISAS DE LA CAS,CARRERA 94 CALLE 84,-76.6746498970057,7.66032484429281,amarillo,2,648,2239,0.2894,16,64,64,1405,648
p0323,CHIGORODO,05172,,INS. EDUC. BRISAS DEL RIO,CALLE 95 F NO. 92-13,-76.6737647931927,7.66467907204763,amarillo,2,333,951,0.3502,7,30,25,533,333
p0324,CHIGORODO,05172,,INST.EDUCATIVA LOS ANDES,"CL 97 # 105-27 ANTIGUO
IDEM",-76.6846689999999,7.66944323199999,amarillo,2,1321,3305,0.3997,21,195,42,1679,1321
p0325,CHIGORODO,05172,,LICEO MUNICIPAL,"CRA 99 # 84-35 BR. EL
BOSQUE",-76.6800087799998,7.66015465999999,amarillo,2,1267,4433,0.2858,28,133,105,2794,1267
p0326,CISNEROS,05190,,I.E CISNEROS SEDE LICEO,CALLE 19 N 13-26,-75.08466,6.538766,verde,1,3523,6422,0.5486,37,757,289,1639,3523
p0327,COCORNA,05197,,C.E.R. AGUALINDA,VEREDA AGUALINDA,-75.1702487468718,5.9657056527747,verde,1,21,44,0.4773,1,13,0,6,21
p0328,COCORNA,05197,,C.E.R. LA FLORIDA,VEREDA LA FLORIDA,-75.1033872146667,5.91732921651367,verde,1,11,26,0.4231,1,9,0,4,11
p0329,COCORNA,05197,,C.E.R. LA GRANJA,VEREDA LA GRANJA,-75.0915263202832,6.0066196646543,verde,1,167,235,0.7106,2,32,1,24,167
p0330,COCORNA,05197,,C.E.R. LA PRIMAVERA,VEREDA LA PRIMAVERA,-75.1746757698632,5.9872295112884,verde,1,36,65,0.5538,1,11,1,15,36
p0331,COCORNA,05197,,C.E.R. PAILANIA,VEREDA PAILANIA,-75.1153578337797,5.97758601829411,verde,1,123,161,0.764,1,18,4,6,123
p0332,COCORNA,05197,,I.E. COCORNA,CRA 23 CON CLL 23 No 23-27,-75.1856092460325,6.06036159455505,verde,1,4764,6875,0.6929,34,889,199,818,4764
p0333,COCORNA,05197,,I.E. EVA TULIA QUINTERO DE TORO,VEREDA LA PIÑUELA,-75.1423936404669,6.01124885885915,verde,1,562,844,0.6659,4,113,18,105,562
p0334,COCORNA,05197,,I.E.R. CRUCES,VEREDA CRUCES,-75.2301867743439,6.10998823356267,verde,1,228,314,0.7261,2,30,6,39,228
p0335,CONCEPCION,05206,,I. E. PRESBITERO LIBARDO AGUIRRE,"CALLE ANTONIO NARIÑO #
17-50",-75.2573776245117,6.3944599874668,verde,1,1902,2678,0.7102,13,342,101,278,1902
p0336,CONCORDIA,05209,,ESCUELA EL SOCORRO,"CENTRO POBLADO EL
SOCORRO",-75.901236429,6.121029023,verde,1,100,174,0.5747,2,54,0,7,100
p0337,CONCORDIA,05209,,ESCUELA MORELIA,CENTRO POBLADO MORELIA,-75.982797199,6.05338889,verde,1,141,189,0.746,2,25,3,12,141
p0338,CONCORDIA,05209,,ESCUELA SAN JOSE DEL GOLPE,CENTRO POBLADO MORITOS,-75.839551,6.005292,verde,1,66,128,0.5156,2,23,0,18,66
p0339,CONCORDIA,05209,,I.E DE JESUS,CARRERA 22 # 19-65,-75.90828,6.04469,verde,1,3927,6110,0.6427,43,952,128,864,3927
p0340,COPACABANA,05212,,CASA DE LA CULTURA,CLL 50 No 47-79,-75.5065603622554,6.34720532152535,verde,1,474,1038,0.4566,5,61,124,357,474
p0341,COPACABANA,05212,,Col. Autónomo Ntra. Señora de la B. E,CLL 50 No 63-40,-75.5174311995506,6.34351666207517,verde,1,829,1933,0.4289,11,84,282,693,829
p0342,COPACABANA,05212,,COL COOP JUAN DEL CORRAL,CARRERA 40 No 48-114,-75.50158484,6.34945451699999,verde,1,924,2048,0.4512,10,133,255,697,924
p0343,COPACABANA,05212,,ESC. URB. LA MISERICORDIA,CLL 48 No 66A-15,-75.5185282230377,6.34129605695439,verde,1,513,1056,0.4858,5,60,125,344,513
p0344,COPACABANA,05212,,I.E JOSE MIGUEL DE RESTREPO Y PUERTA,CARRERA 46B No 47A-29,-75.5049637399998,6.345517236,verde,1,4260,8502,0.5011,47,611,853,2632,4260
p0345,COPACABANA,05212,,I.E SAN LUIS GONZAGA,CLL 50 No 62-78,-75.5158185377119,6.34427740809567,verde,1,3955,6976,0.5669,30,566,513,1829,3955
p0346,COPACABANA,05212,,I.E. SAN RAFAEL,"VEREDA ZARZAL AUTOPISTA
NORTE",-75.4949351857473,6.3621459988598,verde,1,324,513,0.6316,2,65,29,87,324
p0347,COPACABANA,05212,,IE ASUNCION SECUNDARIA,CRA 49 No 48-19,-75.5068967068125,6.345863966015,verde,1,1569,3034,0.5171,15,325,269,826,1569
p0348,COPACABANA,05212,,IE CAMILO TORRES,CARRERA 50 A No 47A-33,-75.50805364,6.34426431999999,verde,1,2117,3991,0.5304,19,385,307,1100,2117
p0349,COPACABANA,05212,,IE GABRIELA MISTRAL,CARRERA 28 No 43-199,-75.4937681999999,6.35415961,verde,1,427,938,0.4552,5,69,86,336,427
p0350,COPACABANA,05212,,IE LA TRINIDAD,CLL 41 No 78C-32,-75.5316817760466,6.33518601127877,verde,1,2137,4220,0.5064,26,247,329,1407,2137
p0351,COPACABANA,05212,,IE PRESBITERO B. MONTOYA,CLL 50 No 34-07,-75.4995349499998,6.353871711,verde,1,2361,4447,0.5309,21,404,335,1247,2361
p0352,COPACABANA,05212,,IE VILLANUEVA,CARRERA 56 No 56-155,-75.5135253499999,6.348539016,verde,1,2530,4789,0.5283,23,428,367,1379,2530
p0353,COPACABANA,05212,,"SEDE COPACABANA TECNOLOGICO DE
ANTIOQUIA",CRA 50 No 50A - 59,-75.5078819799998,6.34583179799999,verde,1,629,1187,0.5299,7,199,48,289,629
p0354,COPACABANA,05212,,SEDE MONTAÑUELA - I. E. SAN LUIS GONZAGA,VEREDA QUEBRADA ARRIBA - SECTOR MONTAÑUELA,-75.470048,6.32159849285689,verde,1,80,117,0.6838,1,18,2,17,80
p0355,DABEIBA,05234,,C.E.R. JOSEFA ROMERO,"CORREGIMIENTO LAS
CRUCES",-76.1996717,7.0184722,verde,1,63,138,0.4565,2,14,3,50,63
p0356,DABEIBA,05234,,CASETA COMUNAL CAMPARRUSIA,"CORREGIMIENTO
CAMPARRUSIA",-76.0366797,7.0006661,verde,1,311,464,0.6703,4,88,12,37,311
p0357,DABEIBA,05234,,CASETA COMUNAL LA BALSITA,"CORREGIMIENTO SAN JOSE
DE URAMA",-76.12481889,7.05447332299999,amarillo,2,35,146,0.2397,2,15,1,81,35
p0358,DABEIBA,05234,,"COLISEO MUNICIPAL DESTREZAS
DABEIBANAS",CLL 10 CRA 9,-76.2649678,7.0023238,verde,1,1631,3073,0.5308,25,194,62,1105,1631
p0359,DABEIBA,05234,,ESC JUAN HENRIQUE WHITE,CLL VELEZ No 11-09,-76.2654718,7.0011805,verde,1,1376,2841,0.4843,22,147,64,1145,1376
p0360,DABEIBA,05234,,I.E.R. URAMA SEDE PRIMARIA,"CORREGIMIENTO SAN JOSE
DE URAMA",-76.1442434499999,7.017146599,verde,1,203,391,0.5192,3,38,11,126,203
p0361,DABEIBA,05234,,SD LLANO GRANDE I.E. MADRE LAURA MONTOYA,CORREGIMIENTO LLANO GRANDE LA NUEVA HABANA,-76.244772,7.0748082,amarillo,2,26,189,0.1376,1,2,11,148,26
p0362,DABEIBA,05234,,"SD TAPARALES IER INDIGENISTA LLANO
GORDO",VEREDA SANTA TERESA,-76.4063879999998,7.170562,amarillo,2,13,96,0.1354,2,1,0,81,13
p0363,DABEIBA,05234,,SD VALLESI I.E. MADRE LAURA MONTOYA,VEREDA VALLESI,-76.4089827,7.0443223,amarillo,2,12,149,0.0805,2,2,0,133,12
p0364,DABEIBA,05234,,SEDE BOTON - I.E. JUAN H. WHITE,VEREDA EL BOTON,-76.2549235,6.9249601,verde,1,41,71,0.5775,1,4,0,17,41
p0365,DON MATIAS,05237,,C.E.R. RIOGRANDE,VEREDA RIOGRANDE,-75.3949422115978,6.5359341366963,verde,1,192,275,0.6982,2,35,8,28,192
p0366,DON MATIAS,05237,,COL. ANTONIO JOSE CADAVID CHAV,"CORREGIMIENTO
BELLAVISTA",-75.28537855,6.54006622699999,verde,1,305,469,0.6503,3,70,19,59,305
p0367,DON MATIAS,05237,,I.E DONMATIAS SEDE LUIS LOPEZ DE MESA,CRA 31 No 31-07,-75.3965523849137,6.48683726978302,verde,1,6004,8763,0.6852,50,886,466,1176,6004
p0368,EBEJICO,05240,,ESC LA ARGENTINA,CORREGIMIENTO GUAYABAL,-75.7590949199998,6.38604466099999,verde,1,40,82,0.4878,1,11,0,26,40
p0369,EBEJICO,05240,,I. E. BOYACA,CORREGIMIENTO BRASIL,-75.7321601699999,6.339941811,verde,1,377,606,0.6221,4,101,6,85,377
p0370,EBEJICO,05240,,I. E. LA CLARA,CORREGIMIENTO LA CLARA,-75.7604843,6.278808435,verde,1,161,279,0.5771,2,71,1,39,161
p0371,EBEJICO,05240,,I.E.R PRESBITERO GABRIEL YEPES YEPES,CORREGIMIENTO SEVILLA,-75.78493889,6.294525,verde,1,876,1298,0.6749,7,204,22,161,876
p0372,EBEJICO,05240,,I. E. R. SAN PIO X,CORREGIMIENTO EL ZARZAL,-75.7541817426679,6.31921227884565,verde,1,53,89,0.5955,1,6,0,17,53
p0373,EBEJICO,05240,,I.E.U. SAN JOSE,"CLL 19 # 14-22 AV. LA
REPUBLICA",-75.7692282999999,6.326385829,verde,1,1726,3096,0.5575,20,539,108,618,1726
p0374,EL BAGRE,05250,,COLEGIO 20 DE JULIO,"CL. 38 # 38-14, BR VEINTE DE
J",-74.8028612136839,7.59483378990987,amarillo,2,1448,3690,0.3924,34,174,55,1841,1448
p0375,EL BAGRE,05250,,COLEGIO LA ESMERALDA,CR. 38 No. 69 B -75,-74.80066,7.61258,amarillo,2,902,2001,0.4508,19,59,43,916,902
p0376,EL BAGRE,05250,,COLEGIO RURAL PUERTO LOPEZ,"CORREGIMIENTO PUERTO
LOPEZ",-74.6880626678462,7.43788330207481,amarillo,2,270,850,0.3176,10,35,0,510,270
p0377,EL BAGRE,05250,,"CTRO DE FORM. MINERO AMB. SD ROLDAN
BL1",CLL 43 CRA 47,-74.81091,7.59396,verde,1,1490,3223,0.4623,28,107,73,1446,1490
p0378,EL BAGRE,05250,,ESCUELA PORTUGAL,"CR 20 # 32-46, BR PORTUGAL",-74.80289,7.59448,amarillo,2,890,2003,0.4443,17,68,53,923,890
p0379,EL BAGRE,05250,,ESCUELA RURAL PUERTO CLAVER,"CORREGIMIENTO PUERTO
CLAVER",-74.75007,7.71263,verde,1,608,1315,0.4624,16,50,15,594,608
p0380,EL PEÑOL,05541,,I.E. LEON XIII,TRANSV. 8A No 22-20,-75.2448974453667,6.21979074527755,verde,1,7725,11603,0.6658,54,1327,656,1624,7725
p0381,ENTRERRIOS,05264,,I.E. ENTRERRIOS,"CRA 14 No. 10-17 SECTOR LA
PEDRERA",-75.5201375484465,6.56571749669793,verde,1,3765,5627,0.6691,28,542,431,775,3765
p0382,ENVIGADO,05266,,CANCHA LA MERCED,CALLE 40 E SUR No 40 -30,-75.5912605,6.1647628,verde,1,1028,1677,0.613,6,164,204,268,1028
p0383,ENVIGADO,05266,,CARCEL MUNICIPAL DE ENVIGADO,CRA 43 NO 38 SUR 35,-75.5883212575938,6.16956061700287,verde,1,15,30,0.5,1,5,0,7,15
p0384,ENVIGADO,05266,,"CENTRO DE ENCUENTRO CIUDADANO
ARENALES","PLACA POLIDEPORTIVA
ARENALES-VALLANO",-75.57956,6.13659,verde,1,68,94,0.7234,1,8,5,13,68
p0385,ENVIGADO,05266,,CENTRO GERONTOLOGICO ATARDESER,"TRANSVERSAL 34 A SUR No
33 A- 50",-75.583344,6.16932728,verde,1,1112,1939,0.5735,9,154,273,384,1112
p0386,ENVIGADO,05266,,COL CUMBRES,CRA 27B No 27D SUR-86,-75.57226,6.16898,verde,1,6914,9337,0.7405,34,926,742,719,6914
p0387,ENVIGADO,05266,,COL LA SALLE DE ENVIGADO,CLL 24 SUR NO 42B - 1,-75.5798858220152,6.18058737464317,verde,1,5875,8715,0.6741,37,963,807,986,5875
p0388,ENVIGADO,05266,,COL UNID EDUC SAN MARCOS,CLL 31A SUR NO 43A 92,-75.5864324453588,6.17635745397292,verde,1,7241,9854,0.7348,37,924,682,956,7241
p0389,ENVIGADO,05266,,COLEGIO BENEDITINO DE SANTA MARIA,CALLE 24 SUR No 39-36,-75.5768568999999,6.1790896,verde,1,1756,2323,0.7559,8,219,181,162,1756
p0390,ENVIGADO,05266,,COLEGIO COLOMBO BRITANICO,"TRANSVERSAL 29 SUR
DIAGONAL 32 B 97",-75.58398,6.17731,verde,1,1200,1995,0.6015,8,184,301,300,1200
p0391,ENVIGADO,05266,,"COLEGIO DE LA PRESENTACION DE
ENVIGADO",Calle 37 sur No 43 A 67,-75.589140639158,6.1708799876024,verde,1,478,792,0.6035,3,86,70,158,478
p0392,ENVIGADO,05266,,COLEGIO FRANCISCANO PALERMO DE SAN JOSE,CALLE 36 D SUR No 16 86 Km 3 LOMA DEL ESCOBERO,-75.5531221752749,6.16614268307392,verde,1,274,373,0.7346,2,34,32,32,274
p0393,ENVIGADO,05266,,COLEGIO GIMNASIO INTEGRAL SANTA ANA,"CARRERA 38 No 45 A SUR
102",-75.5907959854224,6.16120413932581,verde,1,202,324,0.6235,2,37,52,31,202
p0394,ENVIGADO,05266,,CTRO DE DESAR. INFANTIL CDI EL DORADO,"CALLE 40 B SUR No 37 - 50
parque el dorado",-75.58663,6.16481,verde,1,3020,4977,0.6068,23,426,543,927,3020
p0395,ENVIGADO,05266,,"CTRO DE ENCUENTRO CIUDADANO SAN
MARCOS",CRA 45 No 32B SUR-16,-75.58762,6.17606,verde,1,1429,2377,0.6012,12,202,323,406,1429
p0396,ENVIGADO,05266,,ESC FERNANDO GONZALEZ,CRA 40 No 38A SUR-8,-75.5862405896185,6.16759231420309,verde,1,5133,7393,0.6943,36,785,421,972,5133
p0397,ENVIGADO,05266,,ESCUELA PIO XII,CRA 31 No 38 SUR-51,-75.5815679208754,6.16540411730626,verde,1,3611,5388,0.6702,30,454,412,840,3611
p0398,ENVIGADO,05266,,I.E JOSE MANUEL RESTREPO VELEZ (JOMAR),CL 38 SUR NO 45A 87,-75.5913255657485,6.1715986077723,verde,1,2408,3306,0.7284,20,205,200,444,2408
p0399,ENVIGADO,05266,,I.E JOSE MIGUEL DE LA CALLE,"TRANSVERSAL 34 B SUR No
31E - 66",-75.5809997601638,6.17292365101162,verde,1,522,816,0.6397,3,66,71,146,522
p0400,ENVIGADO,05266,,I.E NORMAL SUPERIOR DE ENVIGADO,CALLE 37 SUR No 33 - 14,-75.581705,6.16696608,verde,1,6127,9025,0.6789,37,883,609,1299,6127
p0401,ENVIGADO,05266,,I.E SAN VICENTE ALTO DE LAS FLORES,CALLE 53 SUR No 39 -62.,-75.6014328284393,6.15449572906528,verde,1,356,559,0.6369,2,59,40,96,356
p0402,ENVIGADO,05266,,"IE ALEJANDRO VELEZ BARRIENTOS SD
ALCALA",CALLE 39 SUR No 45 C-09,-75.59241,6.17017,verde,1,1164,1906,0.6107,7,186,253,280,1164
p0403,ENVIGADO,05266,,IE COMERCIAL DE ENVIGADO,CLL 41 SUR No 24C-71,-75.584,6.15299999999999,verde,1,3546,5762,0.6154,26,436,538,1150,3546
p0404,ENVIGADO,05266,,IE DARIO DE BEDOUT,DIAG. 29 No 35D SUR -10,-75.57842,6.16792,verde,1,1784,3408,0.5235,17,221,614,770,1784
p0405,ENVIGADO,05266,,IE EL SALADO,CRA 25 No 39D SUR-30,-75.5769999999998,6.15299999999999,verde,1,2799,4384,0.6385,20,372,384,752,2799
p0406,ENVIGADO,05266,,IE LETICIA ARANGO DE AVENDAÑO,CLL 45 B SUR No 42C-09,-75.5943385842171,6.16385594183361,verde,1,2118,3592,0.5896,17,260,512,679,2118
p0407,ENVIGADO,05266,,IE MANUEL URIBE ANGEL (MUA),CRA 44 No 38SUR-15,-75.5898,6.1705,verde,1,4542,6981,0.6506,33,689,524,1159,4542
p0408,ENVIGADO,05266,,IE MARCELIANO VELEZ,CRA 43 No 33B SUR -43,-75.5863816509855,6.17261441118417,verde,1,5177,7376,0.7019,35,743,401,997,5177
p0409,ENVIGADO,05266,,IE MARIA PAUSSEPIN,CLL 34DD SUR No 28-24,-75.57711,6.17112,verde,1,1074,1988,0.5402,10,145,298,449,1074
p0410,ENVIGADO,05266,,INST UNIVERSITARIA ENVIGADO,CRA 27B No 39A SUR-57,-75.5799999999998,6.158,verde,1,6769,10678,0.6339,43,1009,989,1758,6769
p0411,ENVIGADO,05266,,LAS PALMAS CENTRO DE SALUD,"CENTRO DE SALUD VEREDA
LAS PALMAS",-75.5342825667894,6.15230415982315,verde,1,2119,2872,0.7378,12,288,147,294,2119
p0412,ENVIGADO,05266,,LICEO FRANCISCO RESTREPO MOLINA,CRA 41 No 35 SUR-70,-75.5853688716888,6.17058965865606,verde,1,5418,8573,0.632,40,796,729,1511,5418
p0413,ENVIGADO,05266,,"PANTANILLO IE MARTIN EDUARDO RIOS
LLANOS","CRA 2 No 20 SUR - 195
VEREDA PANTANILLO",-75.5010651999999,6.18846109999999,verde,1,221,388,0.5696,2,67,32,63,221
p0414,ENVIGADO,05266,,POLIDEPORTIVO SUR DE ENVIGADO,CRA 48 No 46SUR-150,-75.59996,6.16402,verde,1,4170,6529,0.6387,26,622,610,1051,4170
p0415,ENVIGADO,05266,,SD JHON F KENNEDY I.E LA PAZ,CALLE 40 H SUR NO 41 -61,-75.5911090469088,6.16561162632607,verde,1,4362,6380,0.6837,28,545,469,940,4362
p0416,ENVIGADO,05266,,SD PRINCIPAL I.E. LA PAZ,CLL 46SUR No 42-16,-75.5939608933047,6.16218443419337,verde,1,5264,7735,0.6805,29,712,659,1037,5264
p0417,ENVIGADO,05266,,TECNOLOGICO DE ARTES DEBORA ARANGO,CALLE 38 SUR No 44 - 120,-75.5909137782367,6.17167382060735,verde,1,3496,5352,0.6532,31,427,429,942,3496
p0418,ENVIGADO,05266,,UNIVERSIDAD EIA. SEDE ZUÑIGA,CALLE 25 SUR No 42 - 73,-75.5795612112199,6.17945692102938,verde,1,992,1515,0.6548,5,169,159,188,992
p0419,ENVIGADO,05266,,URB. MULTIFAMILIAR SEÑORIAL,CLL 48E SUR No 42C-54,-75.596719720167,6.1592073482893,verde,1,2966,4653,0.6374,19,404,461,768,2966
p0420,FREDONIA,05282,,CARCEL,KR 50 # 47 - 32,-75.6706758489722,5.92613574204685,amarillo,2,4,15,0.2667,1,7,0,3,4
p0421,FREDONIA,05282,,"ESC NORMAL SUPERIOR MARIANO OSPINA
SEC P",CALLE 51 # 49 - 24,-75.6717649760937,5.92844287053035,verde,1,2743,5104,0.5374,31,886,164,1160,2743
p0422,FREDONIA,05282,,ESCUELA MARCO FIDEL SUAREZ,CARRERA 51 # 47 - 38,-75.6713028192961,5.92547283630879,verde,1,1014,1998,0.5075,12,235,97,599,1014
p0423,FREDONIA,05282,,I.E. EDELMIRA ALVAREZ,VEREDA EL ZANCUDO,-75.6574130058289,5.89140116536399,verde,1,100,188,0.5319,2,20,7,53,100
p0424,FREDONIA,05282,,I.E. LLANO GRANDE,CORREGIMIENTO MARSELLA,-75.6876900833126,5.86296911732805,verde,1,156,251,0.6215,2,59,3,23,156
p0425,FREDONIA,05282,,I.E. LLANO GRANDE ALFONSO PALACIO,"CORREGIMENTO PUENTE
IGLESIAS",-75.7090938091277,5.83168668299131,amarillo,2,95,248,0.3831,2,21,0,110,95
p0426,FREDONIA,05282,,I.E. LOS PALOMOS,"CORREGIMIENTO LOS
PALOMOS",-75.6785080795161,5.96882813870487,verde,1,156,278,0.5612,2,44,3,55,156
p0427,FREDONIA,05282,,I.E. PIEDRA VERDE,VEREDA PIEDRA VERDE,-75.6463824513129,5.97655060989842,verde,1,64,124,0.5161,2,25,1,23,64
p0428,FREDONIA,05282,,IE MINAS SECC LA GARRUCHA,VDA GARRUCHA,-75.7050143099999,5.91014143199999,verde,1,63,120,0.525,1,30,0,18,63
p0429,FREDONIA,05282,,LOCAL ANTIGUO PUESTO DE SALUD,CORREGIMIENTO MINAS,-75.7365210797968,5.92561491827188,verde,1,141,198,0.7121,2,28,2,21,141
p0430,FRONTINO,05284,,C.E.R.ALTOS DE MURRI I.E.R.LA BLANQUITA,VEREDA ALTOS DE MURRI,-76.4427871910453,6.54845081905727,rojo,3,2,42,0.0476,1,12,0,28,2
p0431,FRONTINO,05284,,C.E.R. CARAUTA I.E.R. NOBOGACITA,CORREGIMIENTO CARAUTA,-76.3046057,6.6701462,verde,1,24,57,0.4211,1,9,2,22,24
p0432,FRONTINO,05284,,C.E.R EL CERRO IE MANUEL ANTONIO TORO,CORREGIMIENTO EL CERRO,-76.1513888888888,6.7075,verde,1,31,47,0.6596,1,9,1,5,31
p0433,FRONTINO,05284,,C.E.R. EL MADERO,"CORREGIMIENTO EL
MADERO",-76.1394444444444,6.8433333,verde,1,28,44,0.6364,1,2,0,13,28
p0434,FRONTINO,05284,,C.E.R.EL SALADO E.N.S.MIGUEL A. ALVAREZ,CORREGIMIENTO CARAUTA,-76.27,6.6502778,verde,1,9,16,0.5625,1,3,0,4,9
p0435,FRONTINO,05284,,C.E.R. FUEMIA I.E. MANUEL ANTONIO TORO,CORREGIMIENTO FUEMIA,-76.2496176336076,6.8608591959129,verde,1,61,108,0.5648,1,14,4,24,61
p0436,FRONTINO,05284,,C.E.R. NOBOGA I.E. LAS MERCEDES,CORREGIMIENTO NOBOGA,-76.1821361111111,6.8290972,verde,1,77,125,0.616,1,25,5,14,77
p0437,FRONTINO,05284,,C.E.R. PANTANOS I.E.R. LA BLANQUITA,CORREGIMIENTO PANTANOS,-76.4711111111111,6.7330556,amarillo,2,4,15,0.2667,1,0,0,11,4
p0438,FRONTINO,05284,,"C.E.R.PONTON E.N.S MIGUEL ANGEL
ALVAREZ",CORREGIMIENTO PONTON,-76.0938888888888,6.7416667,verde,1,42,126,0.3333,1,34,0,36,42
p0439,FRONTINO,05284,,C.E.R. SINCERIN I.E.R. NOBOGACITA,CORREGIMIENTO MUSINGA,-76.2055555555555,6.7813889,verde,1,106,232,0.4569,2,47,2,63,106
p0440,FRONTINO,05284,,CASETA COMUNAL CHONTADURO,"CORREGIMIENTO
CHONTADURO",-76.2138888888888,6.8438889,verde,1,28,61,0.459,1,10,0,19,28
p0441,FRONTINO,05284,,COLISEO LA BLANQUITA,VDA MURRI,-76.36694,6.7427778,amarillo,2,36,591,0.0609,7,4,0,544,36
p0442,FRONTINO,05284,,"I.E. AGROPECUARIA PEDRO ANTONIO
ELEJALDE",CRA 36 N°26-27,-76.131554339002,6.77668818639207,verde,1,338,795,0.4252,7,77,65,293,338
p0443,FRONTINO,05284,,I.E. GABRIELA WHITE DE VELEZ,CORREGIMIENTO NUTIBARA,-76.24773095,6.80312773999999,verde,1,297,522,0.569,5,44,11,148,297
p0444,FRONTINO,05284,,UNIDAD DEPORTIVA LA MANDARINA,CALLE 21 N°38-22,-76.1334282199999,6.773903583,verde,1,2090,3618,0.5777,27,468,137,809,2090
p0445,GIRALDO,05306,,COLISEO GUILLERMO GAVIRIA,CLL 11 No 10-04,-75.9521770477294,6.6812311647218,verde,1,1114,2165,0.5145,12,231,77,708,1114
p0446,GIRALDO,05306,,ESCUELA MANGLAR,"CORREGIMIENTO DE
MANGLAR",-75.9480692127111,6.69421949133129,verde,1,230,430,0.5349,3,54,17,124,230
p0447,GIRALDO,05306,,ESCUELA PINGURO,CORREGIMIENTO PINGURO,-75.9014899709585,6.67451189232808,verde,1,102,178,0.573,2,20,8,44,102
p0448,GIRARDOTA,05308,,COLEGIO JUAN BERNARDONE,CRA 14 No 7-49,-75.4461166887444,6.37611172264822,verde,1,3653,6551,0.5576,33,699,510,1505,3653
p0449,GIRARDOTA,05308,,COLEGIO NUESTRA SEÑORA DEL ROSARIO,CRA 14 No 08 - 5,-75.44386735,6.374868384,verde,1,3571,6689,0.5339,33,635,527,1805,3571
p0450,GIRARDOTA,05308,,ESCUELA MANGA ARRIBA,"ESCUELA MANGA ARRIBA
VEREDA MANGA ARRIBA",-75.44100275,6.35842122,verde,1,445,783,0.5683,4,68,45,202,445
p0451,GIRARDOTA,05308,,I.E. ATANASIO GIRARDOT,CRA 17 # 11 -51,-75.45006861,6.374868384,verde,1,2704,5199,0.5201,29,433,349,1543,2704
p0452,GIRARDOTA,05308,,I.E. EMILIANO GARCIA,CARRERA 16F No 9-63,-75.4484271,6.376121226,verde,1,2409,5049,0.4771,30,315,618,1589,2409
p0453,GIRARDOTA,05308,,I.E. NUESTRA SEÑORA DEL CARMEN,"I.E. NUESTRA SEÑORA DEL
CARMEN VEREDA ENCENILLOS",-75.4178475142892,6.37695209012083,verde,1,68,123,0.5528,1,19,10,18,68
p0454,GIRARDOTA,05308,,I.E.R. SAN DIEGO,VEREDA CABILDO,-75.42810132,6.389694371,verde,1,474,899,0.5273,6,88,61,239,474
p0455,GIRARDOTA,05308,,LICEO MANUEL JOSE SIERRA,"CARRERA 10 A NRO 10 D 12
SANTA ANA",-75.4468947688379,6.37082189068192,verde,1,321,716,0.4483,3,52,99,237,321
p0456,GIRARDOTA,05308,,NTRA. SRA. DE LA PRESENTACION,CL 7 #18 92,-75.4476749897003,6.38054577254413,verde,1,1978,3725,0.531,19,386,315,951,1978
p0457,GIRARDOTA,05308,,PARROQUIA LA SAGRADA FAMILIA,VEREDA SAN ANDRES,-75.44005325,6.39921028499999,verde,1,458,1139,0.4021,7,124,78,422,458
p0458,GOMEZ PLATA,05310,,C.E.R. LA ESTRELLA,"CORREGIMIENTO LA
ESTRELLA",-75.1934417872986,6.62006247636828,verde,1,92,121,0.7603,1,14,3,8,92
p0459,GOMEZ PLATA,05310,,CENTRO DE SALUD SAN MATIAS,"CORREGIMIENTO SAN
MATIAS",-75.1926962099999,6.769668871,verde,1,76,116,0.6552,1,19,6,10,76
p0460,GOMEZ PLATA,05310,,I.E. GOMEZ PLATA BLOQUE 1,CALLE 48 N 51 - 25,-75.2203594911327,6.6794953276268,verde,1,2589,3973,0.6516,23,458,227,578,2589
p0461,GOMEZ PLATA,05310,,I. E.R. EL SALTO,CORREGIMIENTO EL SALTO,-75.23791011,6.783350587,verde,1,187,327,0.5719,2,29,5,95,187
p0462,GRANADA,05313,,COLISEO CUBIERTO,CLL 20 No 25 - 23,-75.1849936881722,6.14202540784431,verde,1,4303,5497,0.7828,27,378,171,537,4303
p0463,GRANADA,05313,,SD JESUS MARIA I.E. JORGE ALBERTO GOMEZ,"CENTRO POBLADO VEREDA
LOS MEDIOS",-75.1383333299999,6.085,verde,1,75,96,0.7812,1,7,3,8,75
p0464,GRANADA,05313,,SD SANTA ANA I.E. JORGE ALBERTO GOMEZ,CORREGIMIENTO SANTA ANA,-75.1014056999999,6.072919996,verde,1,175,260,0.6731,2,25,3,44,175
p0465,GUADALUPE,05315,,C.E.R. LUIS JARAMILLO HINCAPIE,VEREDA EL MACHETE,-75.1894080126241,6.83921913543374,verde,1,116,272,0.4265,2,33,5,106,116
p0466,GUADALUPE,05315,,C.E.R. SAN JUAN ABAJO,VEREDA SAN JUAN,-75.21674820297,6.87457770688627,verde,1,7,14,0.5,1,1,0,6,7
p0467,GUADALUPE,05315,,CER ALBERTO BETANCUR,VEREDA MALABRIGO,-75.2078980506036,6.88622990010743,verde,1,10,19,0.5263,1,3,0,6,10
p0468,GUADALUPE,05315,,COLISEO MUNICIPAL GUADALUPE,CRA 18 # 49-2,-75.2381329817901,6.81367136744604,verde,1,895,1852,0.4833,15,131,71,705,895
p0469,GUARNE,05318,,C.E. SAN IGNACIO,VEREDA SAN IGNACIO,-75.4986025486678,6.19956882607678,verde,1,321,534,0.6011,3,102,34,64,321
p0470,GUARNE,05318,,CDI-CARRUSEL DE LOS SUEÑOS 1,CALLE 56 No. 52B-50,-75.4466049952636,6.28328453010678,verde,1,853,1439,0.5928,6,82,101,384,853
p0471,GUARNE,05318,,COLEGIO SAN ANTONIO,"CRA 50 No 35D - 43 SAN
ANTONIO",-75.434610115062,6.27081921655913,verde,1,3157,5227,0.604,23,431,421,1138,3157
p0472,GUARNE,05318,,COLISEO SANTO TOMAS,CRA 50 No 51-176-190,-75.4421669407244,6.28088920782239,verde,1,2055,3374,0.6091,14,392,270,607,2055
p0473,GUARNE,05318,,E.R. MANUEL JOSE SIERRA,VEREDA ALTO DE LA VIRGEN,-75.4342746734619,6.32377080198628,verde,1,529,775,0.6826,4,70,33,131,529
p0474,GUARNE,05318,,I.E. CHAPARRAL SEDE CENTRAL,VEREDA CHAPARRAL,-75.4094992026603,6.24507790325111,verde,1,1351,2199,0.6144,9,164,152,471,1351
p0475,GUARNE,05318,,I.E. EL SANGO,VEREDA EL SANGO,-75.4371152517314,6.29860867501211,verde,1,1387,2239,0.6195,10,209,147,444,1387
p0476,GUARNE,05318,,I.E. EZEQUIEL SIERRA,VEREDA YOLOMBAL,-75.4249594840604,6.29882464279471,verde,1,241,356,0.677,2,60,10,24,241
p0477,GUARNE,05318,,I.E. LA INMACULADA CONCEPCION,CRA 50 No. 51-92,-75.4421818256377,6.2801800223295,verde,1,3648,5868,0.6217,24,545,457,1090,3648
p0478,GUARNE,05318,,I.E. PIEDRAS BLANCAS,VEREDA PIEDRAS BLANCAS,-75.4362487792968,6.28117348162336,verde,1,486,830,0.5855,4,87,58,179,486
p0479,GUARNE,05318,,I.E.R ESCUELA SAN JOSE,VEREDA SAN JOSE,-75.4396095768023,6.24966221641097,verde,1,188,310,0.6065,1,23,25,72,188
p0480,GUARNE,05318,,I.E. SANTO TOMAS,CRA 50 No 52-99,-75.4410994138402,6.28077556490997,verde,1,2804,4710,0.5953,20,504,351,952,2804
p0481,GUARNE,05318,,INDER POLIGONO 25,CRA 53 N 46A 368,-75.444330482019,6.27812527398769,verde,1,1528,2721,0.5616,11,211,198,735,1528
p0482,GUARNE,05318,,J.A.C. TOLDAS,VEREDA TOLDAS,-75.4422890462669,6.25497638045973,verde,1,426,771,0.5525,4,99,54,174,426
p0483,GUATAPE,05321,,COLISEO MUNICIPAL DE GUATAPÉ,CRA 26 N° 30-04,-75.1584101099999,6.23267679699999,verde,1,3883,5874,0.661,24,794,312,799,3883
p0484,HELICONIA,05347,,C.E.R LA PAVA,VEREDA LA PAVA,-75.7726836204526,6.22486225252494,verde,1,32,89,0.3596,1,32,0,21,32
p0485,HELICONIA,05347,,I.E. ALTO DEL CORRAL,"CORREGIMIENTO ALTO DEL
CORRAL",-75.7729411125181,6.20484324646093,verde,1,182,399,0.4561,3,118,4,79,182
p0486,HELICONIA,05347,,I.E HECTOR HIGINIO BEDOYA VARGAS,"CORREGIMIENTO DE
PUEBLITO",-75.7214426994324,6.16765998130772,verde,1,155,331,0.4683,2,61,18,80,155
p0487,HELICONIA,05347,,I.E SAN RAFAEL,"CARRERA 19 N 21 CABECERA
MUNICIPAL",-75.7324290275573,6.20929027670054,verde,1,944,1702,0.5546,11,308,54,353,944
p0488,HELICONIA,05347,,SALON COMUNAL LLANO DE SAN JOSE,"CORREGIMIENTO LLANO DE
SAN JOSE",-75.7496353228759,6.25202850015644,verde,1,158,282,0.5603,2,46,8,55,158
p0489,HISPANIA,05353,,C.E.R. EL LLANETE,VEREDA EL LLANETE,-75.88675949,5.77458158299999,verde,1,18,24,0.75,1,3,1,0,18
p0490,HISPANIA,05353,,I.E. AURA MARIA VALENCIA,CALLE 49 # 52-51,-75.9085957937018,5.79904818544418,verde,1,1602,2536,0.6317,15,264,106,475,1602
p0491,ITAGUI,05360,,CARCEL DISTRITO NACIONAL,"Cra 70 No 23-10 Br. San
Francisco",-75.6435438760375,6.17093195200125,verde,1,30,68,0.4412,1,4,5,27,30
p0492,ITAGUI,05360,,CARCEL YARUMITO,CL 29 # 50 A -19,-75.6233818399998,6.162105385,verde,1,8,19,0.4211,1,2,1,8,8
p0493,ITAGUI,05360,,CASA DE LA MUJER,CRA 52D # 75 AA -221,-75.6288285266127,6.16186742920738,verde,1,194,343,0.5656,2,33,53,59,194
p0494,ITAGUI,05360,,CENTRAL MAYORISTA,"CL 85 # 48 - 01 BLOQUE
SIGLO XXI",-75.5897641524806,6.1893633970211,verde,1,522,873,0.5979,3,48,55,231,522
p0495,ITAGUI,05360,,COLEGIO EL ROSARIO,CLL 52 # 48 -12,-75.60752248,6.17116209799999,verde,1,4041,6501,0.6216,31,573,421,1360,4041
p0496,ITAGUI,05360,,I.E. ANTONIO JOSE DE SUCRE,CLL 37 # 42 - 10,-75.6160826699998,6.167600786,verde,1,5170,10293,0.5023,54,704,1152,3089,5170
p0497,ITAGUI,05360,,I.E. AVELINO SALDARRIAGA GAVIRIA,CLL 39 No 49-77,-75.6166995799999,6.168550124,verde,1,3278,6350,0.5162,34,421,709,1847,3278
p0498,ITAGUI,05360,,I.E. AVELINO SALDARRIAGA SEDE LA UNIÓN,CLL 44 # 55D - 19,-75.6162146599998,6.17412244999999,verde,1,2097,3735,0.5614,18,293,287,976,2097
p0499,ITAGUI,05360,,I.E. BENEDIKTA ZUR NIEDEN,"CL 80 # 57 - 16 SECTOR
LAURELES DEL SUR",-75.59885377,6.19165691799999,verde,1,2336,4459,0.5239,18,302,540,1220,2336
p0500,ITAGUI,05360,,I.E. CARLOS ENRIQUE CORTES,CL 63 # 54 B - 41,-75.60337685,6.18011179999999,verde,1,1109,2133,0.5199,11,144,213,627,1109
p0501,ITAGUI,05360,,I.E. CIUDAD ITAGÜÍ SEDE EL TABLAZO,CRA 55 A # 61 - 21,-75.6067338254543,6.17929338935758,verde,1,379,808,0.4691,4,54,71,286,379
p0502,ITAGUI,05360,,I.E. CONCEJO MUNICIPAL - SEDE BARILOCHE,CRA 64 # 25 - 01,-75.6437580866943,6.1682948137661,verde,1,564,1105,0.5104,5,67,115,344,564
p0503,ITAGUI,05360,,I.E. DIEGO ECHAVARRIA MISAS,KR 48 # 48 - 48,-75.610286593437,6.16965965701939,verde,1,4994,8238,0.6062,38,841,570,1701,4994
p0504,ITAGUI,05360,,I.E. EL ROSARIO,CLL. 47A # 59 - 37,-75.61307764,6.17848744399999,verde,1,1996,4001,0.4989,22,311,278,1306,1995
p0505,ITAGUI,05360,,I.E. ENRIQUE VELEZ ESCOBAR,KR 52C # 72 - 69,-75.59853823,6.18465752899999,verde,1,4286,6599,0.6495,30,567,443,1223,4286
p0506,ITAGUI,05360,,I.E. FELIPE DE RESTREPO,CLL 30 # 49 - 13,-75.62121014,6.16283584199999,verde,1,3858,6809,0.5666,31,484,619,1751,3858
p0507,ITAGUI,05360,,I.E. ISOLDA ECHAVARRIA,CLL 34A # 57 - 60,-75.6258834599999,6.167984788,verde,1,2941,5280,0.557,24,426,563,1249,2941
p0508,ITAGUI,05360,,I.E. JOHN F. KENNEDY,CLL 31 # 50C - 30,-75.6241092,6.163613329,verde,1,4059,6809,0.5961,32,518,577,1525,4059
p0509,ITAGUI,05360,,I.E. JUAN N. CADAVID,KR 48 # 48 - 88,-75.60988677,6.169787462,verde,1,2387,4018,0.5941,20,277,330,952,2387
p0510,ITAGUI,05360,,I.E. LOMA LINDA,KR 59A # 64-10,-75.6087490699999,6.18233311499999,verde,1,3125,5765,0.5421,27,421,544,1565,3125
p0511,ITAGUI,05360,,I.E LOS GOMEZ,VEREDA LOS GOMEZ,-75.6089510999998,6.191848,verde,1,1571,3081,0.5099,21,269,175,961,1571
p0512,ITAGUI,05360,,I.E. LOS GOMEZ SEDE EL AJIZAL,VEREDA EL AJIZAL,-75.6018928715687,6.19556712422577,verde,1,189,437,0.4325,3,27,22,178,189
p0513,ITAGUI,05360,,I.E. LUIS CARLOS GALAN,CLL 39 No 64-61 VILLALIA,-75.6284346799998,6.17402012199999,verde,1,1243,2543,0.4888,11,149,277,811,1243
p0514,ITAGUI,05360,,I.E. MARCELIANA SALDARRIAGA,KR 52D # 71 - 23,-75.5994476099998,6.184283298,verde,1,5329,9318,0.5719,39,669,827,2287,5329
p0515,ITAGUI,05360,,I.E. MARIA JESUS MEJIA SEDE 2,KR 52D # 61 - 25,-75.6040162809958,6.17835152207944,verde,1,1903,3419,0.5566,18,226,339,891,1903
p0516,ITAGUI,05360,,I.E. MARIA JESUS MEJIA SEDE BACHILLERATO,CRA 47 # 51-44,-75.607145933641,6.1701545119463,verde,1,1575,3519,0.4476,17,247,408,1230,1575
p0517,ITAGUI,05360,,I.E. MARIA JOSEFA ESCOBAR,VEREDA EL PEDREGAL,-75.616943,6.18889499999999,verde,1,546,1315,0.4152,7,101,102,539,546
p0518,ITAGUI,05360,,I.E. ORESTES SINDICCE,Cll 76 No 49-24 SANTA MARIA,-75.5942139299999,6.18446899599999,verde,1,1609,2877,0.5593,12,180,342,717,1609
p0519,ITAGUI,05360,,I.E. PEDRO ESTRADA,KR 47 # 85 - 113,-75.5885068,6.19099335299999,verde,1,2677,4408,0.6073,21,313,277,1032,2677
p0520,ITAGUI,05360,,I.E. SAN JOSE,CRA 50A # 37B-60,-75.6185983045537,6.16885016122012,verde,1,338,694,0.487,3,57,65,224,338
p0521,ITAGUI,05360,,I.E. SIMON BOLIVAR,CLL 65 # 46A - 95,-75.5989345099999,6.17943610699999,verde,1,4075,6876,0.5926,29,536,657,1470,4075
p0522,ITAGUI,05360,,"IE CIUDAD ITAGÜÍ-SD MARÍA BERNAL
MOLINA",KR 57A # 63 - 171,-75.6047890799999,6.181277943,verde,1,2356,3728,0.632,15,372,229,721,2356
p0523,ITAGUI,05360,,"IE CONCEJO MUNICIPAL-SEDE SAN
FRANCISCO",KR 68 # 26 -24,-75.6418257999999,6.17066783499999,verde,1,3298,6033,0.5467,27,491,485,1624,3298
p0524,ITAGUI,05360,,PLACA POLIDEPORTIVA LA UNIÓN,CL 44 # 55C -19,-75.6162021560495,6.17420988416918,amarillo,2,41,128,0.3203,1,20,8,54,41
p0525,ITAGUI,05360,,"PLACA POLIDEPORTIVA SANTA MARIA LA
NUEVA",CL 38 # 55-01,-75.618574715041,6.17193813627959,verde,1,119,209,0.5694,1,16,22,51,119
p0526,ITAGUI,05360,,POLIDEPORTIVO MUNICIPAL,CRA 46 No 53 - 60,-75.6048913432093,6.16964301644216,verde,1,3377,4911,0.6876,17,290,208,915,3377
p0527,ITAGUI,05360,,SD 2 I.E. ESTEBAN OCHOA,CRA 67 # 28-108,-75.6368046880794,6.17221753751404,verde,1,608,1311,0.4638,5,83,145,436,608
p0528,ITAGUI,05360,,SD ARNULFO FLOREZ IE ENRIQUE VELEZ E.,KR 52D # 83 - 63,-75.59334889,6.191383654,verde,1,4787,7334,0.6527,32,634,502,1288,4787
p0529,ITAGUI,05360,,SD PRINCIPAL I.E. ESTEBAN OCHOA,KR 68 # 36 - 75,-75.63282003,6.17466649699999,verde,1,3081,5318,0.5794,25,379,444,1318,3081
p0530,ITAGUI,05360,,"SD PROVIDENCIA IE ENRIQUE VELEZ
ESCOBAR",CL 77B # 52A-46,-75.5948416798842,6.18609791088994,verde,1,366,653,0.5605,3,52,76,149,366
p0531,ITAGUI,05360,,"SEDE JUNTA DE ACCION COMUNAL LA
FINQUITA",CRA 56A # 28A-35,-75.6264407327848,6.16185309775636,verde,1,773,1255,0.6159,5,86,104,269,773
p0532,ITAGUI,05360,,"SEDE JUNTA DE ACCION COMUNAL LA
UNIÓN",CL 44 # 55 B -15,-75.6159871333894,6.17386439251423,verde,1,279,616,0.4529,3,35,48,236,279
p0533,ITAGUI,05360,,UNIVERSIDAD IDEAS,KR 46 # 51-41,-75.6072505909958,6.16954595634314,verde,1,3142,4595,0.6838,16,371,305,714,3142
p0534,ITUANGO,05361,,"ANTIGUA INSPECCION DE POLICIA LA
HUNDIDA","SECTOR LA QUIEBRA,
VEREDA LA HUNDIDA",-75.80201,7.158207,verde,1,47,92,0.5109,1,21,2,17,47
p0535,ITUANGO,05361,,C.E.R EL CEDRAL,VEREDA EL CEDRAL,-75.84784,7.1963198,amarillo,2,34,97,0.3505,2,16,1,38,34
p0536,ITUANGO,05361,,C.E.R PATRICIO SUCERQUIA,CENTRO POBLADO PASCUITA,-75.654408,7.190778,verde,1,56,98,0.5714,2,5,2,30,56
p0537,ITUANGO,05361,,C.E.R SAN JUANILLO,VEREDA SAN JUANILLO,-75.66434,7.34043,amarillo,2,7,28,0.25,1,7,0,9,7
p0538,ITUANGO,05361,,C.E.R SANTA LUCIA,VEREDA SANTA LUCIA,-75.824625,7.313881,amarillo,2,27,78,0.3462,2,6,1,32,27
p0539,ITUANGO,05361,,CARCEL ITUANGO,CRA CORDOBA N 18 - 13,-75.7652415,7.1721235,amarillo,2,2,8,0.25,1,2,0,3,2
p0540,ITUANGO,05361,,CASA DE LA CULTURA SANTA RITA DE ITUANGO,CORREGIMIENTO SANTA RITA DIAG AL PARQUE PRINCIPAL,-75.616853,7.319242,amarillo,2,121,424,0.2854,7,55,12,180,121
p0541,ITUANGO,05361,,CASETA COMUNAL EL ARO,CORREGIMIENTO EL ARO,-75.518672,7.249739,amarillo,2,3,61,0.0492,2,0,2,56,3
p0542,ITUANGO,05361,,I.E BADILLO,VEREDA BADILLO,-75.9652884499954,7.35099864685017,rojo,6,0,11,0.0,1,0,1,7,0
p0543,ITUANGO,05361,,I.E JESUS MARIA VALLE JARAMILLO,CORREGIMIENTO LA GRANJA,-75.7222529,7.2857334,verde,1,107,210,0.5095,4,34,2,45,107
p0544,ITUANGO,05361,,I.E LA PEREZ,"VEREDA QUEBRADA DEL
MEDIO",-75.821367,7.246081,verde,1,20,66,0.303,2,12,0,20,20
p0545,ITUANGO,05361,,I.E PEDRO NEL OSPINA,CALLE BERRIO # 22-18,-75.7645853961097,7.17342020531893,verde,1,1560,3285,0.4749,32,305,118,1091,1560
p0546,ITUANGO,05361,,SALON PARROQUIAL SANTA ANA,"CENTRO POBLADO SANTA
ANA",-75.868153,7.1644,verde,1,14,24,0.5833,1,2,0,7,14
p0547,ITUANGO,05361,,TIENDA LA GUAMERA,"SECTOR LA GUAMERA, VIA
PUERTO VALDIVIA",-75.445986,7.249911,amarillo,2,3,16,0.1875,1,0,0,12,3
p0548,JARDIN,05364,,I.E. DAVID CROZIER,VDA. LA CASIANA,-75.8550921064146,5.61436015774915,verde,1,174,251,0.6932,2,31,13,30,174
p0549,JARDIN,05364,,I.E. ESCUELA MOISES ROJAS,"CLL.9 SANTANDER CON CR 2
GIRALDO",-75.81912,5.60019,verde,1,4552,8018,0.5677,36,1064,382,1877,4552
p0550,JARDIN,05364,,I.E. MARIA JOSEFA CORREA,VEREDA LA ARBOLEDA,-75.8603039808685,5.5432941265562,verde,1,73,132,0.553,1,34,0,11,73
p0551,JERICO,05368,,CARCEL,CARRERA 6 NO 4 29.,-75.7844001054762,5.79163751228845,amarillo,2,7,26,0.2692,1,0,0,14,7
p0552,JERICO,05368,,I.E. ESCUELA MADRE LAURA,"CALLE 4 CON CRA 1 SECTOR
ESTADIO",-75.78659,5.79483,verde,1,4016,6527,0.6153,32,945,246,1166,4016
p0553,JERICO,05368,,I.E.R SAN FRANCISCO DE ASIS,"CORREGIMIENTO
PALOCABILDO",-75.7372140884397,5.76953890154223,verde,1,120,210,0.5714,1,32,6,48,120
p0554,LA CEJA,05376,,C.E.LA PAZ,CL 19 # 17 - 49,-75.4293752699998,6.02905910099999,verde,1,4205,6615,0.6357,25,736,560,993,4205
p0555,LA CEJA,05376,,CENTRO DIA GERONTOLOGICO,CRA 27 No. 21A - 25,-75.42907348,6.03631074499999,verde,1,1579,2834,0.5572,12,254,274,666,1579
p0556,LA CEJA,05376,,COLISEO DE COMBATE,CALLE 19 13 94,-75.4255764765869,6.02942137343674,verde,1,1533,2612,0.5869,9,216,203,631,1533
p0557,LA CEJA,05376,,COLISEO POLIDEPORTIVO LA CEJA,CL 19 # 13 - 94,-75.43445278,6.029663889,verde,1,3016,4537,0.6648,21,543,241,635,3016
p0558,LA CEJA,05376,,ESC. ALFONSO URIBE JARAMILLO,KR 16 # 25 - 26,-75.4262128308461,6.03436116214096,verde,1,3479,5675,0.613,22,513,482,1089,3479
p0559,LA CEJA,05376,,ESC JUSTO PASTOR MEJIA,CALLE 20 No 24-28,-75.4349222199999,6.032202778,verde,1,2056,3604,0.5705,15,374,300,779,2056
p0560,LA CEJA,05376,,ESC. MARIA JOSEFA MARULANDA,CL 14 # 21 - 45,-75.4315280914306,6.03122535153572,verde,1,2117,3397,0.6232,13,380,274,558,2117
p0561,LA CEJA,05376,,I.E FRANCISCO MARIA CARDONA,"CORREGIMIENTO DE SAN
JOSE",-75.4883751799999,5.96550622699999,verde,1,843,1189,0.709,5,142,51,115,843
p0562,LA CEJA,05376,,I.E.LA PAZ SEDE 2,DIAGONAL 13C No. 15 - 130,-75.4270144,6.02701863199999,verde,1,2501,4473,0.5591,17,409,508,987,2501
p0563,LA CEJA,05376,,IE BERNARDO URIBE LONDOÑO SD 1,CRA 13 No 21-100,-75.4234913672782,6.02990800632997,verde,1,2075,3441,0.603,14,265,359,679,2075
p0564,LA CEJA,05376,,IE CONCEJO MUNICIPAL,CALLE 9 NUMERO 23 09,-75.4308389706741,6.02171661682056,verde,1,1303,2588,0.5035,11,161,435,642,1303
p0565,LA CEJA,05376,,PARQUE BIBLIOTECA EL PARAISO,"KR 16 No. 7D-8 BR. EL
PARAISO",-75.4309574714094,6.02083849937976,verde,1,2691,4575,0.5882,17,425,537,848,2691
p0566,LA ESTRELLA,05380,,AULA AMBIENTAL,CALLE 77 SUR No. 52D-120,-75.6437995423278,6.15970999999999,verde,1,322,604,0.5331,3,52,75,150,322
p0567,LA ESTRELLA,05380,,CARCEL MUNICIPAL LA ESTRELLA,CARRERA 55 No. 87 SUR 56,-75.6341743469236,6.13918936896937,verde,1,12,30,0.4,1,6,2,9,12
p0568,LA ESTRELLA,05380,,CASA PARA LA EDUCACION,CRA 61 # 83 A SUR 52,-75.6363611099998,6.162858628,verde,1,1999,3328,0.6007,16,461,250,571,1999
p0569,LA ESTRELLA,05380,,COL. DIVINO SALVADOR,"CARRERA 54 No. 75 AA SUR
31",-75.6368322999998,6.16273089999999,verde,1,2954,4885,0.6047,21,453,500,934,2954
p0570,LA ESTRELLA,05380,,I.E. ANA EVA ESCOBAR SEDE BACHILLERATO,CALLE 95 SUR No. 55-31,-75.64060870001,6.1380486,verde,1,930,1687,0.5513,9,174,86,427,930
p0571,LA ESTRELLA,05380,,I.E. BAM SEDE JAIME ARANGO VELASQUEZ,CARRERA 63 No. 77 sur 83,-75.6428877299998,6.158525391,verde,1,2077,3325,0.6247,16,387,180,632,2077
p0572,LA ESTRELLA,05380,,I.E. CONCEJO MUNICIPAL,CALLE 87 SUR No. 55-270,-75.638647,6.151564,verde,1,2472,4964,0.498,28,379,566,1461,2472
p0573,LA ESTRELLA,05380,,I.E. JOSE ANTONIO GALAN,CALLE 100 B SUR No. 50-181,-75.6341743469236,6.118707,verde,1,453,999,0.4535,5,85,69,366,453
p0574,LA ESTRELLA,05380,,"INST. MPAL DE DEPORTES ""INDERE""",CRA 60 No 83 A SUR 092,-75.6435710114135,6.15552595051333,verde,1,2570,4632,0.5548,22,511,379,1113,2570
p0575,LA ESTRELLA,05380,,SD INMACULADA FE Y ALEGRIA I.E. JAGA,CALLE 96 B SUR No 51-03,-75.636749267578,6.13918936896939,verde,1,1585,3609,0.4392,19,281,414,1233,1585
p0576,LA ESTRELLA,05380,,SD MANUELA BELTRAN I.E. BAM,CARRERA 60 # 82 SUR 07,-75.643821,6.156363,verde,1,1023,1981,0.5164,8,171,256,503,1023
p0577,LA ESTRELLA,05380,,SD RAFAEL POMBO I.E. BAM,CARRERA 60 No. 79 SUR 29,-75.642814,6.158642,verde,1,3312,5637,0.5875,22,591,455,1211,3312
p0578,LA ESTRELLA,05380,,SD TULIO OSPINA I.E. JAGA,CALLE 100 C SUR No. 48C-18,-75.63688856,6.11852808999999,verde,1,2870,5583,0.5141,27,559,347,1659,2870
p0579,LA PINTADA,05390,,COLISEO MARCO TULIO RESTREPO MUNERA,AVENIDA 30#31-09,-75.6053352355957,5.74717407665167,verde,1,1908,3627,0.5261,22,347,82,1191,1908
p0580,LA UNION,05400,,COLISEO ERNESTO RIOS ARIAS,CRA 10 No 8-23,-75.3613818999998,5.97184899999999,verde,1,4836,8405,0.5754,36,1531,624,1163,4836
p0581,LA UNION,05400,,I.E. FELIX MARIA RESTREPO LONDOÑO,CLL 11 No 08 - 05,-75.3605,5.974,verde,1,2309,4724,0.4888,21,485,611,1169,2309
p0582,LA UNION,05400,,I.E. MARCO EMILIO LOPEZ GALLEGO,CALLE 10 # 9 - 08,-75.31609444,5.884725,verde,1,303,485,0.6247,3,77,33,60,303
p0583,LIBORINA,05411,,COLISEO MUNICIPAL,CALLE 8 # 13 - 60,-75.8148801326751,6.67619074270806,verde,1,1708,2627,0.6502,16,387,85,396,1708
p0584,LIBORINA,05411,,"EL CARMEN DE LA VENTA PLACA
POLIDEPORT.","CORREGIMIENTO EL
CARMEN DE LA VENTA",-75.7499332875084,6.68296830463708,verde,1,182,335,0.5433,2,65,15,69,182
p0585,LIBORINA,05411,,LA HONDA PLACA POLIDEPORTIVA,CORREGIMIENTO LA HONDA,-75.8277811908486,6.78116462107058,verde,1,248,351,0.7066,3,39,1,49,248
p0586,LIBORINA,05411,,"LA MERCED DEL PLAYON PLACA
POLIDEPORT.","CORREGIMIENTO LA MERCED
DEL PLAYON",-75.748946070671,6.76462867037723,verde,1,141,208,0.6779,2,41,8,15,141
p0587,LIBORINA,05411,,SAN DIEGO PLACA POLIDEPORTIVA,CORREGIMIENTO SAN DIEGO,-75.7751835793465,6.71958762966396,verde,1,750,1228,0.6107,7,203,55,171,750
p0588,MACEO,05425,,CASA DE LA CULTURA,CORREGIMIENTO LA SUSANA,-74.6608436107634,6.60126238759776,verde,1,173,314,0.551,3,53,2,66,173
p0589,MACEO,05425,,COLEGIO LA FLORESTA,"CORREGIMIENTO LA
FLORESTA",-74.7001111507415,6.47721788970972,verde,1,370,649,0.5701,4,75,10,158,370
p0590,MACEO,05425,,COLISEO CUBIERTO CENTENARIO,CALLE 30 CON CRA 25,-74.7856628894805,6.55261823201256,verde,1,1804,3069,0.5878,18,499,96,575,1804
p0591,MACEO,05425,,"ROUND POINT VIA MEDELLIN A PUERTO
BERRIO","CORREGIMIENTO PUERTO
NUS",-74.824925905596,6.49614996791275,verde,1,170,276,0.6159,2,26,3,68,170
p0592,MARINILLA,05440,,COLEGIO NACIONAL SAN JOSE,CL 30 # 25-129 BR LA RAMAD,-75.3327077199156,6.17193153401561,verde,1,3675,5622,0.6537,24,609,327,897,3675
p0593,MARINILLA,05440,,COLISEO MUNICIPAL,CL 30 # 41-01 BR MARIA AUX,-75.3424393590349,6.17657052649001,verde,1,3004,5212,0.5764,22,421,582,1124,3004
p0594,MARINILLA,05440,,COREDI,CLL 30 No 36-12,-75.3392069499847,6.17515933726496,verde,1,1535,2829,0.5426,12,203,376,660,1535
p0595,MARINILLA,05440,,ESC. NORMAL SUP RAFAEL M. GIR,CL 29 # 38-71 BR LAS MARGA,-75.3416181247499,6.17500744702716,verde,1,3572,5977,0.5976,23,550,570,1196,3572
p0596,MARINILLA,05440,,I.E.R. ROSALIA HOYOS,VEREDA LA PRIMAVERA,-75.337766083767,6.19648640355174,verde,1,188,291,0.646,2,23,29,50,188
p0597,MARINILLA,05440,,"IE ROMAN GOMEZ SD PRIMARIA ESCUELA
ROJA",CL 27 # 31-171 BR SAN JUAN,-75.3381457833683,6.17058598307512,verde,1,3643,5697,0.6395,23,509,489,976,3643
p0598,MARINILLA,05440,,PRIMARIA ESCUELA AZUL IE TEC INDUSTRIAL,CLL 30 No 33-42,-75.336913452416,6.17473537763046,verde,1,3319,5230,0.6346,22,528,221,1009,3319
p0599,MARINILLA,05440,,"SIMONA DUQUE SECUNDARIA IE TEC
INDUST.","CLL 29 No 32-73 B. LA
INDUSTRIAL",-75.3367452737207,6.17358287565105,verde,1,4421,6854,0.645,28,737,441,1101,4421
p0600,MEDELLIN,05001,10,ALCALDIA MUNICIPAL (SOTANO),CL 44 # 52-165,-75.573693258162,6.24481434144119,verde,1,4437,7746,0.5728,40,807,468,1909,4437
p0601,MEDELLIN,05001,90,C.E. JUAN ANDRES PATIÑO,"CORREGIMIENTO SANTA
ELENA",-75.4799755784379,6.23197894711261,verde,1,205,425,0.4824,2,40,44,134,205
p0602,MEDELLIN,05001,70,C.E. MARIA PAULINA TABORDA,"CLL 34 AB 126B 301 - VDA
TRAVESIAS EL CORAZON",-75.6362051146259,6.24788932345022,verde,1,109,212,0.5142,1,22,17,60,109
p0603,MEDELLIN,05001,90,C.E. MEDIA LUNA,"CORREGIMIENTO SANTA
ELENA",-75.5176584479491,6.23837955350542,verde,1,100,162,0.6173,1,15,11,35,100
p0604,MEDELLIN,05001,12,C4TA CIUDADELA,CL 42C 95 51,-75.6137856228027,6.25347088063649,verde,1,1044,2118,0.4929,9,156,247,649,1044
p0605,MEDELLIN,05001,90,CASA DE GOBIERNO SANTA ELENA,"CORREGIMIENTO SANTA
ELENA",-75.4976222479098,6.20956799172564,verde,1,1255,2256,0.5563,9,327,158,477,1255
p0606,MEDELLIN,05001,00,CENTRO CARLOS LLERAS RESTREPO,CALLE 65C No. 94C-80,-75.6025791697869,6.28525133385359,verde,1,46,103,0.4466,2,10,3,40,46
p0607,MEDELLIN,05001,10,CENTRO COMERCIAL SAN DIEGO,CL 34 # 43-66,-75.5692212578617,6.23510426136417,verde,1,6737,9977,0.6753,39,1174,635,1360,6737
p0608,MEDELLIN,05001,80,CENTRO DE DESARROLLO SOCIAL (CDS),CRA 79 No 40 SUR - 40,-75.6558790664324,6.18540887478528,verde,1,2344,4839,0.4844,20,363,427,1564,2344
p0609,MEDELLIN,05001,70,CENTRO EDUCATIVO EL MANZANILLO,"CLL 5A SUR No 89A - 11
VEREDA MANZANILLO",-75.6141764090668,6.20670567399244,verde,1,553,851,0.6498,4,76,62,146,553
p0610,MEDELLIN,05001,04,COL AGUSTINIANO DE SAN NICOLAS,KR 48 # 93-13,-75.5555363267569,6.28476235428265,verde,1,4753,8223,0.578,36,787,677,1864,4753
p0611,MEDELLIN,05001,11,"COL. CALASANZ (FEM) CAMPESTRE
ESCOLAPIAS",CL 55 76A 71 (COLISEO),-75.5906139763586,6.26563225234426,verde,1,5446,8660,0.6289,30,742,1027,1385,5446
p0612,MEDELLIN,05001,14,"COL DE LA COMPAÑIA DE MARIA LA
ENSEÑANZA",CALLE 9 SUR No 37-345,-75.5743729977304,6.19493669066274,verde,1,5309,6676,0.7952,23,898,206,247,5309
p0613,MEDELLIN,05001,16,COL LA INMACULADA,CRA 76 No 12-57,-75.5986170489363,6.22114232016575,verde,1,5510,8462,0.6511,29,662,987,1253,5510
p0614,MEDELLIN,05001,14,COL.MARYMOUNT,CALLE 7 No. 25-64,-75.5561721213073,6.20558968158804,verde,1,9394,11853,0.7925,38,1428,594,410,9394
p0615,MEDELLIN,05001,07,COL MAYOR DE ANTIOQUIA,CRA 78 No 65-46,-75.5920186302599,6.27323894659604,verde,1,1672,4059,0.4119,16,286,648,1418,1672
p0616,MEDELLIN,05001,11,COL. SAN IGNACIO DE LOYOLA - SD INFANTIL,CALLE 47D No. 75-83,-75.5929611947273,6.25433416671941,verde,1,2264,3954,0.5726,14,354,465,838,2264
p0617,MEDELLIN,05001,11,"COL. SAN IGNACIO DE LOYOLA - SD
MAYORES",CLL 48 No 68-98,-75.5866542352741,6.25406253075718,verde,1,1596,2848,0.5604,11,246,337,641,1596
p0618,MEDELLIN,05001,14,COL. SAN JOSE DE LAS VEGAS,CRA 48 No 7SUR-52,-75.5767581640926,6.19862085360708,verde,1,6507,9316,0.6985,31,1280,878,618,6507
p0619,MEDELLIN,05001,14,COL.SANTA MARIA DEL ROSARIO,CALLE 7B SUR No. 29C - 100,-75.5653559504971,6.19258264202586,verde,1,11266,14112,0.7983,45,1613,583,595,11266
p0620,MEDELLIN,05001,11,COLEGIO BETHLEMITAS,TRANSVERSAL 36 No 72-93,-75.5954922143607,6.24080942519567,verde,1,4169,6201,0.6723,21,693,579,710,4169
p0621,MEDELLIN,05001,14,COLEGIO CAMPESTRE MANZANARES,CARRERA 16 No 12 SUR 28,-75.5564793914334,6.18475823277591,verde,1,754,929,0.8116,4,89,46,37,754
p0622,MEDELLIN,05001,09,COLEGIO EUCARISTICO,CRA 28 No 42-62,-75.5535961359991,6.23554294808686,verde,1,2748,5268,0.5216,20,339,589,1517,2748
p0623,MEDELLIN,05001,12,COLEGIO LATINO,CRA 86 A # 34 - 64,-75.6034693949552,6.24905732630557,verde,1,3570,5124,0.6967,21,538,301,690,3570
p0624,MEDELLIN,05001,16,COLEGIO PADRE MANYANET,CARRERA 84F No. 8 - 29,-75.6088453405816,6.21968464011102,verde,1,4084,6075,0.6723,22,493,671,788,4084
p0625,MEDELLIN,05001,14,COLEGIO PINARES ALTOVERDE,CARRERA 35 No 9 SUR 160,-75.5705694075187,6.19110840611496,verde,1,901,1168,0.7714,4,119,76,62,901
p0626,MEDELLIN,05001,10,COLEGIO SALESIANO EL SUFRAGIO,KR 39 # 54-31,-75.5580742206209,6.2482936948786,verde,1,5229,9161,0.5708,37,899,627,2314,5229
p0627,MEDELLIN,05001,14,COLEGIO SAN JOSE DE LA SALLE,CALLE 9 No 10 337,-75.5468359925992,6.20403317611534,verde,1,671,861,0.7793,3,82,59,45,671
p0628,MEDELLIN,05001,16,COLEGIO SAN JUAN BOSCO,CLL 28 No 73-01,-75.5940050841637,6.22924537457425,verde,1,1647,2763,0.5961,10,219,350,532,1647
p0629,MEDELLIN,05001,14,COLEGIO SAN LUCAS,CLL 20 SUR No 25B-91,-75.56606314931,6.1812967397386,verde,1,4430,5640,0.7855,18,654,301,240,4430
p0630,MEDELLIN,05001,90,COLISEO SANTA ELENA,"CORREGIMIENTO SANTA
ELENA",-75.4971001555855,6.21078407577089,verde,1,1548,3165,0.4891,14,250,341,996,1548
p0631,MEDELLIN,05001,11,CORP. UNIVERSITARIA ADVENTISTA - UNAC,CRA 84 No 33AA-01,-75.6093520251819,6.24088499592828,verde,1,3539,5299,0.6679,18,400,569,753,3539
p0632,MEDELLIN,05001,09,ESC NORMAL SUPERIOR ANTIOQUEÑA,KR 36A # 48-55,-75.5582033976252,6.24246257855172,verde,1,3688,6561,0.5621,28,505,705,1585,3688
p0633,MEDELLIN,05001,00,"ESTABLECIMIENTO CARCELARIO PEDREGAL
MEDE","KM 6 VIA AL MAR FINCA LA
TERES",-75.6281233601634,6.28353997207964,amarillo,2,15,50,0.3,1,3,2,29,15
p0634,MEDELLIN,05001,00,ESTADIO ATANASIO GIRARDOT,CL 48 # 73 - 10,-75.5901706528607,6.25678210820705,verde,1,10538,15792,0.6673,60,1173,615,3068,10538
p0635,MEDELLIN,05001,16,I.E.ALCALDIA DE MEDELLIN,CL 2B NO 79-80,-75.603600615487,6.21262728414803,verde,1,4335,7224,0.6001,32,571,517,1500,4335
p0636,MEDELLIN,05001,04,I.E. ALFONSO MORA NARANJO,KR 48A # 77-68,-75.5572176697897,6.27121854160862,verde,1,3526,6195,0.5692,28,588,526,1457,3526
p0637,MEDELLIN,05001,06,I.E.ALFREDO COCK ARANGO,KR 72 # 99-55,-75.5734368827177,6.296449124083,verde,1,3523,6033,0.584,28,483,425,1453,3523
p0638,MEDELLIN,05001,12,I.E AMERICA,CALLE 34 EE No. 91-20,-75.6156878035024,6.24570929178178,verde,1,1509,2759,0.5469,11,232,349,633,1509
p0639,MEDELLIN,05001,02,I.E. ASIA IGNACIANA,CL 122 # 51B-30,-75.5550337001775,6.30628839853411,verde,1,3651,7783,0.4691,41,689,726,2510,3651
p0640,MEDELLIN,05001,02,I.E. BARRIO SANTA CRUZ,CL 103 # 43A - 45,-75.5504001736103,6.29240139148556,verde,1,2565,5617,0.4566,32,340,547,2033,2565
p0641,MEDELLIN,05001,15,I.E.BENJAMIN HERRERA,CL 25 # 52-140,-75.579633590099,6.2264501477546,verde,1,3697,5904,0.6262,23,494,541,1104,3697
p0642,MEDELLIN,05001,13,I.E. BLANQUIZAL,CR 92DD 57F 41,-75.6054544737888,6.27540740239359,amarillo,2,1510,3627,0.4163,20,256,256,1514,1510
p0643,MEDELLIN,05001,15,I.E. CAMILO C. RESTREPO,Cra 65 D # 24-40,-75.5853828080026,6.22575298143614,verde,1,2778,4577,0.6069,21,435,378,924,2778
p0644,MEDELLIN,05001,07,I.E.CAMILO MORA CARRASQUILLA,CALLE 62D # 94B-74,-75.6061662204284,6.27827924427197,verde,1,1090,2369,0.4601,12,149,249,831,1090
p0645,MEDELLIN,05001,04,I.E. CAMPO VALDES,CL 83 # 47-33,-75.5558854217905,6.27565982985049,verde,1,3819,7574,0.5042,35,505,798,2333,3819
p0646,MEDELLIN,05001,16,I.E. CAPILLA DEL ROSARIO,CALLE 6 SUR No. 79 - 195,-75.6019875088249,6.20515638623111,verde,1,2046,3585,0.5707,13,274,441,781,2046
p0647,MEDELLIN,05001,13,I.E. CARLOS VIECO ORTIZ,CALLE 40 No. 105 - 36,-75.6199653017967,6.25541309019425,verde,1,1980,4142,0.478,19,272,467,1354,1980
p0648,MEDELLIN,05001,10,"I.E. CENTRO FORMATIVO DE ANTIOQUIA -
CEFA",CL 50 # 41-55,-75.5617822227897,6.24647090240853,verde,1,5518,10762,0.5127,46,1060,843,3200,5518
p0649,MEDELLIN,05001,06,I.E. CIUDADELA LAS AMERICAS,CL 111 # 79-77,-75.5752581486219,6.30866201236336,verde,1,3711,7085,0.5238,34,551,664,2038,3711
p0650,MEDELLIN,05001,12,I.E. CONCEJO DE MEDELLIN,KR 82 # 47A-65,-75.6005217063114,6.25827562029093,verde,1,7932,12291,0.6454,47,1314,945,1933,7932
p0651,MEDELLIN,05001,15,I.E.CRISTO REY,CALLE 2 SUR No. 50D - 30,-75.581788797889,6.20528863323103,verde,1,4347,6569,0.6617,28,611,501,1044,4347
p0652,MEDELLIN,05001,70,I.E. DEBORA ARANGO PEREZ,CL 18 103 160 ALTAVISTA,-75.6263357793434,6.22378516350669,verde,1,2546,5080,0.5012,27,351,367,1656,2546
p0653,MEDELLIN,05001,05,I.E. DINAMARCA,Calle 91 No 65-119,-75.5729521270142,6.2825645007831,verde,1,1928,4142,0.4655,18,248,487,1411,1928
p0654,MEDELLIN,05001,06,I.E. DOCE DE OCTUBRE,KR 77B # 103-05,-75.5768907220333,6.30294598950354,verde,1,2579,4368,0.5904,19,508,288,894,2579
p0655,MEDELLIN,05001,13,I.E.EDUARDO SANTOS,CALLE 43 No. 120C - 77,-75.6289704108123,6.2587324791211,verde,1,1522,3197,0.4761,15,240,295,1070,1522
p0656,MEDELLIN,05001,04,I.E. EL BOSQUE,Cra 58 # 85B 81,-75.5670925637368,6.2800006957105,amarillo,2,1009,2589,0.3897,14,155,204,1174,1009
p0657,MEDELLIN,05001,13,I.E.EL CORAZON,CR 116 F 34A 131,-75.6298617903313,6.24734513133079,verde,1,981,2174,0.4512,11,137,195,790,981
p0658,MEDELLIN,05001,07,I.E.EL DIAMANTE (SEDE BTO),CARRERA 87 No. 79-05,-75.588139141341,6.28602012752246,verde,1,2661,5643,0.4716,26,292,700,1894,2661
p0659,MEDELLIN,05001,06,I.E. EL TRIUNFO SANTA TERESA,CL 104 D 82 GG 20,-75.5811799214672,6.30660471293869,verde,1,1040,2421,0.4296,11,148,244,949,1040
p0660,MEDELLIN,05001,16,I.E. FATIMA NUTIBARA,CARRERA 65A No. 32B - 120,-75.5832441938044,6.23670918406363,verde,1,4930,7481,0.659,28,717,665,1100,4930
p0661,MEDELLIN,05001,01,I.E.FE Y ALEGRIA GRANIZAL,Cra 39A # 104-23,-75.5477471497581,6.29291370227182,amarillo,2,787,2240,0.3513,15,103,180,1105,787
p0662,MEDELLIN,05001,07,I.E.FE Y ALEGRIA SAN JOSE,CALLE 86 # 92-60,-75.5902793783011,6.29120180505651,verde,1,1750,3767,0.4646,17,254,370,1269,1750
p0663,MEDELLIN,05001,01,I.E.FEDERICO CARRASQUILLA,Cra 45 # 108-110,-75.549420306043,6.29862704240668,amarillo,2,990,2738,0.3616,16,149,255,1269,990
p0664,MEDELLIN,05001,12,I.E.FRANCISCO ANTONIO ZEA,KR 82 # 35-40,-75.6039200039357,6.24378173719589,verde,1,2734,4241,0.6447,15,334,507,637,2734
p0665,MEDELLIN,05001,04,I.E. FRANCISCO MIRANDA,KR 51C # 79-56,-75.5636009050477,6.27408025138281,verde,1,4237,7927,0.5345,41,678,580,2240,4237
p0666,MEDELLIN,05001,13,I.E FUNDADORES,CR 101 47C 85,-75.6165769430638,6.25940741717377,verde,1,2393,3739,0.64,16,321,224,725,2393
p0667,MEDELLIN,05001,09,I.E. GABRIELA GOMEZ CARVAJAL,KR 32 # 34-06,-75.5598219397776,6.23149739939563,verde,1,3391,6557,0.5172,28,482,613,1936,3391
p0668,MEDELLIN,05001,04,I.E. GILBERTO ALZATE AVENDAÑO,CL 92 # 51A-100,-75.5628083029766,6.28367002845757,verde,1,3550,6828,0.5199,33,500,607,2044,3550
p0669,MEDELLIN,05001,09,I.E.GUADALUPANO LA SALLE,CALLE 49 No. 17 B 21,-75.5443172964534,6.23633730965703,verde,1,3858,7075,0.5453,32,614,641,1830,3858
p0670,MEDELLIN,05001,01,I.E.GUADALUPE,Cra 42B 95A -23,-75.5499085739855,6.28682297719246,verde,1,1629,3662,0.4448,25,251,349,1337,1629
p0671,MEDELLIN,05001,16,I.E. GUILLERMO VALENCIA,CALLE 23 No. 78 - 48,-75.5989446245302,6.2267596271706,verde,1,3564,5596,0.6369,23,437,506,1029,3564
p0672,MEDELLIN,05001,10,I.E. HECTOR ABAD GOMEZ,CL 50 #39-65,-75.5604212243543,6.24582940681995,verde,1,3707,7265,0.5103,31,653,542,2269,3707
p0673,MEDELLIN,05001,03,I.E. HERNAN TORO AGUDELO,Cra 45 # 72-80,-75.5548682029275,6.26817765365757,verde,1,4599,8679,0.5299,39,747,853,2350,4599
p0674,MEDELLIN,05001,16,I.E HORACIO MUÑOZ SUESCUN,CL 32 # 86-35,-75.6094223250079,6.2343334765491,verde,1,3451,5298,0.6514,23,469,431,907,3451
p0675,MEDELLIN,05001,14,I.E. INEM JOSE FELIX DE RESTREPO,CARRERA 48 No. 1 - 125,-75.5777566830058,6.20654323437735,verde,1,5810,8171,0.7111,30,1120,602,598,5810
p0676,MEDELLIN,05001,10,I.E. JAVIERA LONDOÑO,CLL 53 No 40-65,-75.5600100695012,6.24863449498976,verde,1,1396,3036,0.4598,12,199,322,1081,1396
p0677,MEDELLIN,05001,04,I.E. JAVIERA LONDOÑO SEVILLA,CL 71 # 51D-26,-75.5649638976718,6.26794787749851,amarillo,2,3159,7839,0.403,35,491,824,3234,3159
p0678,MEDELLIN,05001,06,I.E. JESUS MARIA VALLE,CLL 101 No 83-21,-75.5820951568354,6.30054828350321,verde,1,1556,3518,0.4423,16,248,338,1319,1556
p0679,MEDELLIN,05001,06,I.E. JORGE ELIECER GAITAN,CALLE 92 # 83-41,-75.5851847365682,6.28997265894836,verde,1,1211,2512,0.4821,11,200,247,805,1211
p0680,MEDELLIN,05001,07,I.E. JORGE ROBLEDO,CL 65 # 87-74,-75.5974749405571,6.27675611925286,verde,1,4221,7191,0.587,33,620,538,1699,4221
p0681,MEDELLIN,05001,03,I.E. JOSE ANTONIO GALAN,KR 44A NO 93-87,-75.5521425524952,6.28504968186149,verde,1,3654,6854,0.5331,34,521,541,2013,3654
p0682,MEDELLIN,05001,08,I.E.JOSE CELESTINO MUTIS,CALLE 65 No. 45-15,-75.5568615978252,6.25888571928696,verde,1,2273,4189,0.5426,16,285,413,1172,2273
p0683,MEDELLIN,05001,04,I.E. JOSE EUSEBIO CARO,CR 50 A 93 77,-75.5585851623709,6.28555632503728,verde,1,1192,2523,0.4725,10,129,307,866,1192
p0684,MEDELLIN,05001,16,I.E.JOSE MARIA BERNAL,KR 70A # 13A-19,-75.5934982727008,6.22030265063591,verde,1,5369,8008,0.6705,30,637,675,1260,5369
p0685,MEDELLIN,05001,04,I.E. JOSE MARIA BRAVO MARQUEZ,CL 70 # 47A-04,-75.5573440767611,6.2656262512123,verde,1,2501,4824,0.5184,22,363,472,1408,2501
p0686,MEDELLIN,05001,06,I.E. JOSE MARIA ESPINOSA PRIETO - CASD,CLL 99 No 72-192,-75.5752072857517,6.29681933178432,verde,1,845,1910,0.4424,9,93,248,692,845
p0687,MEDELLIN,05001,08,I.E. JUAN DE DIOS CARVAJAL,CL 65AA # 36-39,-75.5508542767538,6.25568271878971,verde,1,3532,5875,0.6012,26,463,496,1312,3532
p0688,MEDELLIN,05001,08,I.E. JUAN DE LA CRUZ POSADA,CL 62 # 39-22,-75.5546442200843,6.25377381594736,verde,1,1928,3254,0.5925,14,305,285,685,1928
p0689,MEDELLIN,05001,16,I.E.JUAN MARIA CESPEDES,CALLE 32B No. 76A - 48,-75.5968132374163,6.23538752096467,verde,1,7575,10798,0.7015,42,1163,661,1322,7575
p0690,MEDELLIN,05001,13,I.E JUAN XXIII,CALLE 49 No 96A-11,-75.6104830760072,6.26166754596935,verde,1,1707,3666,0.4656,18,204,389,1302,1707
p0691,MEDELLIN,05001,05,I.E. JULIO CESAR GARCIA,CL 111A # 65-26,-75.5641480180418,6.30670060077616,verde,1,4736,7572,0.6255,30,624,647,1498,4736
p0692,MEDELLIN,05001,06,I.E. KENNEDY,CRA 76A No 92-200,-75.581574821758,6.29081850320449,verde,1,4096,6925,0.5915,31,728,470,1502,4096
p0693,MEDELLIN,05001,06,I.E.LA ESPERANZA,CRA 73B No 96-09,-75.5772824523418,6.29293580740473,verde,1,1222,2546,0.48,11,154,257,845,1222
p0694,MEDELLIN,05001,13,I.E.LA INDEPENDENCIA,CALLE 39D No. 112 - 81,-75.6247248063216,6.25304005738178,verde,1,3943,7461,0.5285,38,759,586,1983,3943
p0695,MEDELLIN,05001,09,I.E. LA MILAGROSA,KR 29 # 41-14,-75.5547939681333,6.23523297056735,verde,1,6690,11216,0.5965,47,915,961,2514,6690
p0696,MEDELLIN,05001,12,I.E. LA PIEDAD,KR 81 NO 54 71,-75.5966513152959,6.26922882872936,verde,1,3225,5567,0.5793,24,512,453,1285,3225
p0697,MEDELLIN,05001,15,I.E. LA SALLE DE CAMPOAMOR,CARRERA 65B No. 4 - 49,-75.5875289851241,6.21240316798126,verde,1,3570,5777,0.618,21,421,654,1066,3570
p0698,MEDELLIN,05001,11,I.E. LUCRECIO JARAMILLO VELEZ,KR 79 # 38-59,-75.5995303187069,6.24625779767075,verde,1,7601,10266,0.7404,39,1200,535,848,7601
p0699,MEDELLIN,05001,08,I.E. LUIS CARLOS GALAN SARMIENTO,CRA 24B No 57EE-45,-75.5467260424952,6.25028624480438,amarillo,2,1187,3217,0.369,17,141,260,1542,1187
p0700,MEDELLIN,05001,06,I.E.MAESTRO FERNANDO BOTERO,CL 104 # 72A-80,-75.5720213589944,6.30148996475826,verde,1,3721,6432,0.5785,28,551,549,1454,3721
p0701,MEDELLIN,05001,80,I.E. MANUEL J. BETANCUR,CRA 81 No 43 SUR - 38,-75.6574450672137,6.18357371538755,verde,1,4504,8704,0.5175,40,520,780,2705,4504
p0702,MEDELLIN,05001,09,I.E. MANUEL JOSÉ CAYZEDO,CL 50 29 82,-75.5521812099727,6.24148474040795,verde,1,2817,5488,0.5133,28,362,477,1745,2817
p0703,MEDELLIN,05001,03,I.E. MANUELA BELTRAN,KR 37 # 71-47,-75.548744891352,6.26624613151744,verde,1,2873,5039,0.5702,25,627,344,1029,2873
p0704,MEDELLIN,05001,11,I.E. MARCO FIDEL SUAREZ,CR 70 49 70,-75.5860482337413,6.25769134682662,verde,1,3899,6354,0.6136,27,622,535,1237,3899
p0705,MEDELLIN,05001,05,I.E. MARIA MONTESSORI,KR 69A # 92C-87,-75.5750186974111,6.28689479287319,verde,1,4979,9128,0.5455,38,777,825,2385,4979
p0706,MEDELLIN,05001,07,I.E.MARISCAL ROBLEDO,CALLE 65 # 84-87,-75.5958987641504,6.27532207286232,verde,1,1924,3766,0.5109,20,239,375,1172,1924
p0707,MEDELLIN,05001,11,I.E. MATER DEI,KR 68 # 42-70,-75.5860753752496,6.24747503637671,verde,1,4675,6706,0.6971,26,748,466,777,4675
p0708,MEDELLIN,05001,04,"I.E. MONSEÑOR FRANCISCO CRISTOBAL
TORO",Cra 50D # 90-49,-75.5603767127427,6.2823284600121,verde,1,3688,6529,0.5649,30,550,556,1614,3688
p0709,MEDELLIN,05001,03,"I.E. MONTECARLO GUILLERMO GAVIRIA
CORREA",CARRERA 36 # 85 B 140,-75.5461153905296,6.27833640743124,verde,1,4079,8617,0.4734,44,789,724,2790,4079
p0710,MEDELLIN,05001,01,I.E. NUEVO HORIZONTE - PAULO VI,KR 42B # 110 A 28,-75.5462122714294,6.2987706100036,verde,1,2011,3754,0.5357,29,334,225,1034,2011
p0711,MEDELLIN,05001,16,I.E. OCTAVIO HARRY - JACQUELINE KENNEDY,CL 17 # 73-37,-75.5958344784501,6.22234766421873,verde,1,3690,5446,0.6776,20,443,456,821,3690
p0712,MEDELLIN,05001,05,"I.E. PBRO ANTONIO JOSE BERNAL LONDOÑO
SJ",CL 105A # 63A-200,-75.5593288501883,6.30165634274362,verde,1,3564,6888,0.5174,39,397,739,2059,3564
p0713,MEDELLIN,05001,60,I.E. PRESBITERO JUAN J. ESCOBAR,CLL 62 No 128-120,-75.6345658907119,6.27830527287513,verde,1,1866,3738,0.4992,16,226,316,1241,1866
p0714,MEDELLIN,05001,06,I.E. PROGRESAR,KR 83A # 106 D 5,-75.5806119376322,6.30867001761418,verde,1,2185,3976,0.5495,21,370,275,1034,2185
p0715,MEDELLIN,05001,16,I.E.RAMON GIRALDO CEBALLOS,CL 21 NO 82A 56,-75.6045128697098,6.22648377856429,verde,1,4721,7208,0.655,30,657,503,1229,4721
p0716,MEDELLIN,05001,03,I.E.RAMON MUNERA LOPERA,Cra 30A # 77 - 04,-75.5435104396701,6.2697246631395,amarillo,2,1360,3813,0.3567,19,253,280,1813,1360
p0717,MEDELLIN,05001,02,I.E. REPUBLICA DE HONDURAS,KR 50B # 97A-30,-75.5595224554281,6.2907863103933,verde,1,2823,5843,0.4831,27,381,474,2027,2823
p0718,MEDELLIN,05001,05,I.E. REPUBLICA DE URUGUAY,CL 91A No 70A-123,-75.5769027005561,6.28378846218399,verde,1,4600,7973,0.5769,35,683,640,1910,4600
p0719,MEDELLIN,05001,16,I.E.REPUBLICA DE VENEZUELA,CL 31C 89C 92,-75.6145057278013,6.23476930321355,verde,1,2732,4345,0.6288,20,357,327,836,2732
p0720,MEDELLIN,05001,08,I.E. SAN FRANCISCO DE ASIS,CL 56 # 16-18,-75.5395474834545,6.23857340772382,verde,1,2004,4408,0.4546,24,313,319,1640,2004
p0721,MEDELLIN,05001,04,I.E.SAN JUAN BOSCO,CALLE 82 # 50C-10,-75.5611061968305,6.27587629643252,verde,1,1195,2426,0.4926,10,167,258,770,1195
p0722,MEDELLIN,05001,16,I. E. SAN ROBERTO BELARMINO,CALLE 32B No. 83 - 39,-75.6061813981858,6.2356345876531,verde,1,2064,3781,0.5459,15,242,502,937,2064
p0723,MEDELLIN,05001,07,I.E. SAN VICENTE DE PAUL,KR 71A # 79D-01,-75.5788320327111,6.27897790558016,verde,1,3949,6599,0.5984,28,580,597,1400,3949
p0724,MEDELLIN,05001,06,I.E. SANTA JUANA DE LESTONNAC,CRA 76A No 103C-43,-75.5754075677719,6.30252233897,verde,1,2183,4951,0.4409,23,259,677,1756,2183
p0725,MEDELLIN,05001,12,I.E.SANTA ROSA DE LIMA,CALLE 45G No. 80-95,-75.5994828222659,6.25559563678819,verde,1,2854,5304,0.5381,19,409,670,1320,2854
p0726,MEDELLIN,05001,05,I.E.SEBASTIAN DE BELALCAZAR,CALLE 103EE # 63D-185,-75.5654747044515,6.29857330416552,verde,1,1082,2072,0.5222,9,118,174,660,1082
p0727,MEDELLIN,05001,08,I.E.SOL DE ORIENTE,CARRERA 23 No. 56EH - 200,-75.5407350999079,6.2448895900847,amarillo,2,621,1672,0.3714,10,105,121,788,621
p0728,MEDELLIN,05001,13,I.E.STELLA VELEZ LONDOÑO,CALLE 48DD No. 99D-118,-75.6160129157522,6.26828953067779,verde,1,581,1351,0.4301,7,105,122,509,581
p0729,MEDELLIN,05001,10,I.E. TULIO OSPINA,CL 60 51 48,-75.5661647546528,6.25913818687928,verde,1,2967,5293,0.5606,28,571,305,1355,2967
p0730,MEDELLIN,05001,07,I.E. VILLA DE LA CANDELARIA,CALLE 77A # 90D-35,-75.5937074592012,6.28497087100706,verde,1,3713,6624,0.5605,32,546,551,1655,3713
p0731,MEDELLIN,05001,08,I.T.M. (CAMPUS FRATERNIDAD),CALLE 54A No. 30-01,-75.551051486743,6.24533992689748,amarillo,2,1012,2461,0.4112,11,130,267,1017,1012
p0732,MEDELLIN,05001,10,I.T.M. (PRADO CENTRO),CRA 51 No 58-69,-75.5661269265486,6.25765603902853,verde,1,998,2322,0.4298,10,173,220,897,998
p0733,MEDELLIN,05001,60,IE ALFONSO UPEGUI OROZCO,CALLE 64B No 117 177,-75.6104936303419,6.28749804986136,verde,1,1567,2777,0.5643,10,178,238,757,1567
p0734,MEDELLIN,05001,80,IE ANGELA RESTREPO MORENO,CARRERA 55 No 48C SUR 90,-75.6373000185545,6.17760376812157,verde,1,899,2171,0.4141,9,113,250,861,899
p0735,MEDELLIN,05001,01,IE ANTONIO DERKA,CRA 28 No 107-425,-75.5390890085351,6.29717237453504,amarillo,2,911,2855,0.3191,21,131,212,1515,911
p0736,MEDELLIN,05001,16,IE ANTONIO RICAURTE,CRA 80 No 2-11,-75.6031486395551,6.21132757464716,verde,1,2196,4307,0.5099,17,261,505,1272,2196
p0737,MEDELLIN,05001,09,IE ARZOBISPO TULIO BOTERO SALAZAR,CLL 49A No 03A - 006,-75.5324075033174,6.22995926801674,verde,1,817,1949,0.4192,9,108,163,811,817
p0738,MEDELLIN,05001,07,IE AURES,CRA 96A No 77E-15,-75.5965264135842,6.29020770870989,verde,1,1429,3323,0.43,16,187,306,1330,1429
p0739,MEDELLIN,05001,07,IE BARRIO OLAYA HERRERA,CRA 101C No 58-44,-75.6098868114957,6.27415392016368,amarillo,2,419,1151,0.364,8,82,106,505,419
p0740,MEDELLIN,05001,03,IE BELLO ORIENTE,CRA 23B No 84B-27,-75.5380888046019,6.27697368609386,amarillo,2,378,1021,0.3702,8,68,49,478,378
p0741,MEDELLIN,05001,05,IE DIEGO ECHAVARRIA MISAS,CALLE 111 No 70 68,-75.5691390153103,6.30827724713486,verde,1,4615,7799,0.5917,32,581,716,1783,4615
p0742,MEDELLIN,05001,08,IE ESC NORMAL SUPERIOR DE MEDELLIN,CRA 34 No 65 - 02,-75.5487256699892,6.2540472460294,verde,1,882,1920,0.4594,9,86,205,724,882
p0743,MEDELLIN,05001,80,IE FE Y ALEGRIA EL LIMONAR,CL 55 SUR No 60 A-13 SAN ANTONIO DE PRADO,-75.6420677322165,6.17466597521106,verde,1,2302,5308,0.4337,26,378,459,2031,2302
p0744,MEDELLIN,05001,04,IE FE Y ALEGRIA LUIS AMIGO MORAVIA,CARRERA 58 No 84 40,-75.5664174750535,6.27912086657518,amarillo,2,603,1537,0.3923,8,87,109,698,603
p0745,MEDELLIN,05001,09,IE FEDERICO OZANAM,CRA.36 No 45 - 08,-75.5584159114727,6.24048941697571,verde,1,4613,7679,0.6007,34,641,667,1664,4613
p0746,MEDELLIN,05001,05,IE FELIX DE BEDOUT MORENO,CLL 108 No 70-39,-75.5694177578519,6.30611590349176,verde,1,1654,3116,0.5308,12,174,392,862,1654
p0747,MEDELLIN,05001,08,IE FELIX HENAO BOTERO,CLL 52 No 23-51,-75.5466627764279,6.24091294655442,verde,1,2414,4942,0.4885,24,398,409,1614,2414
p0748,MEDELLIN,05001,08,IE GABRIEL GARCIA MARQUEZ,CRA 8A No. 57A - 93,-75.5334414025586,6.23665323672125,amarillo,2,300,759,0.3953,4,37,53,348,300
p0749,MEDELLIN,05001,50,IE HECTOR ROGELIO MONTOYA,CLL 20 No 32-60,-75.688248605825,6.34336020428622,verde,1,914,1579,0.5788,8,175,93,339,914
p0750,MEDELLIN,05001,07,IE JESUS REY,CRA 88 No 77A-11,-75.5921685363698,6.28333392006294,verde,1,2263,4625,0.4893,19,262,556,1498,2263
p0751,MEDELLIN,05001,03,IE JOSE ROBERTO VASQUEZ,CLL 76 No 39-160,-75.5501290389965,6.26865596034991,amarillo,2,878,2194,0.4002,11,91,268,915,878
p0752,MEDELLIN,05001,01,IE LA AVANZADA,CRA 27 No 106BB-65,-75.5391284619583,6.29436880187274,amarillo,2,326,946,0.3446,7,90,66,425,326
p0753,MEDELLIN,05001,03,IE LAS NIEVES,CLL 82 No 39 - 69,-75.5491439774032,6.27357067226893,verde,1,3479,7348,0.4735,35,508,631,2495,3479
p0754,MEDELLIN,05001,12,IE LOLA GONZALEZ,CLL 47F No 94-63,-75.6115481841428,6.25726558343568,verde,1,2376,4390,0.5412,16,288,571,1110,2376
p0755,MEDELLIN,05001,60,IE LOMA HERMOSA,CRA 123B No 53B-05,-75.6296731872888,6.27051991061553,verde,1,899,2025,0.444,9,191,179,699,899
p0756,MEDELLIN,05001,04,IE LORENZA VILLEGAS DE SANTOS,CRA 51 No 87 - 40,-75.560930831415,6.28036726498752,verde,1,1200,2530,0.4743,10,141,268,892,1200
p0757,MEDELLIN,05001,60,IE LUSITANIA,CRA 109A No 63B-320,-75.6181552722993,6.27915442365875,verde,1,3009,7101,0.4237,31,532,579,2803,3009
p0758,MEDELLIN,05001,09,IE MADRE LAURA,CLL 45 No 22A - 81,-75.5508062451402,6.23531574500706,verde,1,1297,2599,0.499,11,169,307,795,1297
p0759,MEDELLIN,05001,01,IE MARIA DE LOS ANGELES CANO MARQUEZ,CR 36B 102C 54,-75.5445017815333,6.2922813542767,verde,1,1862,4412,0.422,25,284,397,1710,1862
p0760,MEDELLIN,05001,09,IE MERCEDITAS GOMEZ MARTINEZ,CL 45 # 18-03,-75.5467129711514,6.23371217333763,verde,1,3571,6906,0.5171,29,529,661,2030,3571
p0761,MEDELLIN,05001,07,IE MON GERARDO VALENCIA CANO,CL 65 # 74 B - 273,-75.5877162141305,6.26911660077704,verde,1,2027,3771,0.5375,15,329,422,950,2027
p0762,MEDELLIN,05001,80,IE MONSEÑOR VICTOR WIEDEMANN,DIAG 60E No. 41A SUR - 30,-75.6420972100068,6.18398125719504,verde,1,2168,4451,0.4871,17,264,517,1431,2168
p0763,MEDELLIN,05001,16,IE PEDRO OCTAVIO AMADO,CR 88A 18A 5,-75.6105420549098,6.22207649085063,verde,1,645,1248,0.5168,6,66,98,409,645
p0764,MEDELLIN,05001,03,"IE RODRIGO LARA BONILLA - SEDE LA
SUSANA",KR 41B # 66E-50,-75.5523536203906,6.26221079885131,verde,1,2272,4396,0.5168,23,292,412,1336,2272
p0765,MEDELLIN,05001,80,IE SAN ANTONIO DE PRADO,CRA 79 No. 42 SUR - 39,-75.6561799169431,6.18432268297667,verde,1,5822,10153,0.5734,45,951,785,2341,5822
p0766,MEDELLIN,05001,60,IE SAN CRISTOBAL,CRA 131 No 65-7,-75.6365748499903,6.28063201472805,verde,1,4084,7113,0.5742,37,807,486,1573,4084
p0767,MEDELLIN,05001,03,IE SAN JUAN BAUTISTA DE LA SALLE,CLL 93 No 40-42,-75.5493012091244,6.2844137821233,amarillo,2,1163,2865,0.4059,14,179,295,1184,1163
p0768,MEDELLIN,05001,16,IE YERMO Y PARRES,CALLE 28 No 77 84,-75.5977483642776,6.22925390449389,verde,1,678,1245,0.5446,5,101,169,284,678
p0769,MEDELLIN,05001,01,INST.EDUC. LA CANDELARIA,CL 106 # 32-100,-75.5423206007391,6.29349116166773,verde,1,2929,6346,0.4616,44,556,480,2157,2929
p0770,MEDELLIN,05001,12,INST. FERRINI - SD CALASANZ,CLL 51A No 81B - 33,-75.5986717881114,6.26511529115889,verde,1,3033,5564,0.5451,20,400,722,1356,3033
p0771,MEDELLIN,05001,16,INST. SALESIANO PEDRO JUSTO BERRIO,CRA 87A 32A 101,-75.6112290401909,6.23679368772765,verde,1,784,1498,0.5234,6,106,240,346,784
p0772,MEDELLIN,05001,11,INST. UNIVERSITARIA SALAZAR Y HERRERA,CR 70 52 49,-75.5853604985364,6.26031234804372,verde,1,169,297,0.569,2,17,20,89,169
p0773,MEDELLIN,05001,16,INSTITUCION EDUCATIVA ROSALIA SUAREZ,CLL 30A # 80 -18,-75.5971931689239,6.23268787050543,verde,1,2244,3811,0.5888,13,284,438,810,2244
p0774,MEDELLIN,05001,07,INSTITUTO FERRINI - SEDE ROBLEDO,CALLE 76 # 80-431,-75.5922695190442,6.27800378421183,verde,1,4375,9050,0.4834,39,509,1091,2955,4375
p0775,MEDELLIN,05001,11,INSTITUTO JORGE ROBLEDO,CL 51 # 65 - 72,-75.5817694954761,6.25835987273479,verde,1,3624,6511,0.5566,25,746,617,1457,3624
p0776,MEDELLIN,05001,16,INSTITUTO SAN CARLOS,DIAG. 79 # 15-123,-75.6001668584475,6.22330094979852,verde,1,5675,8208,0.6914,30,837,757,883,5675
p0777,MEDELLIN,05001,05,ITM CASTILLA,CR 65 No 98 A - 75,-75.5693422455966,6.29391365140096,verde,1,5463,10658,0.5126,49,707,1056,3226,5463
p0778,MEDELLIN,05001,12,LICEO SALAZAR Y HERRERA,CLL 42C No 86-17,-75.6058783517261,6.24871119552243,verde,1,6976,11145,0.6259,40,899,1215,1966,6976
p0779,MEDELLIN,05001,16,LICEO SAN RAFAEL,CL 30A 79 12,-75.5994336235967,6.23217305556297,verde,1,3313,5475,0.6051,20,472,564,1069,3313
p0780,MEDELLIN,05001,80,PAR. BIBLIOTECA JOSE HORACIO BETANCUR,CLL 50 E SUR 75 A - 94,-75.6544411347605,6.17730916600349,verde,1,1420,3064,0.4634,12,190,317,1076,1420
p0781,MEDELLIN,05001,60,PARQUE BIBLIOTECA FERNANDO BOTERO,CRA 131 No 62-15,-75.6370240039281,6.27796461870563,verde,1,3843,7024,0.5471,37,590,589,1827,3843
p0782,MEDELLIN,05001,70,"PARROQ SAN JOSEMARIA ESCRIVA DE
BALAGUER",CL 31 AA 107 50,-75.6266386495976,6.23421069653538,verde,1,250,452,0.5531,2,51,19,116,250
p0783,MEDELLIN,05001,00,PLAZA MAYOR CTRO EXPOS. CONVEN,CL 41 # 55 - 35,-75.5760240034378,6.24095421535395,verde,1,8915,13552,0.6578,56,1139,991,2319,8915
p0784,MEDELLIN,05001,10,PLAZA MINORISTA JOSE MARIA VILLA,CL 55A 57 80,-75.5734699504216,6.25765815608858,verde,1,332,595,0.558,3,60,25,163,332
p0785,MEDELLIN,05001,14,POLITECNICO JAIME ISAZA CADAVID,CARRERA 48 No. 7 - 151,-75.5772480029686,6.21305642049499,verde,1,6849,10737,0.6379,38,1237,1034,1541,6849
p0786,MEDELLIN,05001,00,"RECLUSION DE MUJERES PEDREGAL
MEDELLIN","KM 6 VIA AL MAR FINCA LA
TERES",-75.6280858137048,6.28356130143789,amarillo,2,14,43,0.3256,1,3,3,22,14
p0787,MEDELLIN,05001,10,SEC. COL. AGUSTIN NIETO CABALLERO,KR 40 # 59A-21,-75.5573188063355,6.25266707127413,verde,1,1291,2324,0.5555,10,239,140,625,1291
p0788,MEDELLIN,05001,06,SEC.CONCENTRACION EDUC.KENNEDY,CRA 76 A # 92-131,-75.5818946826081,6.29044082120332,verde,1,2433,4982,0.4884,23,349,543,1557,2433
p0789,MEDELLIN,05001,01,SEC.ESC.AGRIPINA MONTES DEL VALLE,CALLE 95 #42 B 44,-75.5502659868118,6.28659434443413,verde,1,2170,3964,0.5474,22,488,268,928,2170
p0790,MEDELLIN,05001,11,SEC.ESC. AGRUPACION COLOMBIA,CL 44A # 75-68,-75.595119112568,6.25071752235642,verde,1,5217,7285,0.7161,28,756,416,839,5217
p0791,MEDELLIN,05001,13,SEC. ESC. AMOR AL NIÑO,CR 115 39BD 06,-75.6248593685902,6.25324918926772,amarillo,2,940,2433,0.3864,13,153,214,1061,940
p0792,MEDELLIN,05001,02,SEC. ESC. ARZOBISPO GARCIA,KR 49 # 98-48,-75.556001844875,6.29012490159723,verde,1,3059,5970,0.5124,29,517,499,1775,3059
p0793,MEDELLIN,05001,03,SEC. ESC. BALDOMERO SANIN CANO,CR 37 75A 2,-75.5482673472501,6.26904844797042,verde,1,1524,3519,0.4331,20,218,334,1358,1524
p0794,MEDELLIN,05001,13,SEC. ESC. BETANIA,CR 110A 34 82,-75.6226885277241,6.24629391111066,verde,1,3299,5600,0.5891,27,454,427,1286,3299
p0795,MEDELLIN,05001,11,SEC. ESC. CARLOS OBANDO VELASCO,CRA 67A No 42-24,-75.5854983842642,6.24673496727358,verde,1,974,1575,0.6184,6,128,175,285,974
p0796,MEDELLIN,05001,01,SEC. ESC. CARPINELO AMAPOLITA,CALLE 97 # 23-12,-75.5382524545343,6.28690166227518,amarillo,2,435,1233,0.3528,7,114,59,565,435
p0797,MEDELLIN,05001,15,SEC ESC CRISTO REY APOLO,CRA 50G No 3SUR-34,-75.583687767027,6.20450835044405,verde,1,1397,2605,0.5363,10,182,343,648,1397
p0798,MEDELLIN,05001,01,SEC. ESC. DIVINA PROVIDENCIA,CL 108 NO 43B - 17,-75.5491582190566,6.2975553113832,verde,1,2104,4638,0.4536,34,339,388,1649,2104
p0799,MEDELLIN,05001,07,SEC.ESC. EL DIAMANTE,CL 79A # 86-09,-75.5871971239626,6.28520345049698,verde,1,3449,5730,0.6019,25,541,403,1230,3449
p0800,MEDELLIN,05001,06,SEC. ESC. EL PEDREGAL,CLL 104E No 74-109,-75.5728664236175,6.30334006271393,verde,1,1289,2958,0.4358,15,141,401,1090,1289
p0801,MEDELLIN,05001,13,SEC.ESC.EL SOCORRO,CARRERA 102B No. 47B - 32,-75.6185430186657,6.25955270349591,verde,1,1366,3238,0.4219,18,146,384,1245,1366
p0802,MEDELLIN,05001,02,SEC. ESC. FIDEL ANTONIO SALDARRIAGA,CRA 48 No 103B-01,-75.5538980576811,6.29402005807331,verde,1,2248,4661,0.4823,25,365,339,1545,2248
p0803,MEDELLIN,05001,14,SEC. ESC. GUILLERMO ECHAVARRIA MISAS,CRA 43B No 9-61,-75.5713495831761,6.21064991099361,verde,1,1399,2118,0.6605,8,310,186,209,1399
p0804,MEDELLIN,05001,09,SEC. ESC. JOSE DE SAN MARTIN,CL 39 # 38- 21,-75.5627515557534,6.23748430283596,verde,1,4760,8339,0.5708,35,613,777,2073,4760
p0805,MEDELLIN,05001,09,SEC. ESC. JUAN CANCIO RESTREPO,CLL 45 No 31-63,-75.5554700448286,6.23847367980456,verde,1,642,1335,0.4809,6,74,156,442,642
p0806,MEDELLIN,05001,13,SEC ESC JUAN DE DIOS ARANZAZU,CLL 42 No 105 - 42,-75.6199631874349,6.25541349608787,verde,1,1174,2352,0.4991,9,155,189,793,1174
p0807,MEDELLIN,05001,60,SEC ESC JUAN NEPOMUCENO MORALES,CALLE 62 No 127 6,-75.6320606964533,6.2790176543896,verde,1,944,1949,0.4844,10,114,238,616,944
p0808,MEDELLIN,05001,08,SEC.ESC.JULIA AGUDELO,CL 58 # 28-58,-75.5489175623223,6.24982456301068,verde,1,5574,10727,0.5196,54,983,742,3166,5574
p0809,MEDELLIN,05001,04,SEC ESC JULIO ARBOLEDA,CR 51 78 12,-75.5625270968661,6.27284114134122,verde,1,661,1496,0.4418,7,88,132,588,661
p0810,MEDELLIN,05001,15,SEC.ESC.LA COLINA,KR 52C 12A SUR -23,-75.5917542481526,6.19741966608493,verde,1,2990,5238,0.5708,20,406,583,1203,2990
p0811,MEDELLIN,05001,01,SEC. ESC. LA ESPERANZA No 2,KR 29 # 102 - 20,-75.5411052238386,6.29116685388909,verde,1,1787,4297,0.4159,36,429,276,1644,1787
p0812,MEDELLIN,05001,02,SEC ESC LA FRONTERA,CALLE 122 No 50A 14,-75.552652880759,6.30574568136459,verde,1,1078,2468,0.4368,12,129,247,941,1078
p0813,MEDELLIN,05001,06,SEC. ESC. LEON DE GREIFF,CL 101CC # 82E-72,-75.5807233462768,6.30218131344342,verde,1,2097,3872,0.5416,19,363,305,1013,2097
p0814,MEDELLIN,05001,02,SEC.ESC. MANUEL URIBE ANGEL,KR 49A #107-65,-75.5537101125958,6.29803059537799,verde,1,3745,8203,0.4565,42,580,684,2987,3745
p0815,MEDELLIN,05001,01,SEC. ESC. MEDELLIN,CL 96 # 36-45,-75.5463439419925,6.28682287549366,verde,1,2362,4754,0.4968,26,454,358,1436,2362
p0816,MEDELLIN,05001,13,SEC. ESC. MONSEÑOR PERDOMO,CL 44 # 97-14,-75.6141498683713,6.25619406071847,verde,1,4127,6648,0.6208,28,731,494,1204,4127
p0817,MEDELLIN,05001,08,SEC.ESC.NIÑO JESUS DE PRAGA,CALLE 57C No. 23-200,-75.5458064015143,6.24859425052794,verde,1,1391,3222,0.4317,14,211,220,1307,1391
p0818,MEDELLIN,05001,01,SEC. ESC. NUEVO HORIZONTE 2,CARRERA 37 No 107AA 21,-75.5456065901523,6.29767812768782,amarillo,2,1138,2783,0.4089,32,123,194,1228,1138
p0819,MEDELLIN,05001,12,SEC. ESC. PEDRO DE CASTRO,CL 40 # 86A-101,-75.6082621376314,6.24867996662925,verde,1,2979,3955,0.7532,15,419,156,371,2979
p0820,MEDELLIN,05001,13,SEC.ESC.PIO XII,KR 98 # 44-52,-75.6139656751284,6.25645879236548,verde,1,3024,5210,0.5804,23,449,418,1222,3024
p0821,MEDELLIN,05001,04,SEC. ESC. PORFIRIO BARBA JACOB,CR 47 74 32,-75.5565640183536,6.2687825079137,verde,1,325,664,0.4895,3,51,66,211,325
p0822,MEDELLIN,05001,12,SEC.ESC.RAFAEL URIBE URIBE,CARRERA 83 No. 42C - 54,-75.60430264,6.248690842,verde,1,1231,2328,0.5288,11,200,307,458,1222
p0823,MEDELLIN,05001,15,SEC. ESC. REPUBLICA DE COSTA RICA,CARRERA 52 No 7 SUR -23,-75.5880814138367,6.20283867531398,verde,1,3536,5862,0.6032,24,611,466,1169,3536
p0824,MEDELLIN,05001,13,SEC. ESC. REPUBLICA DE PANAMA,KR 88 # 49DD-70,-75.6061726885573,6.26297416469676,verde,1,2516,4058,0.62,17,337,271,874,2516
p0825,MEDELLIN,05001,03,SEC ESC SAN JOSE (IE MANUELA BELTRAN),CL 71 No 33-18,-75.5457995808589,6.2655848405348,verde,1,3867,8257,0.4683,42,587,700,2869,3867
p0826,MEDELLIN,05001,06,SEC.ESC.SAN MARTIN DE PORRES,KR 75A # 97-135,-75.5785834332816,6.29591769803768,verde,1,2362,4340,0.5442,20,389,366,1137,2362
p0827,MEDELLIN,05001,12,SEC. ESC. SANTA LUCIA,KR 89A # 47DD-71,-75.6056809586786,6.25781004960638,verde,1,4465,7007,0.6372,28,569,564,1260,4465
p0828,MEDELLIN,05001,07,SEC.ESC. SANTA MARGARITA,KR 105B # 62-68,-75.6158760616786,6.27663032447751,verde,1,2133,4617,0.462,24,367,374,1585,2133
p0829,MEDELLIN,05001,15,SEC. ESC. SANTISIMA TRINIDAD,CL 26 65B 100,-75.5864392179291,6.22802388411243,verde,1,19,39,0.4872,1,4,4,12,19
p0830,MEDELLIN,05001,16,SEC. ESC. SOFIA OSPINA DE NAVARRO,CALLE 32 No. 65-20,-75.5829747352203,6.23509524158148,verde,1,2777,3762,0.7382,15,397,205,353,2777
p0831,MEDELLIN,05001,08,SEC ESC SOR MARIA LUISA COURBIN,KR 12 # 52-44,-75.5383920851601,6.23375102407936,verde,1,2395,4423,0.5415,23,433,282,1187,2395
p0832,MEDELLIN,05001,04,SEC ESC TOMAS CARRASQUILLA No 1,CRA 52 No 92 - 05,-75.5631898695226,6.28369520485718,verde,1,544,1242,0.438,5,56,118,497,544
p0833,MEDELLIN,05001,05,SEC ESC TOSCANA,CLL 111G No 64A-16,-75.5593472389348,6.30624033292474,verde,1,873,1900,0.4595,8,116,192,683,873
p0834,MEDELLIN,05001,05,SEC ESC TRICENTENARIO,CRA 63A No 94A-23,-75.5645635387528,6.29223542853768,verde,1,2841,6020,0.4719,27,404,672,2030,2841
p0835,MEDELLIN,05001,13,SEC. ESC. VEINTE DE JULIO,CR 106 38 40,-75.6183808792967,6.25208203968056,verde,1,225,483,0.4658,3,30,56,164,225
p0836,MEDELLIN,05001,08,SEC. ESC. VILLA TURBAY,KR 2 # 55F-17,-75.5301167729546,6.23582789654241,amarillo,2,919,2372,0.3874,14,212,181,972,919
p0837,MEDELLIN,05001,09,"SECCION ESCUELA ALEJANDRO
ECHAVARRIA",CARRERA 16 NO 49B 8,-75.5424115800078,6.23491119379597,verde,1,1433,3016,0.4751,12,179,266,1079,1433
p0838,MEDELLIN,05001,16,SECCION ESCUELA CARLOS FRANCO,CARRERA 77 No 25 67,-75.5975780274351,6.22795047226118,verde,1,340,618,0.5502,2,39,57,177,340
p0839,MEDELLIN,05001,08,SECCION ESCUELA HOGAR ANTIOQUIA,CR 12 52 42,-75.5389167505955,6.23407109150337,verde,1,790,1523,0.5187,9,125,98,469,790
p0840,MEDELLIN,05001,10,SENA,CL 51 # 57-70,-75.5752146313018,6.25492070603386,verde,1,1683,2995,0.5619,16,250,159,825,1683
p0841,MEDELLIN,05001,06,SENA PEDREGAL,CL 104 69 120,-75.568561569866,6.30207801111797,verde,1,84,200,0.42,1,9,33,71,84
p0842,MEDELLIN,05001,09,SENA - SEDE BUENOS AIRES,CLL 48 No 28-00,-75.5523085999975,6.23947859405442,amarillo,2,732,1897,0.3859,10,81,236,817,732
p0843,MEDELLIN,05001,07,TECNOLOGICO DE ANTIOQUIA,CALLE 78B # 72A-220,-75.5831927341683,6.27994372598423,verde,1,3872,7877,0.4916,30,549,1079,2293,3872
p0844,MEDELLIN,05001,05,TERMINAL DE TRANSPORTES DEL NORTE,CR 64 C No 78 580,-75.5713458524746,6.2789919855988,verde,1,680,1607,0.4231,8,124,152,621,680
p0845,MEDELLIN,05001,16,UNID.DEPORTIVA ANDRES ESCOBAR,CR 66B 30A 49 AUDITORIOS DE LA BOLERA,-75.5873212553138,6.23288345794317,verde,1,1922,3401,0.5651,12,331,437,686,1922
p0846,MEDELLIN,05001,10,UNIVERSIDAD CLARETIANA,CARRERA 55A # 61-06,-75.5700410419034,6.2604302901465,amarillo,2,464,1997,0.2323,8,94,327,1092,464
p0847,MEDELLIN,05001,16,UNIVERSIDAD DE MEDELLIN,KR 87 # 30-65,-75.6099796263254,6.2315900726161,verde,1,5648,9129,0.6187,39,857,867,1639,5648
p0848,MEDELLIN,05001,14,UNIVERSIDAD EAFIT,KR 49 # 7 SUR 50,-75.5792119555909,6.19961451578806,verde,1,7824,10414,0.7513,37,1498,539,516,7824
p0849,MEDELLIN,05001,11,UNIVERSIDAD PONTIFICIA BOLIVARIANA,CIR 1 No 70 - 01,-75.5893623546487,6.24235602582851,verde,1,6067,10569,0.574,37,952,1482,2001,6067
p0850,MONTEBELLO,05467,,C.E.R EL CARMELO,VEREDA EL CARMELO,-75.5160099999999,5.92785999999999,amarillo,2,27,90,0.3,1,32,3,24,27
p0851,MONTEBELLO,05467,,C.E.R SABALETAS,"CORREGIMIENTO DE
SABALETAS",-75.5458191599999,5.917548938,verde,1,51,129,0.3953,1,46,2,25,51
p0852,MONTEBELLO,05467,,COLISEO MUNICIPAL,"CARRERA 22 Nro. 18-21
COLISEO",-75.5256497764713,5.94606293989118,verde,1,1502,3013,0.4985,18,730,124,561,1502
p0853,MURINDO,05475,,I.E. CAMPO ALEGRE,"CORREGIMIENTO CAMPO
ALEGRE",-76.812989135743,6.8584304978858,amarillo,2,3,177,0.0169,2,3,2,164,3
p0854,MURINDO,05475,,I.E. JEDEGA,CORREGIMIENTO JEDEGA,-76.7848355770109,6.87406092433453,amarillo,2,3,208,0.0144,2,1,1,200,3
p0855,MURINDO,05475,,I.E MURINDO,CRA 12 2a 28,-76.8180309356127,6.97718400067258,amarillo,2,65,1165,0.0558,8,24,6,1064,65
p0856,MURINDO,05475,,I.E. OPOGADO,CORREGIMIENTO OPOGADO,-76.8775003232723,6.81439234818412,amarillo,2,2,68,0.0294,1,1,0,63,2
p0857,MUTATA,05480,,C.E.R LA MILAGROSA,"CORREGIMIENTO DE
BEJUQUILLO",-76.5049541999999,7.365338085,amarillo,2,144,547,0.2633,4,15,5,366,144
p0858,MUTATA,05480,,C.E.R PAVARANDOCITO,"CORREGIMIENTO
PAVARANDOCITO",-76.5153333299999,7.29616471,amarillo,2,23,100,0.23,1,7,0,60,23
p0859,MUTATA,05480,,C.E.R PAVARANDOGRANDE,"CORREGIMIENTO
PAVARANDOGRANDE",-76.5587730999998,7.2757046,amarillo,2,195,716,0.2723,7,32,4,449,195
p0860,MUTATA,05480,,I.E MUTATA,Cra 11 # 8-67,-76.4372724299999,7.242648401,amarillo,2,1349,3258,0.4141,29,136,30,1648,1348
p0861,MUTATA,05480,,I.E.R. LA INMACULADA CAUCHERAS,"CORREGIMIENTO
CAUCHERAS",-76.4894179,7.3355313,amarillo,2,440,1059,0.4155,7,35,13,542,440
p0862,NARIÑO,05483,,COLISEO DAVID CIFUENTES,"CORREGIMIENTO PUERTO
VENUS SAMANA",-75.1931762695311,5.52162274289538,verde,1,335,516,0.6492,4,97,5,43,335
p0863,NARIÑO,05483,,SD BALSORA C.E.R. UVITAL,VEREDA BALSORA,-75.1339530944823,5.64402367110655,verde,1,14,27,0.5185,1,10,0,2,14
p0864,NARIÑO,05483,,SD LA LINDA I.E INMACULADA CONCEPCION,VEREDA LA LINDA,-75.1886272430418,5.64816542786597,verde,1,17,30,0.5667,1,11,0,2,17
p0865,NARIÑO,05483,,SD LAS MANGAS C.E.R. EL CARMELO,VEREDA LAS MANGAS,-75.2063033405921,5.61255913141665,verde,1,64,99,0.6465,1,26,1,5,64
p0866,NARIÑO,05483,,SD PRIMARIA I.E INMACULADA CONCEPCION,CRA 5 No 10A-12,-75.175130891654,5.6082906927612,verde,1,1877,2899,0.6475,20,638,45,251,1877
p0867,NARIÑO,05483,,SD PRINCIPAL C.E.R. EL CARMELO,VEREDA EL CARMELO,-75.1862668991088,5.59198143729601,verde,1,55,74,0.7432,1,11,1,5,55
p0868,NARIÑO,05483,,SD PRINCIPAL C.E.R. UVITAL,VEREDA UVITAL,-75.1258850097655,5.61333783304355,verde,1,21,54,0.3889,1,17,0,7,21
p0869,NECHI,05495,,BIJAGUAL I.E. JORGE ELICER GAITAN,CORREGIMIENTO BIJAGUAL,-74.8092555999755,7.85757358784433,amarillo,2,72,218,0.3303,2,8,3,132,72
p0870,NECHI,05495,,ESCUELA URBANA I.E. NECHI,CALLE 27 Nro. 30-03,-74.7751808166503,8.09339134753486,verde,1,244,499,0.489,3,29,7,215,244
p0871,NECHI,05495,,I. E. COLORADO,"CORREGIMIENTO
COLORADO",-74.8750369299998,8.05671305899999,amarillo,2,241,533,0.4522,5,36,0,245,241
p0872,NECHI,05495,,I. E. LAS FLORES,"CORREGIMIENTO LAS
FLORES",-74.7584479511503,8.10103302013585,amarillo,2,83,234,0.3547,3,17,1,129,83
p0873,NECHI,05495,,I.E.R. LA CONCHA,"CORREGIMIENTO LA
CONCHA",-74.8670604925564,7.94760203782503,verde,1,230,402,0.5721,4,29,7,124,230
p0874,NECHI,05495,,I.E.R. TRINIDAD ARRIBA - SAN PABLO ABAJO,VEREDA SAN PABLO ABAJO,-74.7751808166503,8.09339134753486,amarillo,2,86,254,0.3386,3,7,1,151,86
p0875,NECHI,05495,,LOS CARGUEROS I.E. JORGE ELICER GAITAN,"CORREGIMIENTO LOS
CARGUEROS",-74.8091373999998,7.886182433,verde,1,122,245,0.498,3,18,3,87,122
p0876,NECHI,05495,,SD PRINCIPAL I.E. NECHI,CALLE 27 # 30-03,-74.7751808166503,8.09339134753486,verde,1,2163,3868,0.5592,43,197,23,1386,2163
p0877,NECOCLI,05490,,I.E ANTONIO ROLDAN BETANCUR,CRA 46 # 51-53,-76.7840164435259,8.4259633927025,verde,1,3349,7010,0.4777,54,494,101,2924,3349
p0878,NECOCLI,05490,,I.E EDUARDO ESPITIA ROMERO,CALLE 57 # 44-50,-76.7836209136414,8.43000237962767,amarillo,2,153,347,0.4409,2,16,11,156,153
p0879,NECOCLI,05490,,I.E.R CARIBIA,CGTO. CARIBIA,-76.6724342299999,8.501705335,verde,1,209,370,0.5649,3,28,0,126,209
p0880,NECOCLI,05490,,I.E.R EL MELLITO,CGTO. EL MELLITO,-76.6724808,8.547294894,verde,1,465,830,0.5602,8,46,5,294,465
p0881,NECOCLI,05490,,I.E.R EL TOTUMO,CGTO. EL TOTUMO,-76.7501897599999,8.32900781999999,amarillo,2,570,1435,0.3972,11,74,8,736,570
p0882,NECOCLI,05490,,I.E.R LAS CHANGAS,CGTO. LAS CHANGAS,-76.5739149899999,8.544955453,verde,1,581,1121,0.5183,9,83,4,415,581
p0883,NECOCLI,05490,,I.E.R MELLO VILLAVICENCIO,"CGTO. MELLO
VILLAVICENCIO",-76.5662760499999,8.455382838,verde,1,345,702,0.4915,5,46,3,292,345
p0884,NECOCLI,05490,,I.E.R MULATOS,CGTO. MULATOS,-76.7209429499998,8.637429315,amarillo,2,259,629,0.4118,6,43,5,298,259
p0885,NECOCLI,05490,,I.E.R PUEBLO NUEVO,CGTO. PUEBLO NUEVO,-76.64562653,8.416465863,verde,1,1043,1564,0.6669,13,175,12,288,1043
p0886,NECOCLI,05490,,I.E.R. TULAPITA,VEREDA TULAPITA,-76.6164104391479,8.36788980481716,verde,1,198,418,0.4737,3,53,0,153,198
p0887,NECOCLI,05490,,I.E.R ZAPATA,CGTO. ZAPATA,-76.6368020599998,8.681764612,verde,1,316,633,0.4992,5,59,5,237,316
p0888,OLAYA,05501,,CASA DE LA CULTURA - CABECERA,"CASA DE LA CULTURA CL 10
NO",-75.8121343100267,6.62821607932047,verde,1,96,173,0.5549,1,45,5,25,96
p0889,OLAYA,05501,,I.E LLANADAS PRIMAVERA,CORREGIMIENTO LLANADAS,-75.7647657394407,6.61255909434854,verde,1,458,741,0.6181,5,162,14,84,458
p0890,OLAYA,05501,,I.E VEREDA EL PENCAL,VEREDA EL PENCAL,-75.8079126778424,6.63741317102834,verde,1,62,132,0.4697,1,38,4,24,62
p0891,OLAYA,05501,,SUCRE - CASA DE LA CULTURA,"CORREGIMIENTO SUCRE -
CRA 10 No 10-08",-75.7961916694641,6.5948184212651,verde,1,322,548,0.5876,3,65,18,126,322
p0892,PEQUE,05543,,C.E.R. JERIGUA,CORREGIMIENTO JERIGUA,-75.8908345270919,6.99453655835309,amarillo,2,21,84,0.25,1,20,1,36,21
p0893,PEQUE,05543,,C.E.R. JUAN IGNACIO TAMAYO,CORREGIMIENTO EL AGRIO,-75.8802967799998,6.93001352399999,amarillo,2,79,229,0.345,2,85,3,51,79
p0894,PEQUE,05543,,C.E.R. LOMITAS,CORREGIMIENTO LOMITAS,-75.8130938799998,7.07555152399999,amarillo,2,43,109,0.3945,1,11,2,49,43
p0895,PEQUE,05543,,C.E.R. VEGA DEL INGLES,"CORREGIMIENTO VEGA DEL
INGLES",-75.8818775191879,7.17564298964544,verde,1,17,33,0.5152,1,3,2,8,17
p0896,PEQUE,05543,,"COLISEO RICARDO ANTONIO DAVID
PIEDRAHITA",KR 11 CON CL 9 COLISEO,-75.9091420599999,7.021512429,verde,1,899,2088,0.4306,14,494,46,594,899
p0897,PEQUE,05543,,I.E.R. FLORENCIO SALAS TUBERQUIA,"CORREGIMIENTO LOS
LLANOS",-75.90631,7.06479,rojo,3,93,321,0.2897,2,101,11,111,93
p0898,PEQUE,05543,,I.E RENEGADO VALLE,"CORREGIMIENTO
BARBACOAS",-75.852651982054,6.96949600856995,verde,1,36,99,0.3636,1,32,0,27,36
p0899,PUEBLORRICO,05576,,I. E. EL SALVADOR,CALLE 30 N° 25-35,-75.8368864050568,5.79091064328203,verde,1,2251,3573,0.63,21,568,98,569,2251
p0900,PUERTO BERRIO,05579,,CARCEL,CLL 50 No 10 - 03,-74.4051829999998,6.49034099999999,amarillo,2,17,51,0.3333,1,4,0,20,17
p0901,PUERTO BERRIO,05579,,CENTRO DIA,KRA 3 # 57-133,-74.399311375171,6.49222020117639,verde,1,384,715,0.5371,6,14,17,276,384
p0902,PUERTO BERRIO,05579,,ESC. LA ISLA,KR 3 # 61-14 ESQUINA,-74.3988749999999,6.494155,verde,1,429,899,0.4772,6,54,22,371,429
p0903,PUERTO BERRIO,05579,,ESC. LA MILLA,KR 6 # 41-32,-74.4048849999998,6.484708,verde,1,550,1171,0.4697,8,54,25,498,550
p0904,PUERTO BERRIO,05579,,I.E. ALFONSO LOPEZ PUMAREJO,KR 6 NO 48 - 18,-74.4030423594308,6.48875427917883,verde,1,1171,2320,0.5047,16,73,72,912,1171
p0905,PUERTO BERRIO,05579,,I.E AMERICA,KR 13 # 47-31,-74.407662285879,6.48981834731942,verde,1,837,1619,0.517,12,80,41,625,837
p0906,PUERTO BERRIO,05579,,I.E. ANTONIO NARIÑO,CLL 50 BARRIO EL CARMELO,-74.41415,6.49051899999999,verde,1,695,1330,0.5226,12,59,33,501,695
p0907,PUERTO BERRIO,05579,,I.E. BOMBONA,"CLL 64 KR 10 # 10 - 26 BR.
URIBE",-74.402815,6.49732899999999,verde,1,923,1854,0.4978,15,76,28,754,923
p0908,PUERTO BERRIO,05579,,I.E.R MADRE LAURA,CORREGIMIENTO VIRGINIAS,-74.6831867299999,6.39314403,verde,1,94,187,0.5027,2,14,0,63,94
p0909,PUERTO BERRIO,05579,,I. E. R PEDRO JUSTO BERRIO,VEREDA GRECIA,-74.41973,6.46079,verde,1,151,313,0.4824,2,12,0,134,151
p0910,PUERTO BERRIO,05579,,INSTITUTO LA INMACULADA,KR 9 # 54-21,-74.4040229999998,6.49183199999999,verde,1,1829,3357,0.5448,21,159,97,1187,1829
p0911,PUERTO BERRIO,05579,,SD CRISTALINA I.E.R LA CARLOTA,"CORREGIMIENTO
CRISTALINA",-74.577061,6.411869,verde,1,108,180,0.6,2,11,6,49,108
p0912,PUERTO BERRIO,05579,,SD EL BRASIL I.E.R LA CARLOTA,CORREGIMIENTO EL BRASIL,-74.606329,6.483321,verde,1,222,373,0.5952,3,22,0,99,222
p0913,PUERTO BERRIO,05579,,SD MURILLO I.E.R LA CARLOTA,CORREGIMIENTO MURILLO,-74.394441,6.604535,verde,1,34,77,0.4416,1,0,0,28,34
p0914,PUERTO NARE,05585,,C.E.R. EL DELIRIO,VEREDA EL DELIRIO,-74.7554797252372,6.08115530764923,verde,1,49,60,0.8167,1,3,0,5,49
p0915,PUERTO NARE,05585,,C.E.R. LA ARABIA,VEREDA LA ARABIA,-74.7532821066233,6.18492599204222,verde,1,65,81,0.8025,1,7,0,7,65
p0916,PUERTO NARE,05585,,I E CARLOS A DUQUE R SECC PRIMARIA,"PUERTO NARE CRA.3 NRO.44-
41",-74.5822839000197,6.1852868574536,verde,1,1332,2742,0.4858,18,347,93,893,1332
p0917,PUERTO NARE,05585,,I.E.JORGE ENRIQUE VILLEGAS,LA PESCA CRA 10 Nro 01-60,-74.5907199382781,6.20779204967463,amarillo,2,83,462,0.1797,3,26,6,336,83
p0918,PUERTO NARE,05585,,I.E.R. LA SIERRA,CRA 2 NRO.49-37 LA SIERRA,-74.5672400969911,6.22595303255777,amarillo,2,558,2097,0.2661,13,136,55,1296,558
p0919,PUERTO NARE,05585,,I.E.R. LA UNION,CGTO. LA UNION,-74.7020053206919,6.18440623552749,verde,1,135,282,0.4787,2,81,0,47,135
p0920,PUERTO TRIUNFO,05591,,CARCEL MUNICIPAL,"CLL 10 No 10-71 PALACIO
MUNICIPAL",-74.6410892659686,5.86847882734593,verde,1,8,12,0.6667,1,0,0,4,8
p0921,PUERTO TRIUNFO,05591,,CARCEL PENITENCIARIA DE MEDIA SEGURIDAD,VIA MEDELLÍN - BOGOTÁ KM 115 (HACIENDA NÁPOLES),-74.7263087999836,5.90579482258053,amarillo,2,10,48,0.2083,1,2,0,32,10
p0922,PUERTO TRIUNFO,05591,,CENTRO DE DESARROLLO SOCIAL,"CORREGIMIENTO SANTIAGO
BERRIO",-74.6445702274355,5.9038965615699,verde,1,198,396,0.5,3,14,9,145,198
p0923,PUERTO TRIUNFO,05591,,I.E. DORADAL,AVENIDA EL COLEGIO,-74.7326942332292,5.90202650898969,verde,1,2245,3212,0.6989,17,192,69,570,2245
p0924,PUERTO TRIUNFO,05591,,I.E. ESTACION COCORNA,BARRIO MALVINAS,-74.6394853356238,6.03416082777147,verde,1,248,434,0.5714,3,23,3,140,248
p0925,PUERTO TRIUNFO,05591,,I.E. LA MERCED,AVENIDA EL COLEGIO,-74.7735274505261,5.92624339913631,verde,1,532,720,0.7389,4,50,9,109,532
p0926,PUERTO TRIUNFO,05591,,I.E. PUERTO PERALES,CARRERA 13 No 24 - 26,-74.5855730940411,5.99011474095214,verde,1,435,906,0.4801,5,57,13,365,435
p0927,PUERTO TRIUNFO,05591,,SD PRIMARIA I.E. PABLO VI,"AVENIDA LA ESTACIÓN CALLE
14 # 12-41",-74.6410831398668,5.87311508964089,verde,1,1012,1967,0.5145,13,119,51,696,1012
p0928,REMEDIOS,05604,,C.E.R. CAÑAVERAL,VEREDA CAÑAVERAL,-74.593114,7.1725958,amarillo,2,41,393,0.1043,4,11,6,315,41
p0929,REMEDIOS,05604,,C.E.R. CHORRO DE LAGRIMAS,"VEREDA CHORRO DE
LAGRIMAS",-74.4761497272867,6.77609709332433,amarillo,2,26,73,0.3562,1,9,3,30,26
p0930,REMEDIOS,05604,,CENTRO CULTURAL LEJANIAS,VEREDA LEJANIAS,-74.4263954,7.1670064,amarillo,2,27,249,0.1084,2,5,5,203,27
p0931,REMEDIOS,05604,,E. R. CAMPO VIJAO,VEREDA CAMPO VIJAO,-74.3616286280816,6.91361710559897,amarillo,2,28,114,0.2456,1,3,1,80,28
p0932,REMEDIOS,05604,,I.E. IGNACIO YEPES YEPES,"CIRCULAR 8 No. 15-149 BRR
SAN NICOLAS",-74.6984853001224,7.02842393540372,verde,1,1482,3347,0.4428,32,112,122,1458,1482
p0933,REMEDIOS,05604,,I. E.R. LA CRUZADA,"CORREGIMIENTO LA
CRUZADA",-74.7155372712409,7.07169902152826,amarillo,2,451,1259,0.3582,11,44,60,639,451
p0934,REMEDIOS,05604,,I. E.R. PABLO VI,"CORREGIMIENTO SANTA
ISABEL",-74.7422444399998,6.94404999999999,verde,1,411,666,0.6171,5,44,18,145,411
p0935,REMEDIOS,05604,,PARQUE EDUC. ISABELITA TEJADA CUARTAS,CRA 11 No 5-86,-74.6933749881203,7.02537478838214,amarillo,2,590,1488,0.3965,15,34,71,700,590
p0936,REMEDIOS,05604,,SD LA GORGONA - IE IGNACIO YEPES YEPES,VEREDA LA GORGONA,-74.4813751,6.9509991,amarillo,2,10,27,0.3704,1,2,0,14,10
p0937,RETIRO,05607,,COLISEO MUN CARLOS MAURO HOYOS,"Carrera 20 N 25 -50 Interior
115",-75.5010522999998,6.06288849999999,verde,1,6067,9531,0.6366,37,1818,389,1146,6067
p0938,RETIRO,05607,,IE IGNACIO BOTERO VALLEJO,"Carrera 20 N 25-50 Interior
105",-75.5019089,6.0622591,verde,1,3326,5127,0.6487,19,673,384,690,3326
p0939,RETIRO,05607,,IE LUIS EDUARDO POSADA,"Vereda Los Salados -CER Luis
Eduardo Posada",-75.5002139981392,6.10871630842744,verde,1,1930,2738,0.7049,11,334,141,303,1930
p0940,RIONEGRO,05615,,AUDITORIO AEROPUERTO CORR. J.M.C.,"CGTO JOSE MARIA CORDOVA
M VDA SAJONIA AEROPUERTO",-75.4275798797607,6.17101965886099,verde,1,1594,2447,0.6514,11,263,141,422,1594
p0941,RIONEGRO,05615,,CARCEL MUNICIPAL,CARCEL,-75.3657419699999,6.157252038,amarillo,2,6,17,0.3529,1,1,1,9,6
p0942,RIONEGRO,05615,,CASETA COMUNAL GALICIA,CGTO NORTE NESTOR E SANINT ALV VEREDA GALICIA,-75.3524351119994,6.2013547912878,verde,1,744,1387,0.5364,6,144,109,352,744
p0943,RIONEGRO,05615,,COLISEO IVAN RAMIRO CORDOBA,CALLE 43 A 50 200 SECTOR ESTADIO,-75.3739693940362,6.14674679055214,verde,1,3964,6324,0.6268,28,847,429,994,3964
p0944,RIONEGRO,05615,,COLISEO RUBEN DARIO QUINTERO,CALLE 54 No 50-028,-75.3726791806883,6.15745759682133,verde,1,4125,7097,0.5812,28,1119,527,1224,4125
p0945,RIONEGRO,05615,,ESC EDUARDO URIBE BOTERO,CRA 65A No 75A-01,-75.3874325752258,6.14714712014605,verde,1,3656,6016,0.6077,22,787,439,1061,3656
p0946,RIONEGRO,05615,,ESC PASCUALA MUÑOZ,CLL 45 No 57-20,-75.3793323040007,6.15109928343703,verde,1,2034,3635,0.5596,14,454,339,763,2034
p0947,RIONEGRO,05615,,ESC SAN JOSE DE LAS CUCHILLAS,CGTO CENTRO CASIMIRO GARCIA VDA LAS CUCHILLAS,-75.3938269615173,6.17947825858719,verde,1,974,1627,0.5986,6,162,139,331,974
p0948,RIONEGRO,05615,,ESCUELA UNIDA,CLL 52 40 - 86,-75.3723285731077,6.1542876758738,verde,1,2567,4501,0.5703,19,600,335,911,2567
p0949,RIONEGRO,05615,,I E ANTONIO DONADO CAMACHO,"CGTO OCCIDENTE JOSE
MARIA CORDOBA M VDA EL TABLAZO",-75.4498744010925,6.14379762543587,verde,1,1697,2296,0.7391,9,283,83,208,1697
p0950,RIONEGRO,05615,,I E BARRO BLANCO,"CGTO CENTRO CASIMIRO
GARCIA VEREDA BARRO BLANCO",-75.3946208953857,6.15015524710231,verde,1,1324,2033,0.6513,7,202,163,316,1324
p0951,RIONEGRO,05615,,I E GILBERTO ECHEVERRY MEJIA,"CGTO DEL SUR GILBERTO
ECHEVERRI M VDA CABECERAS",-75.4105032066168,6.12193475140163,verde,1,4951,7016,0.7057,26,858,333,783,4951
p0952,RIONEGRO,05615,,I.E. JULIO SANIN,CL 52 # 44-03,-75.3690935511639,6.15531696170491,verde,1,3311,5883,0.5628,26,920,355,1186,3311
p0953,RIONEGRO,05615,,IE ANA GOMEZ DE SIERRA,"CGTO NOR NESTOR E SANINT
VDA PLAYA AU MED/BOG KM34",-75.3819823265074,6.20210141463089,verde,1,1597,2909,0.549,13,507,234,527,1597
p0954,RIONEGRO,05615,,IE SAN ANTONIO,CALLE 34 No 59-103,-75.3811607604048,6.13006281493505,verde,1,6896,10551,0.6536,37,1372,762,1417,6896
p0955,RIONEGRO,05615,,IT SANTIAGO DE ARMA,CRA 52 No 42B-151,-75.3709999999998,6.15500000000001,verde,1,3850,6357,0.6056,24,742,566,1144,3850
p0956,RIONEGRO,05615,,LIC CONSEJO MUNICIPAL,CRA 69 No 41B-24,-75.3879207372664,6.15011791229772,verde,1,4517,7939,0.569,29,960,740,1612,4517
p0957,RIONEGRO,05615,,OFICINA VALORIZACION ALCALDIA,CL 52 # 50 - 15,-75.3732352031799,6.15538276167849,verde,1,4077,7361,0.5539,31,1150,473,1514,4077
p0958,RIONEGRO,05615,,"SD BALDOMERO IE JOSEFINA MUÑOZ
GONZALEZ",CRA 57D No 52 - 14,-75.3753312517992,6.1588343865835,verde,1,3789,7288,0.5199,32,895,591,1881,3789
p0959,RIONEGRO,05615,,SD CUATRO ESQ IE JOSEFINA MUÑOZ GONZALEZ,CRA 41 No 36-83,-75.3600708779098,6.14953550445046,verde,1,3039,5722,0.5311,23,721,464,1395,3039
p0960,SABANALARGA,05628,,COLISEO MPAL FRANCISCO LUIS HOLGUIN F,"CALLE 15 AMADOR NRO 17-
04",-75.8168053921187,6.84786314966932,verde,1,1639,2689,0.6095,18,480,39,425,1639
p0961,SABANALARGA,05628,,I.E.R EL JUNCO,CORREGIMIENTO EL JUNCO,-75.8489639782293,6.79301691278281,verde,1,318,454,0.7004,3,79,3,38,318
p0962,SABANALARGA,05628,,I.E.R EL SOCORRO,VEREDA EL SOCORRO,-75.7464183217412,6.90470256726894,verde,1,50,128,0.3906,1,38,12,17,50
p0963,SABANALARGA,05628,,SALON PARROQUIAL,CORREGIMIENTO EL ORO,-75.7558286190031,6.93189070634208,verde,1,109,181,0.6022,2,43,2,24,109
p0964,SABANETA,05631,,BIBLIOTECA MUNICIPAL,CLL 75 SUR No 45-47,-75.6189878217425,6.14962200264477,verde,1,2946,4540,0.6489,17,389,436,726,2946
p0965,SABANETA,05631,,CASA DE LA CULTURA LA BARQUEREÑA,CLL 68 SUR # 42 - 40,-75.6122313310931,6.15132634837868,verde,1,1765,2492,0.7083,10,245,143,317,1765
p0966,SABANETA,05631,,COL PADRE RAMON ARCILA R,CALLE 70 SUR No 46-80,-75.6170896545721,6.15294899095291,verde,1,2483,3564,0.6967,14,438,158,442,2483
p0967,SABANETA,05631,,CTRO DE ATENCION 1RA INFANCIA CAIPI,CRA 43 C # 65 SUR - 128,-75.6123868466487,6.15213788350959,verde,1,2277,3470,0.6562,16,283,324,551,2277
p0968,SABANETA,05631,,CTRO PARA EL ADULTO MAYOR CAITES,CLL 78 C SUR # 46 - 120,-75.6212164421757,6.13763136499775,verde,1,6331,9580,0.6609,35,973,771,1414,6331
p0969,SABANETA,05631,,E.R. LAS LOMITAS (JAC),"VEREDA LAS LOMITAS CRA 32
# 61S-83",-75.6011278878202,6.14290645645471,verde,1,109,175,0.6229,1,20,19,25,109
p0970,SABANETA,05631,,GIMNASIO CAMPESTRE LOS ALCAZARES,CLL 63 SUR No 41-05,-75.6097635389918,6.15172362170503,verde,1,3574,6060,0.5898,24,530,778,1130,3574
p0971,SABANETA,05631,,I.E MARIA AUXILIADORA,VEREDA MARIA AUXILIADORA CL 56 S # 38-117,-75.5989843044912,6.1501329662164,verde,1,607,1175,0.5166,5,104,137,316,607
p0972,SABANETA,05631,,I.E. PRESBITERO ANTONIO BAENA SALAZAR,CLL 82 SUR No 32-68,-75.6300932370858,6.13961821105838,verde,1,489,893,0.5476,5,55,108,218,489
p0973,SABANETA,05631,,I.E. PRIMITIVO LEAL LA DOCTORA,CLL 75 SUR # 33 53,-75.61311546962,6.14133582791559,verde,1,3532,5840,0.6048,24,514,616,1111,3532
p0974,SABANETA,05631,,I.E. RAFAEL J. MEJIA,KR 45 # 77 C SUR - 47,-75.6207370303399,6.14660442876148,verde,1,5068,8395,0.6037,35,663,1049,1527,5068
p0975,SABANETA,05631,,IE CONCEJO DE SABANETA JMCB,CRA 42 No 61 SUR -12,-75.606980465208,6.15376231514181,verde,1,4237,6976,0.6074,29,707,722,1239,4237
p0976,SABANETA,05631,,IE JOSE FELIX DE RESTREPO,CRA 46B No 76SUR -17,-75.6197533095763,6.15041883786223,verde,1,6680,10566,0.6322,44,1176,905,1696,6680
p0977,SABANETA,05631,,IE MARIA MEDIADORA,CLL 50 SUR No 43A-89,-75.6025992458996,6.16073539595008,verde,1,2348,4087,0.5745,21,311,522,875,2348
p0978,SABANETA,05631,,JAC VEREDA SAN JOSE,"VEREDA SAN JOSE CRA 77
SUR # 27 - 220",-75.615544405601,6.12792141496908,verde,1,224,384,0.5833,2,36,47,74,224
p0979,SABANETA,05631,,PARQUE DE LOS 4 ELEMENTOS,CLL 66 SUR No 43C-50,-75.612687174167,6.15290200591077,verde,1,1307,1871,0.6986,7,166,139,234,1307
p0980,SALGAR,05642,,C. E. R. CARLOS VIECO ORTIZ,VEREDA LA MARGARITA,-76.0064444399998,5.959563889,verde,1,163,226,0.7212,2,42,8,9,163
p0981,SALGAR,05642,,C. E. R. PEÑALISA,CORREGIMIENTO PEÑALISA,-75.8606831199999,5.934621282,verde,1,139,219,0.6347,2,33,0,28,139
p0982,SALGAR,05642,,CASETA COMUNAL EL CONCILIO,"CORREGIMIENTO EL
CONCILIO",-75.9338629399998,5.958954373,verde,1,198,252,0.7857,2,25,3,15,198
p0983,SALGAR,05642,,CASETA COMUNAL LA GULUNGA,VEREDA LA GULUNGA,-75.9535181699998,5.92500931,verde,1,83,126,0.6587,2,26,0,12,83
p0984,SALGAR,05642,,I.E.R. ABELARDO OCHOA,CORREGIMIENTO LA CAMARA,-75.9842583299999,6.027919444,verde,1,267,381,0.7008,3,73,5,16,267
p0985,SALGAR,05642,,IE JULIO RESTREPO,"CRA 35 No 32-110 BARRIO LA
HABANA",-75.9822222222,5.9658333333,verde,1,3175,4492,0.7068,32,722,96,374,3175
p0986,SAN ANDRES,05647,,C.E.R. COREDI,VEREDA SAN MIGUEL,-75.2285121070323,5.66219215946658,amarillo,2,13,44,0.2955,1,9,0,16,13
p0987,SAN ANDRES,05647,,COLISEO LOS FUNDADORES,CALLE AYACUCHO,-75.6740227956545,6.91411531721261,verde,1,992,1721,0.5764,13,194,85,339,992
p0988,SAN ANDRES,05647,,ESC. SANTA GERTRUDIS I.E.R. LAS CRUCES,VEREDA SANTA GERTRUDIS,-75.6586176099998,6.889068259,verde,1,38,63,0.6032,1,7,2,10,38
p0989,SAN ANDRES,05647,,ESCUELA EL PEÑOL I.E.R. LAS CRUCES,VEREDA EL PEÑOL,-75.6362671499998,6.98844739799999,amarillo,2,15,55,0.2727,1,5,0,30,15
p0990,SAN ANDRES,05647,,ESCUELA LA CIENAGA,VEREDA LA CIENAGA,-75.7255762799998,6.92404608699999,verde,1,36,57,0.6316,1,13,2,4,36
p0991,SAN ANDRES,05647,,ESCUELA MONTAÑA/ADENTRO,VEREDA GUAYABAL,-75.6830667099999,6.93649250999999,verde,1,9,13,0.6923,1,3,0,0,9
p0992,SAN ANDRES,05647,,I.E.R. ANA JOAQUINA RESTREPO,VEREDA ALTO SECO,-75.6690325999999,6.94502109999999,amarillo,2,16,47,0.3404,1,9,0,17,16
p0993,SAN ANDRES,05647,,I.E.R. LAS CRUCES,VEREDA LAS CRUCES,-75.6766849730174,6.9312671310754,verde,1,72,107,0.6729,1,12,5,5,72
p0994,SAN ANDRES,05647,,PUESTO DE SALUD SAN RAFAEL,VEREDA ATEZAL,-75.6860726999999,6.926644824,verde,1,11,23,0.4783,1,4,1,6,11
p0995,SAN CARLOS,05649,,C.E.R. SAMANA,CORREGIMIENTO SAMANA,-74.83562923735,6.12886547397973,verde,1,125,188,0.6649,2,28,4,23,125
p0996,SAN CARLOS,05649,,C.E.R. SIMON BOLIVAR,VEREDA JUANES,-74.829687218591,6.2190217678669,verde,1,81,142,0.5704,1,28,5,25,81
p0997,SAN CARLOS,05649,,"COLIS. MPAL JULIAN CONRADO E IVAN
GIRAL.",CRA 18 CLL 19A,-74.9926757812498,6.18611811132496,verde,1,4437,6965,0.637,36,892,243,1240,4437
p0998,SAN CARLOS,05649,,I.E.R. EL JORDAN,CORREGIMIENTO EL JORDAN,-74.825876977438,6.25432558659703,verde,1,486,816,0.5956,5,138,17,146,486
p0999,SAN CARLOS,05649,,I.E.R.PALMICHAL SEDE EL CHOCO,VEREDA EL CHOCO,-75.0535920973142,6.14845026231979,verde,1,168,254,0.6614,2,40,1,40,168
p1000,SAN CARLOS,05649,,I.E.R PUERTO GARZA,"CORREGIMIENTO PUERTO
GARZA",-74.755879653152,6.20662595368505,verde,1,150,244,0.6148,2,56,5,24,150
p1001,SAN FRANCISCO,05652,,COLISEO CASA DE LA CULTURA,CLL 11 No 10 -69,-75.1022279262542,5.96521052738603,verde,1,1512,2300,0.6574,15,256,76,385,1512
p1002,SAN FRANCISCO,05652,,NUEVA SD C.E.R.SAN JUAN DE AQUITANIA,"CORREGIMIENTO DE
AQUITANIA",-74.9713840598695,5.84522981062039,amarillo,2,174,458,0.3799,4,197,9,53,174
p1003,SAN JERONIMO,05656,,C.E.R. LOS CEDROS,VEREDA LOS CEDROS,-75.687942,6.490919,verde,1,127,204,0.6225,2,31,7,30,127
p1004,SAN JERONIMO,05656,,COLISEO MUNICIPAL,CRA 11 CLL 20,-75.72817304,6.44208299399999,verde,1,3858,6326,0.6099,33,831,210,1258,3858
p1005,SAN JERONIMO,05656,,"ENORSGED SD FRANCISCO HERRERA
CAMPUZANO",VEREDA LLANO DE SAN JUAN,-75.7217857625845,6.39563718908168,verde,1,133,226,0.5885,2,21,10,55,133
p1006,SAN JERONIMO,05656,,SD RAFAEL J MEJIA IE BENIGNO MENA,VEREDA POLEAL,-75.663939,6.455822,verde,1,96,160,0.6,2,45,0,12,96
p1007,SAN JERONIMO,05656,,SD TOMASA MENDEZ I.E.R. AGRICOLA,VEREDA LLANO DE AGUIRRE,-75.7400375512331,6.45834841632184,verde,1,318,505,0.6297,3,55,10,108,318
p1008,"SAN JOSE DE LA
MONTAÑA",05658,,IE FRANCISCO ABEL GALLEGO - SECCION C,CLL 20 #21-65,-75.6837184720254,6.85106466418269,verde,1,927,1514,0.6123,10,194,130,191,927
p1009,"SAN JUAN DE
URABA",05659,,C.E.R SAN JUANCITO,CGTO SAN JUANCITO,-76.4932848143413,8.69361045856057,verde,1,176,365,0.4822,3,26,3,146,176
p1010,"SAN JUAN DE
URABA",05659,,C.E.R SAN NICOLAS DEL RIO,CGTO SAN NICOLAS DEL RIO,-76.5907993482938,8.71481877133286,verde,1,253,481,0.526,4,81,2,129,253
p1011,"SAN JUAN DE
URABA",05659,,E.R. LA BALSITA,CGTO LA BALSILLA,-76.5714550926693,8.72771102979163,verde,1,159,299,0.5318,2,32,1,98,159
p1012,"SAN JUAN DE
URABA",05659,,I.E.R BELEN,CGTO BELEN,-76.5509359299998,8.744604833,verde,1,182,359,0.507,4,30,3,131,182
p1013,"SAN JUAN DE
URABA",05659,,I.E.R EL FILO DE DAMAQUIEL,"CGTO EL FILO DE
DAMAQUIEL",-76.5656432088161,8.68958173650943,verde,1,118,282,0.4184,3,56,4,96,118
p1014,"SAN JUAN DE
URABA",05659,,I.E.R MONSEÑOR ESCOBAR VELEZ,CGTO DAMAQUIEL,-76.6070014994554,8.74005160590957,verde,1,347,640,0.5422,6,66,6,204,347
p1015,"SAN JUAN DE
URABA",05659,,I.E.R SIETE VUELTAS,CGTO SIETE VUELTAS,-76.54821959,8.64134764399999,amarillo,2,109,402,0.2711,4,54,3,221,109
p1016,"SAN JUAN DE
URABA",05659,,I.E.R UVEROS,CGTO UVEROS,-76.5805888927258,8.74557391856924,amarillo,2,213,571,0.373,5,47,0,296,213
p1017,"SAN JUAN DE
URABA",05659,,IE SAN JUAN DE URABA,"CLL 13 BARRIO VILLA
VIKINGO",-76.535654,8.759138,verde,1,1968,4147,0.4746,33,273,48,1776,1968
p1018,SAN LUIS,05660,,C.E.R. BUENOS AIRES,VEREDA BUENOS AIRES,-75.0602245330809,6.11576344947508,verde,1,141,204,0.6912,2,22,0,24,141
p1019,SAN LUIS,05660,,C.E.R. EL SILENCIO,VEREDA EL SILENCIO,-75.0499463081359,6.0022676934159,verde,1,50,96,0.5208,1,13,2,28,50
p1020,SAN LUIS,05660,,C.E.R. LA JOSEFINA,VEREDA MONTELORO,-74.8838746547697,5.97088626854085,verde,1,463,668,0.6931,4,77,25,79,463
p1021,SAN LUIS,05660,,C.E.R. LA TEBAIDA,VEREDA PLAYA LINDA,-75.0252914428709,6.00713319988681,verde,1,84,135,0.6222,1,23,0,19,84
p1022,SAN LUIS,05660,,C.E.R. RIOCLARO,VEREDA EL VERGEL,-74.8463286627676,5.92811207794855,verde,1,148,213,0.6948,1,12,12,38,148
p1023,SAN LUIS,05660,,C.E.R. SAN PABLO,VEREDA SAN PABLO,-75.064752101898,6.02311650923822,verde,1,29,52,0.5577,1,6,2,11,29
p1024,SAN LUIS,05660,,COLISEO EL PRODIGIO,"CORREGIMIENTO EL
PRODIGIO",-74.8086199164388,6.06388488518454,verde,1,216,269,0.803,2,14,0,30,216
p1025,SAN LUIS,05660,,SEDE JUAN JOSE HOYOS,CLL 21 No 22 30,-74.9964180951274,6.04120920261204,verde,1,3501,5096,0.687,26,435,200,816,3501
p1026,SAN PEDRO,05664,,COLISEO TIPO B,CRA 54 CON CLL 46,-75.5602440424362,6.46107696854945,verde,1,2227,3535,0.63,17,359,278,563,2227
p1027,SAN PEDRO,05664,,"CTRO DE INTEGRAC. CIUDAD. LOS
ENCENILLOS",CLL 53A # 49-14,-75.554660129608,6.46764552686532,verde,1,1693,2891,0.5856,15,229,323,587,1693
p1028,SAN PEDRO,05664,,I E PIO XII,carrera 49 #41-212,-75.5572027,6.4556209,verde,1,2151,3287,0.6544,15,427,217,411,2151
p1029,SAN PEDRO,05664,,I.E.R. CEREZALES,VEREDA CEREZALES,-75.5618190765379,6.42883740171359,verde,1,68,104,0.6538,1,12,7,11,68
p1030,SAN PEDRO,05664,,I.E.R. EL ESPINAL,VEREDA EL ESPINAL,-75.5468094348905,6.44578736429027,verde,1,69,97,0.7113,1,14,0,5,69
p1031,SAN PEDRO,05664,,I.E.R. OVEJAS,CORREGIMIENTO DE OVEJAS,-75.6455898284912,6.39501474896709,verde,1,507,829,0.6116,4,95,47,154,507
p1032,SAN PEDRO,05664,,I.E.R. PANTANILLO,VEREDA PANTANILLO,-75.6303941721553,6.44204533458588,verde,1,325,466,0.6974,3,60,11,60,325
p1033,SAN PEDRO,05664,,I.E.R. SAN JUAN,VEREDA SAN JUAN,-75.6068164342351,6.49482198219207,verde,1,53,96,0.5521,1,19,7,12,53
p1034,SAN PEDRO,05664,,SD LA GABRIELA I E PIO XII,"CRA 50 No 44-01 B.LA
PLAZUELA",-75.5580712851805,6.45775710082043,verde,1,1966,3043,0.6461,14,525,183,303,1966
p1035,"SAN PEDRO DE
URABA",05665,,E.U.I. HERNANDEZ CASTILLO,"CRA. 51 ENTRE CL 43 y 44
BARRIO URABA",-76.3850161958784,8.27242375403064,verde,1,769,1152,0.6675,11,44,13,303,769
p1036,"SAN PEDRO DE
URABA",05665,,E.U.I. ZOILA LOPEZ,"CRA. 53 ENTRE CL 54 y 55 B.
ZOILA LOPEZ",-76.3861921,8.2731072,verde,1,905,1417,0.6387,10,89,19,366,905
p1037,"SAN PEDRO DE
URABA",05665,,I.E.R. ALTO ROSARIO,"CORREGIMIENTO ALTO
ROSARIO",-76.3739627893526,8.23271583844656,verde,1,255,461,0.5531,3,30,6,162,255
p1038,"SAN PEDRO DE
URABA",05665,,I.E.R ARENAS MONAS,"CORREGIMIENTO ARENAS
MONAS",-76.223316,8.4882248,verde,1,206,365,0.5644,3,38,5,106,206
p1039,"SAN PEDRO DE
URABA",05665,,I.E.R. BUCHADO MEDIO,CORREGIMIENTO PUEBLITO,-76.3482514231611,8.26905207511664,verde,1,167,281,0.5943,2,19,5,87,167
p1040,"SAN PEDRO DE
URABA",05665,,I.E.R EL RAYO,CORREGIMIENTO EL RAYO,-76.39023,8.136877,verde,1,194,318,0.6101,3,37,1,77,194
p1041,"SAN PEDRO DE
URABA",05665,,I.E.R EL TOMATE,CORREGIMIENTO EL TOMATE,-76.3661985,8.455489,verde,1,325,497,0.6539,4,95,0,71,325
p1042,"SAN PEDRO DE
URABA",05665,,I.E.R. LAS PAVAS,CORREGIMIENTO LAS PAVAS,-76.3796753297659,8.28910215419252,verde,1,124,217,0.5714,1,20,6,63,124
p1043,"SAN PEDRO DE
URABA",05665,,I.E.R. LOS ALMAGROS,"CORREGIMIENTO LAS
ALMAGRAS",-76.3964520854953,8.2568376068556,verde,1,96,139,0.6906,1,19,4,15,96
p1044,"SAN PEDRO DE
URABA",05665,,I.E.R. LOS ALMENDROS,"CORREGIMIENTO LOS
ALMENDROS",-76.3109968362163,8.41647041429497,verde,1,59,93,0.6344,1,15,1,16,59
p1045,"SAN PEDRO DE
URABA",05665,,I.E.R SANTA CATALINA,"CORREGIMIENTO SANTA
CATALINA",-76.3176966096191,8.39970365098472,verde,1,606,1073,0.5648,8,120,11,303,606
p1046,"SAN PEDRO DE
URABA",05665,,I.E.R ZAPINDONGA,"CORREGIMIENTO
ZAPINDONGA",-76.278790473938,8.5378178781063,verde,1,179,406,0.4409,4,77,4,135,179
p1047,"SAN PEDRO DE
URABA",05665,,I.E. SAN PEDRO DE URABA,"BARRIO CAMILO TORRES CL
52 No 46-70",-76.3839805,8.2795891,verde,1,1734,2965,0.5848,22,245,35,856,1734
p1048,"SAN PEDRO DE
URABA",05665,,SD POLICARPA S. I.E. SAN PEDRO DE URABA,"CL 50 CRA. 39 BARRIO 16 DE
MAYO",-76.3752235545335,8.27213880895797,verde,1,1212,1848,0.6558,17,112,31,457,1212
p1049,SAN RAFAEL,05667,,COLISEO MUNICIPAL SECTOR EL JARDIN,CLL 13 CRA 18-57,-75.0280676455383,6.29069734825928,verde,1,3915,6479,0.6043,36,988,326,1053,3915
p1050,SAN RAFAEL,05667,,ESTADERO EL BIZCOCHO,VEREDA EL BIZCOCHO,-75.066247,6.296977,verde,1,111,170,0.6529,1,23,0,29,111
p1051,SAN RAFAEL,05667,,IE SAN RAFAEL SEDE NARCISA ARBELAEZ,CRA 16 A # 19 A 04,-75.023509,6.295332,verde,1,307,572,0.5367,3,59,53,140,307
p1052,SAN RAFAEL,05667,,SALON COREDI,VEREDA SAN JULIAN,-74.8815609,6.3525963,amarillo,2,43,111,0.3874,1,48,3,8,43
p1053,SAN ROQUE,05670,,CER ALEJANDRO GOMEZ DIEZ,VIA A CRISTALES KM 18,-74.9559851,6.4684562,verde,1,108,193,0.5596,2,63,3,18,108
p1054,SAN ROQUE,05670,,I.E.R. CRISTALES,CL UNICA # 5-07 KM 25,-74.9178,6.48306,verde,1,354,594,0.596,5,130,13,76,354
p1055,SAN ROQUE,05670,,I.E.R. PROVIDENCIA,CLL 2 # 3-8 KM18,-74.9047227,6.5171095,verde,1,198,494,0.4008,4,89,10,168,198
p1056,SAN ROQUE,05670,,I.E.R. SAN JOSE DEL NUS,CLL 3 # 11-9 KM 32,-74.8265499999998,6.494233333,verde,1,628,1115,0.5632,6,165,22,262,628
p1057,SAN ROQUE,05670,,IE NORMAL SUPERIOR SAN ROQUE,CLL 20 No 22-13,-75.0200557708739,6.4846106228355,verde,1,3376,5930,0.5693,33,1540,170,677,3376
p1058,SAN VICENTE,05674,,C.E.R. COMPAÑÍA ABAJO,VDA COMPAÑÍA ABAJO,-75.3619285797756,6.2464003632681,verde,1,150,210,0.7143,1,14,16,27,150
p1059,SAN VICENTE,05674,,C.E.R. CORRIENTES,VDA CORRIENTES,-75.2522004455664,6.31145300418715,verde,1,84,143,0.5874,1,24,6,22,84
p1060,SAN VICENTE,05674,,C.E.R. EL CORAL,VDA EL CORAL,-75.3722030999998,6.310523959,verde,1,227,340,0.6676,2,54,15,35,227
p1061,SAN VICENTE,05674,,C.E.R. LA FLORESTA,VDA LA FLORESTA,-75.3018894195556,6.2764711131031,verde,1,108,159,0.6792,1,18,8,22,108
p1062,SAN VICENTE,05674,,C.E.R. LA TRAVESIA,VDA LA TRAVESIA,-75.3445816040039,6.25182414305258,verde,1,197,282,0.6986,2,32,17,28,197
p1063,SAN VICENTE,05674,,C.E.R. OVEJAS,VDA OVEJAS,-75.38172615,6.35450732999999,verde,1,274,389,0.7044,2,68,8,20,274
p1064,SAN VICENTE,05674,,C.E.R. SAN JOSE,VDA SAN JOSE,-75.3563579469981,6.29151007717544,verde,1,195,267,0.7303,2,47,7,14,195
p1065,SAN VICENTE,05674,,COLEGIO LA MAGDALENA,VDA LA MAGDALENA,-75.2938556671142,6.33151814969753,verde,1,225,323,0.6966,2,28,18,44,225
p1066,SAN VICENTE,05674,,COLISEO MARCO TULIO TORRES,VEREDA PIEDRA GORDA,-75.2786354799999,6.29678957199999,verde,1,150,238,0.6303,2,46,9,16,150
p1067,SAN VICENTE,05674,,COLISEO MUNICIPAL SAN VICENTE FERRER,CALLE 23,-75.3317928314207,6.28330636333607,verde,1,4969,7868,0.6315,34,1264,441,963,4969
p1068,SAN VICENTE,05674,,I.E.R. CHAPARRAL,VDA CHAPARRAL,-75.3741,6.263901,verde,1,845,1182,0.7149,5,124,50,134,845
p1069,SANTA BARBARA,05679,,CARCEL,CLL 50 No 51 - 26,-75.5684095738162,5.87371510168501,verde,1,11,24,0.4583,1,0,3,7,11
p1070,SANTA BARBARA,05679,,COLISEO LUIS FERNANDO PATIÑO,CALLE 50 No 48-24,-75.5665880441665,5.87561080273982,verde,1,912,1992,0.4578,14,167,165,691,912
p1071,SANTA BARBARA,05679,,ESCUELA DAMASCO,CORREGIMIENTO DAMASCO,-75.5727195739744,5.79148922423178,verde,1,270,413,0.6538,3,42,16,68,270
p1072,SANTA BARBARA,05679,,ESCUELA VERSALLES,"CORREGIMIENTO DE
VERSALLES",-75.5870369811004,5.96303396583425,verde,1,374,727,0.5144,5,138,47,141,374
p1073,SANTA BARBARA,05679,,I.E. JESUS MARIA PAGOLA,CRA 49 No 49A-42,-75.5664378404615,5.87420203466207,verde,1,1230,2201,0.5588,14,259,111,555,1230
p1074,SANTA BARBARA,05679,,I.E. MARIA AUXILIADORA,CRA 50 No 50 - 08,-75.5674843336586,5.8743815264203,verde,1,1681,2962,0.5675,16,408,146,639,1681
p1075,SANTA BARBARA,05679,,I.E. MONSEÑOR EMILIO BOTERO,CRA 51 No 51 - 53,-75.5685997009275,5.87468763315234,verde,1,1509,2860,0.5276,16,434,93,721,1509
p1076,SANTA ROSA DE OSOS,05686,,C.E.R CHAQUIRO,VEREDA EL CHAQUIRO,-75.4899480241736,6.75473520365776,verde,1,172,260,0.6615,2,43,11,25,172
p1077,SANTA ROSA DE OSOS,05686,,C.E.R EL CANEY,VEREDA EL CANEY,-75.2503164919263,6.57689926103986,verde,1,157,285,0.5509,2,90,4,20,157
p1078,SANTA ROSA DE OSOS,05686,,C.E.R SAN JOSE DE LA AHUMADA,"VEREDA SAN JOSE DE LA
AHUMADA",-75.3748942,6.6359322,amarillo,2,29,86,0.3372,1,38,7,7,29
p1079,SANTA ROSA DE OSOS,05686,,CARCEL,CL 27 35A 03,-75.4653582751793,6.64648181094392,amarillo,2,16,46,0.3478,1,5,4,20,16
p1080,SANTA ROSA DE OSOS,05686,,CASA DE LA CULTURA SAN PABLO,CORREGIMIENTO SAN PABLO,-75.2483813474991,6.60372830474452,verde,1,239,535,0.4467,3,210,17,47,239
p1081,SANTA ROSA DE OSOS,05686,,CASETA COMUNAL RIO GRANDE,"CORREGIMIENTO RIO
GRANDE",-75.3983607804756,6.53427395233609,verde,1,84,130,0.6462,1,17,5,17,84
p1082,SANTA ROSA DE OSOS,05686,,COLISEO ANTONIO ROLDAN BETANCUR,"CLL 26 SAN FRANCISCO # 35-
19",-75.4657079746615,6.64618097760148,verde,1,2317,3943,0.5876,22,613,292,617,2317
p1083,SANTA ROSA DE OSOS,05686,,COLISEO MENOR,CLL 28 #28-18,-75.4621207371908,6.64655303026658,verde,1,1814,3300,0.5497,16,440,338,632,1814
p1084,SANTA ROSA DE OSOS,05686,,"ESC. NORMAL SUPERIOR PEDRO JUSTO
BERRIO",CARRERA 30 No. 31 - 36,-75.4599078414082,6.6492297855099,verde,1,2191,3725,0.5882,18,657,252,506,2191
p1085,SANTA ROSA DE OSOS,05686,,I.E.R ARAGON,CORREGIMIENTO ARAGON,-75.5627954238832,6.78268717724142,verde,1,171,375,0.456,3,128,7,40,171
p1086,SANTA ROSA DE OSOS,05686,,I.E.R HOYO RICO,"CORREGIMIENTO HOYO
RICO",-75.426708185983,6.60486131422657,verde,1,254,424,0.5991,3,73,19,67,254
p1087,SANTA ROSA DE OSOS,05686,,I.E.R SAN ISIDRO,"CORREGIMIENTO SAN
ISIDRO",-75.3345615164419,6.56365658390123,verde,1,253,490,0.5163,3,158,8,32,253
p1088,SANTA ROSA DE OSOS,05686,,PARQUE NEURONA EDUCATIVA,CLL 32A No 28-24 B.BLANCO,-75.4578229489852,6.65081454457157,verde,1,929,1556,0.597,8,306,88,187,929
p1089,SANTA ROSA DE OSOS,05686,,TERMINAL DEL TRANSPORTE,CARRERA 28A # 32 17,-75.4586694398418,6.65054849406405,verde,1,770,1408,0.5469,8,274,113,210,770
p1090,SANTO DOMINGO,05690,,ANTIGUO HOTEL EL LIMON,CORREGIMIENTO EL LIMON,-75.1228375614552,6.5338611116853,verde,1,18,33,0.5455,1,6,1,7,18
p1091,SANTO DOMINGO,05690,,CARCEL NACIONAL,CR 15 NO 14-10,-75.1645731925963,6.47183954708988,rojo,3,9,37,0.2432,1,10,0,15,9
p1092,SANTO DOMINGO,05690,,COLISEO JORGE EDUARDO ARIAS,CALLE SAN MIGUEL,-75.1658982038497,6.47393199219047,verde,1,1981,3256,0.6084,17,624,155,409,1981
p1093,SANTO DOMINGO,05690,,I.E.R. BOTERO,CORREGIMIENTO BOTERO,-75.2335620152346,6.539760155743,verde,1,227,389,0.5835,3,47,11,87,227
p1094,SANTO DOMINGO,05690,,I.E.R. PEDRO PABLO CASTRILLON,CORREGIMIENTO SANTIAGO,-75.1569986343383,6.54194987536784,verde,1,226,435,0.5195,3,86,10,102,226
p1095,SANTO DOMINGO,05690,,I.E.R. PORCESITO,CORREGIMIENTO PORCE,-75.2069950103758,6.54642795819812,verde,1,246,506,0.4862,3,69,22,140,246
p1096,SANTO DOMINGO,05690,,IE ROBERTO LOPEZ GOMEZ,CORREGIMIENTO VERSALLES,-75.0919777000078,6.53676356277014,verde,1,180,368,0.4891,3,97,6,68,180
p1097,SANTO DOMINGO,05690,,SALON CAPILLA JUNTA ACCION COMUNAL,VEREDA LA QUIEBRA,-75.1426775949419,6.53450836177953,verde,1,78,153,0.5098,1,26,0,33,78
p1098,SANTUARIO,05697,,C.E.R. MONSEÑOR FRANCISCO L. GOMEZ G.,VEREDA VARGAS,-75.2859989526726,6.14665431592723,verde,1,203,268,0.7575,2,24,10,26,203
p1099,SANTUARIO,05697,,CASA DE LA CULTURA,CLL 49 # 48 -19,-75.2652525901793,6.13831156970526,verde,1,1832,2402,0.7627,9,216,118,194,1832
p1100,SANTUARIO,05697,,CER JOSE IGNACIO BOTERO SD LA PAZ,"VEREDA LA PAZ - VIA A
GRANADA",-75.1908022822384,6.12060649997275,verde,1,100,139,0.7194,1,12,5,19,100
p1101,SANTUARIO,05697,,ESCUELA CLARA ZULUAGA,CLL 50a #40c-65,-75.2600604650655,6.13728410416981,verde,1,4034,5342,0.7551,23,442,320,448,4034
p1102,SANTUARIO,05697,,I.E. SENDEROS,CRA 50 # 48 B 15,-75.2664327621458,6.13869883920445,verde,1,4321,5740,0.7528,22,506,280,535,4321
p1103,SANTUARIO,05697,,I.E.T.I. JOSE MARIA CORDOBA SD PRIMARIA,CRA 43 # 45 46,-75.2633625776793,6.13518603150675,verde,1,3791,5261,0.7206,24,365,344,659,3791
p1104,SANTUARIO,05697,,PARQUE EDUCATIVO,CRA 49 No 51-22,-75.2649637004563,6.14002234595969,verde,1,1916,2530,0.7573,10,212,116,245,1916
p1105,SEGOVIA,05736,,COLISEO CUBIERTO ABEL RIVERA VILLA,"CL 47 EL TIGRITO CON
CARRERA 50",-74.70229469,7.077359446,amarillo,2,966,3014,0.3205,27,104,105,1693,966
p1106,SEGOVIA,05736,,I.E. DOMINGO SAVIO,CLL 49 No 46-130,-74.7029536599999,7.080923018,amarillo,2,777,2360,0.3292,19,107,99,1245,777
p1107,SEGOVIA,05736,,I.E. MANUEL CEPEDA,BR 20 DE JULIO,-74.6988652999998,7.080656578,amarillo,2,446,1379,0.3234,14,28,30,792,446
p1108,SEGOVIA,05736,,I.E. MARIA GORETTI,KR 48 NO 48 - 90,-74.70018159,7.07975882,amarillo,2,1026,3188,0.3218,25,122,96,1761,1026
p1109,SEGOVIA,05736,,I.E.R. FRAY MARTIN DE PORRES (FRAGUAS),CORREGIMIENTO FRAGUAS,-74.8209017399999,7.252710772,amarillo,2,151,451,0.3348,6,16,14,242,151
p1110,SEGOVIA,05736,,I.E.R. SANTA LAURA,VEREDA RANCHO QUEMADO,-74.546446055173,7.26016315986011,amarillo,2,88,487,0.1807,3,7,14,351,88
p1111,SEGOVIA,05736,,SD CAMPO ALEGRE I.E.R. LIBORIO BATALLER,VEREDA CAMPO ALEGRE,-74.7104772431009,7.08583212861329,amarillo,2,125,488,0.2561,4,7,25,303,125
p1112,SEGOVIA,05736,,"SD LA PO CAMPESINA-IE STO DOMINGO
SAVIO","RESGUARDO INDIGENA LA
PO",-74.627300240099,7.21660199545752,amarillo,2,9,83,0.1084,1,1,0,70,9
p1113,SONSON,05756,,C.E.R ALTO DE SABANAS,"CORREGIMIENTO ALTO DE
SABANAS",-75.38575,5.71993,verde,1,245,398,0.6156,2,93,0,23,245
p1114,SONSON,05756,,C.E.R ARENILLAL,VEREDA ARENILLAL,-75.36319,5.61075,verde,1,52,83,0.6265,1,23,2,0,52
p1115,SONSON,05756,,C.E.R BRASILAL,CGTO RIO VERDE DE LOS MONTES,-75.13199,5.842,verde,1,12,27,0.4444,1,9,1,4,12
p1116,SONSON,05756,,C.E.R CAUNZAL LOS MEDIOS,"CORREGIMIENTO LOS
MEDIOS",-75.36581,5.62366,verde,1,197,342,0.576,2,108,11,15,197
p1117,SONSON,05756,,C.E.R EL SALADO,VEREDA EL SALADO,-75.19309,5.81146999999999,amarillo,2,8,78,0.1026,1,66,1,2,8
p1118,SONSON,05756,,C.E.R EL SALTO,VEREDA EL SALTO,-75.3631376719378,5.750814,verde,1,67,78,0.859,1,7,0,1,67
p1119,SONSON,05756,,C.E.R JERUSALEN LA FLORIDA,CGTO JERUSALEN LA FLORIDA,-74.84757,5.89684,verde,1,217,374,0.5802,2,75,2,58,217
p1120,SONSON,05756,,C.E.R LA LINDA,CORREGIMIENTO LA LINDA,-74.7931712455142,5.8838148669859,verde,1,140,222,0.6306,1,50,0,22,140
p1121,SONSON,05756,,C.E.R LA LOMA,VEREDA LA LOMA,-75.422262,5.717256,verde,1,95,133,0.7143,1,33,0,3,95
p1122,SONSON,05756,,C.E.R. LA MORELIA,VEREDA LA MORELIA,-75.30436,5.80531,verde,1,55,92,0.5978,1,19,4,12,55
p1123,SONSON,05756,,C.E.R LA TORRE,VEREDA LA TORRE,-75.19496,5.85866,amarillo,2,8,26,0.3077,1,15,0,3,8
p1124,SONSON,05756,,C.E.R LAS CRUCES,VEREDA LAS CRUCES,-75.32843,5.58952,amarillo,2,24,83,0.2892,1,55,0,2,24
p1125,SONSON,05756,,C.E.R LLANADA SANTA CLARA,"VEREDA LLANADAS SANTA
CLARA",-75.3401726799011,5.7544,verde,1,215,279,0.7706,2,46,0,9,215
p1126,SONSON,05756,,C.E.R LOS PLANES,VEREDA LOS PLANES,-75.34505,5.66037,amarillo,2,17,51,0.3333,1,30,1,0,17
p1127,SONSON,05756,,C.E.R LOS POTREROS,CORREGIMIENTO LOS POTREROS,-75.36746,5.68044,amarillo,2,43,100,0.43,1,48,4,4,43
p1128,SONSON,05756,,C.E.R. MANZANARES CENTRO,VEREDA MANZANARES,-75.26139,5.78713,verde,1,168,271,0.6199,2,88,6,4,168
p1129,SONSON,05756,,C.E.R RIO VERDE DE LOS HENAOS,CORREGIMIENTO RIO VERDE DE LOS MONTES,-75.228,5.82188,amarillo,2,15,60,0.25,1,40,1,2,15
p1130,SONSON,05756,,C.E.R. ROBLAL ARRIBA,VEREDA ROBLAL ARRIBA,-75.37879,5.71333,verde,1,61,118,0.5169,1,37,5,6,61
p1131,SONSON,05756,,C.E.R SAN MIGUEL,"CORREGIMIENTO SAN
MIGUEL",-74.72712,5.735072,verde,1,219,542,0.4041,4,163,5,129,219
p1132,SONSON,05756,,C.E.R SAN PABLO LA QUIEBRA,"VEREDA SAN PABLO LA
QUIEBRA",-75.22944,5.70795,verde,1,20,35,0.5714,1,8,0,6,20
p1133,SONSON,05756,,CARCEL,KR 7 NO 12 - 17,-75.3096,5.71376,rojo,3,3,22,0.1364,1,7,2,9,3
p1134,SONSON,05756,,I.E.R. LA DANTA,CORREGIMIENTO DANTAS,-74.8261,5.84044,verde,1,589,1254,0.4697,7,464,1,116,589
p1135,SONSON,05756,,I.E.R. LA MESA,VEREDA LA MESA,-74.84987,5.91729,amarillo,2,10,31,0.3226,1,17,0,1,10
p1136,SONSON,05756,,I.E.R. LA SOLEDAD,CORREGIMIENTO RIO VERDE DE LOS MONTES,-75.14304,5.794304,verde,1,104,204,0.5098,2,75,1,10,104
p1137,SONSON,05756,,IE BRAULIO MEJIA,CRA 7 # 13-140,-75.30836,5.71561,verde,1,2502,4221,0.5928,21,839,230,536,2502
p1138,SONSON,05756,,IE ROSA MARIA HENAO DE LAS PAVAS,CRA 7 # 3-57,-75.31235,5.70741000000001,verde,1,1655,3082,0.537,15,850,129,346,1655
p1139,SONSON,05756,,SD 2 IE ROSA MARIA HENAO DE LAS PAVAS,CRA 8 # 6-37,-75.312131,5.709807,verde,1,1132,1884,0.6008,9,406,95,204,1132
p1140,SONSON,05756,,SENA,CLL. 10 ENTRE CRAS 1 Y 2,-75.30606,5.71067,verde,1,1155,1778,0.6496,11,371,63,150,1155
p1141,SOPETRAN,05761,,COLISEO MUNICIPAL - SECTOR AGUAMALA,CRA 14 No 10 / 09,-75.7479777799999,6.503262061,verde,1,2561,5897,0.4343,32,1535,164,1490,2561
p1142,SOPETRAN,05761,,SD CORDOBA - IE ESC. NORMAL SUPERIOR,CORREGIMIENTO CORDOBA,-75.7660102844236,6.51794927951613,verde,1,100,237,0.4219,2,75,3,50,100
p1143,SOPETRAN,05761,,SD GUAYABAL I.E. JOSE MARIA VILLA,CORREGIMIENTO GUAYABAL,-75.7052813799999,6.509930638,amarillo,2,91,315,0.2889,2,141,2,76,91
p1144,SOPETRAN,05761,,SD HORIZONTES I.E. JOSE MARIA VILLA,"CORREGIMIENTO
HORIZONTES",-75.7381120543413,6.59823542320626,verde,1,133,231,0.5758,2,60,10,21,133
p1145,SOPETRAN,05761,,SD MONTEGRANDE I.E. JOSE MARIA VILLA,"CORREGIMIENTO
MONTEGRANDE",-75.7079887390135,6.53739713888427,amarillo,2,67,222,0.3018,2,110,6,33,67
p1146,SOPETRAN,05761,,SD NUEVO HORIZONTE I.E. JOSE MARIA VILLA,"CORREGIMIENTO NUEVO
HORIZONTE",-75.7305922399998,6.58171362199999,amarillo,2,54,232,0.2328,2,148,4,22,54
p1147,SOPETRAN,05761,,"SD SAN NICOLAS - IE ESC NORMAL
SUPERIOR","CORREGIMIENTO SAN
NICOLAS",-75.8209719999998,6.478409,amarillo,2,41,128,0.3203,1,63,0,21,41
p1148,TAMESIS,05789,,CARCEL,KR 10 #9-40,-75.7133960723875,5.66407456427761,verde,1,9,17,0.5294,1,2,2,4,9
p1149,TAMESIS,05789,,CASA DE LA CULTURA PALERMO,CRA 10 No 12-68,-75.6952795920886,5.73335248592001,verde,1,520,969,0.5366,5,155,25,229,520
p1150,TAMESIS,05789,,I.E.R. SAN PABLO SECCION PRIMARIA,CORREGIMIENTO SAN PABLO,-75.6824141143547,5.60273839206016,verde,1,169,478,0.3536,3,155,19,119,169
p1151,TAMESIS,05789,,IE AGRICOLA VICTOR MANUEL OROZCO,CRA 13 No 14-45,-75.713653564453,5.66586820578528,verde,1,3542,6798,0.521,36,1152,270,1612,3542
p1152,TARAZA,05790,,C.E.R EL GUAIMARO,"CORREGIMIENTO GUAIMARO
SAN MIGUEL",-75.4715764287526,7.57047654449591,amarillo,2,52,178,0.2921,2,5,0,112,52
p1153,TARAZA,05790,,C.E.R PUERTO ANTIOQUIA,"CORREGIMIENTO PUERTO
ANTIOQUIA",-75.3407084941862,7.53533375773262,amarillo,2,108,268,0.403,2,9,3,137,108
p1154,TARAZA,05790,,CÁRCEL MUNICIPAL,CRA 30 No 29- 09,-75.3998565673827,7.58073192401328,rojo,3,1,9,0.1111,1,4,0,4,1
p1155,TARAZA,05790,,COLEGIO SEDE ANGEL AMABLE ARROYAVE,"CRA. 31 No. 40 - 46 PARQUE
PRINCIPAL",-75.4004043999999,7.58049339999999,amarillo,2,263,694,0.379,9,30,8,361,263
p1156,TARAZA,05790,,I.E. ANTONIO ROLDAN BETANCUR,"CRA. 36 No. 32 - 114 BARRIO
GARZON",-75.4006008148193,7.58427745424392,amarillo,2,500,1444,0.3463,14,61,42,783,500
p1157,TARAZA,05790,,I.E.R MONTENEGRO,"CORREGIMIENTO BARRO
BLANCO",-75.2641937500678,7.47208108585349,amarillo,2,80,283,0.2827,4,10,4,176,80
p1158,TARAZA,05790,,I.E. RAFAEL NUÑEZ,"CL 28 No. 28 - 18 BARRIO
VILLA DEL LAGO",-75.3984104737359,7.58160138445489,amarillo,2,488,1326,0.368,17,54,26,690,488
p1159,TARAZA,05790,,IE LA CAUCANA,"CORREGIMIENTO LA
CAUCANA",-75.5224636360427,7.64199211595314,amarillo,2,131,619,0.2116,8,10,15,431,131
p1160,TARAZA,05790,,IE LA INMACULADA,CORREGIMIENTO EL DOCE,-75.3072331936118,7.44417469495444,amarillo,2,160,515,0.3107,6,28,4,297,160
p1161,TARAZA,05790,,"PARQUE EDUCATIVO JESUS ARCANGEL
RAMIREZ","CL 36 No. 30 - 04 BARRIO
AVENIDA",-75.4014116999998,7.58617649999999,amarillo,2,431,1155,0.3732,12,62,18,603,431
p1162,TARSO,05792,,PLACA POLID. IE JOSE PRIETO SEC.PRIMA.,SECTOR LAS COLONIAS,-75.8199098336384,5.86421174961955,verde,1,1374,2823,0.4867,18,539,70,754,1374
p1163,TITIRIBI,05809,,C.E.R ANTONIO JOSE,CORREGIMIENTO ANTONIO JOSE (LA MESETA),-75.7779351278031,6.04751315919488,verde,1,72,121,0.595,1,23,4,20,72
p1164,TITIRIBI,05809,,C.E.R. CORCOVADO,"CORREGIMIENTO
CORCOVADO",-75.7819259853845,6.05248142110551,verde,1,14,30,0.4667,1,5,2,9,14
p1165,TITIRIBI,05809,,C.E.R LUIS ZEA URIBE,CORREGIMIENTO SITIOVIEJO,-75.790757852543,6.07526836725081,verde,1,72,150,0.48,1,36,8,25,72
p1166,TITIRIBI,05809,,C.E.R OFELIA ECHEVERRI,CORREGIMIENTO OTRAMINA,-75.807683702543,6.08555181442142,verde,1,112,188,0.5957,2,35,3,27,112
p1167,TITIRIBI,05809,,ESCUELA EVANGELINA BETANCUR,CALLE 20 No. 21-61,-75.7935535496401,6.06261640164763,verde,1,830,1648,0.5036,11,409,69,295,830
p1168,TITIRIBI,05809,,IE BENJAMIN CORREA,"CORREGIMIENTO EL LIBANO
(LA ALBANIA)",-75.754382373998,6.05799433890111,verde,1,287,557,0.5153,3,96,16,147,287
p1169,TITIRIBI,05809,,"PQ EDUC. JUAN BAUTISTA MONTOYA Y
FLOREZ",CLL 21 No 19-66,-75.7932958623859,6.06410015290275,verde,1,546,1227,0.445,8,212,87,335,546
p1170,TOLEDO,05819,,I.E.J. EMILIO VALDERRAMA AGUDELO,"CRA 10, CL 12 # 12-07",-75.6897589628613,7.01204809067096,verde,1,739,1485,0.4976,12,198,65,387,739
p1171,TOLEDO,05819,,I.E.R. BUENAVISTA,"CORREGIMIENTO
BUENAVISTA",-75.70425833,6.93758888899999,verde,1,30,49,0.6122,1,12,3,2,30
p1172,TOLEDO,05819,,I.E.R. EL VALLE,CORREGIMIENTO EL VALLE,-75.6740307299999,7.05235615299999,verde,1,53,101,0.5248,1,8,0,37,53
p1173,TURBO,05837,,C.E.R PUYA DEL MEDIO,VEREDA PUYA MEDIO,-76.44035,8.4051,verde,1,83,190,0.4368,2,48,1,55,83
p1174,TURBO,05837,,C.E. SANTIAGO DE URABA,VDA SANTIAGO DE URABA - CTO SAN JOSE DE MULATOS,-76.3441,8.3174,verde,1,58,102,0.5686,1,5,3,33,58
p1175,TURBO,05837,,COL DIOCESANO NTRA SRA DEL CARMEN,CRA 18 CLL 98,-76.7216433487799,8.08925368966735,amarillo,2,294,1093,0.269,8,25,26,735,294
p1176,TURBO,05837,,E.U.I. LOMAS AISLADAS,"CORREGIMIENTO DE LOMAS
AISLADAS",-76.9616532,7.6518533,verde,1,78,124,0.629,2,6,0,35,78
p1177,TURBO,05837,,I.E. ANGEL MILAN PEREA,CRA 14 No 98 - 121,-76.7216297327469,8.08928635652635,amarillo,2,948,3584,0.2645,23,110,36,2444,948
p1178,TURBO,05837,,I.E. COMUNAL SAN JORGE,CORREGIMIENTO COMUNAL SAN JORGE - VEREDA LA PIÑA,-76.70308,7.962855,amarillo,2,175,781,0.2241,5,23,6,560,175
p1179,TURBO,05837,,I.E. PUERTO CESAR,"CORREGIMIENTO PUERTO
CESAR",-76.70308,8.02289,amarillo,2,55,169,0.3254,1,6,0,107,55
p1180,TURBO,05837,,I.E. VILLA MARIA,"VDA VILLA MARIA KM 4 VIA A
NECOCLI - CGTO EL DOS",-76.72039,8.11523,amarillo,2,167,468,0.3568,3,27,1,256,167
p1181,TURBO,05837,,IE ALTO DE MULATOS,"CORREGIMIENTO ALTO DE
MULATOS",-76.5519974999998,8.13675459999999,verde,1,151,312,0.484,3,21,7,128,151
p1182,TURBO,05837,,IE BOCAS DEL ATRATO,"CORREGIMIENTO BOCAS DEL
ATRATO",-76.8659348,8.0818598,amarillo,2,20,83,0.241,1,2,0,58,20
p1183,TURBO,05837,,IE CENTRAL,CRA 50# 49 AV PRINCIPAL CURRULAO,-76.6362047195434,7.99557236950183,amarillo,2,680,3336,0.2038,20,70,51,2479,680
p1184,TURBO,05837,,IE CURRULAO,CLL 49 # 51-42 CORREGIMIENTO CURRULAO,-76.6361618041992,7.99545549955481,amarillo,2,899,4137,0.2173,25,104,38,3016,899
p1185,TURBO,05837,,IE EL DOS,CORREGIMIENTO EL DOS,-76.6899197,8.1233783,verde,1,523,1115,0.4691,10,79,18,459,523
p1186,TURBO,05837,,IE FRANCISCO VALDERRAMA,CLL 100 ENTRE CRA 18 Y 19,-76.7216384410858,8.09343383543589,amarillo,2,708,2004,0.3533,16,80,26,1145,708
p1187,TURBO,05837,,IE NORMAL SUPERIOR DE URABA,CLL 104 # 27-60B,-76.716113090515,8.10010438030872,amarillo,2,781,2286,0.3416,18,68,36,1384,781
p1188,TURBO,05837,,IE NUEVA COLONIA,CORREGIMIENTO NUEVA COLONIA,-76.7175622,7.9349987,amarillo,2,345,3109,0.111,19,53,16,2642,345
p1189,TURBO,05837,,IE NUEVA GRANADA,"CORREGIMIENTO NUEVA
GRANADA",-76.4849296,8.25334969999999,verde,1,144,264,0.5455,2,57,1,52,144
p1190,TURBO,05837,,IE NUEVO ANTIOQUIA,CORREGIMIENTO NUEVO ANTIOQUIA,-76.51841,8.03774079999999,amarillo,2,158,373,0.4236,5,6,4,190,158
p1191,TURBO,05837,,IE PUEBLO BELLO,"CORREGIMIENTO PUEBLO
BELLO",-76.7285585403441,8.09194675623495,verde,1,353,623,0.5666,5,33,14,214,353
p1192,TURBO,05837,,IE PUNTA DE PIEDRA,"CORREGIMIENTO PUNTA DE
PIEDRA",-76.7438660098953,8.18283258945149,amarillo,2,452,1281,0.3528,9,113,15,671,452
p1193,TURBO,05837,,IE RIOGRANDE,CORREGIMIENTO RIOGRANDE,-76.6291892999998,7.92901089999999,amarillo,2,157,1473,0.1066,8,16,9,1282,157
p1194,TURBO,05837,,IE SAG. CORAZON DE JESUS SD JESUS MORA,CLL 111 ENTRE CRA 18 Y 19,-76.7250739723834,8.10078300722034,amarillo,2,349,1016,0.3435,7,25,24,604,349
p1195,TURBO,05837,,IE SAGRADO CORAZON,CLL 101 ENTRE CRA 16 Y 17,-76.7255619,8.0939162,amarillo,2,790,2192,0.3604,13,112,24,1230,790
p1196,TURBO,05837,,IE SAN JOSE DE MULATOS,"CORREGIMIENTO SAN JOSE
DE MULATOS",-76.4907596999998,8.3718929,verde,1,292,490,0.5959,5,80,1,98,292
p1197,TURBO,05837,,IE SAN JOSE-LA SALLE,CORREGIMIENTO EL TRES KM 10 VÍA TURBO- APARTADÓ,-76.6634856,8.0646462,amarillo,2,1361,3120,0.4362,22,167,32,1460,1361
p1198,TURBO,05837,,IE SAN MARTIN DE PORRES,CLL 100 # 15-82,-76.7253398895262,8.09243536857769,amarillo,2,1012,3070,0.3296,22,84,50,1882,1012
p1199,TURBO,05837,,IE SAN PABLO DE TULAPA,"CORREGIMIENTO SAN PABLO
DE TULAPA",-76.6197248,8.3550398,amarillo,2,35,123,0.2846,2,25,0,57,35
p1200,TURBO,05837,,IE SAN VICENTE DEL CONGO,"CORREGIMIENTO SAN
VICENTE DE CONGO",-76.4575293999998,8.2295043,verde,1,396,621,0.6377,5,62,2,141,396
p1201,TURBO,05837,,IE SANTA FE LA PLAYA,CLL 115 # 6-2,-76.7380428314207,8.09698155936149,amarillo,2,841,2305,0.3649,17,74,21,1326,841
p1202,TURBO,05837,,UNIV DE ANTIOQUIA CIENCIAS DEL MAR,CRA 28 No 107-46,-76.7163491249084,8.10101785396613,amarillo,2,1130,3001,0.3765,20,97,46,1694,1130
p1203,URAMITA,05842,,C.E.R. EL PITAL,CORREGIMIENTO OROBAJO,-76.1476946299999,6.866086916,verde,1,72,105,0.6857,1,13,1,19,72
p1204,URAMITA,05842,,CASETA COMUNAL,CORREGIMIENTO AMBALEMA,-76.2081827399998,6.892710728,verde,1,28,55,0.5091,1,12,0,13,28
p1205,URAMITA,05842,,COLISEO MUNICIPAL,BARRIO LOS ALMENDROS,-76.1733957811485,6.90031209166655,verde,1,1364,2612,0.5222,19,524,55,578,1364
p1206,URRAO,05847,,C.E.R ANTONIO JOSE ARANGO,"CORREGIMIENTO LA
ENCARNACION",-76.2087794970848,6.43990964082246,verde,1,99,174,0.569,2,44,6,16,99
p1207,URRAO,05847,,C.E.R MARIA AUXILIADORA,VEREDA NENDO,-76.3330188189056,6.36192397822295,amarillo,2,5,20,0.25,1,1,1,12,5
p1208,URRAO,05847,,C.E.R PUNTA DE OCAIDO,VEREDA PUNTA DE OCAIDO,-76.4658533812028,6.23504911475172,amarillo,2,5,85,0.0588,2,0,0,80,5
p1209,URRAO,05847,,C.E.R SAN JOSE,VEREDA SAN JOSE,-76.1268404678725,6.25469494184901,verde,1,189,308,0.6136,2,40,8,52,189
p1210,URRAO,05847,,C.E.R. VASQUEZ,VEREDA MANDE,-76.4721347997403,6.48055482589869,amarillo,2,7,162,0.0432,3,3,1,148,7
p1211,URRAO,05847,,CASA DEL DEPORTE,CARRERA 32 # 23 - 68,-76.1336016183852,6.31106166540984,verde,1,1691,2631,0.6427,17,332,84,421,1691
p1212,URRAO,05847,,COLISEO,CARRERA 31 No 17-17,-76.1319193754749,6.30432406270559,verde,1,1183,1830,0.6464,14,200,56,296,1183
p1213,URRAO,05847,,ESC. ANEXA NORMAL SAGRADA FLIA,CARRERA 32 No 27A-35,-76.1352025006884,6.31489762613928,verde,1,2065,3191,0.6471,22,341,113,562,2065
p1214,URRAO,05847,,I.E. JAIPERA,CALLE 39 No 25-14,-76.1353949839569,6.32678820103386,verde,1,1171,1913,0.6121,15,181,64,392,1171
p1215,VALDIVIA,05854,,COLISEO GUILLERMO GAVIRIA,CALLE PAEZ,-75.4385984599998,7.165189239,verde,1,1168,1843,0.6337,20,124,61,411,1168
p1216,VALDIVIA,05854,,COLISEO ROBERTO GALLEGO,"LA TRONCAL
CORREGIMIENTO PTO VALDIVIA",-75.3933115761268,7.28970333350033,amarillo,2,307,1210,0.2537,15,51,22,767,307
p1217,VALDIVIA,05854,,PUESTO DE SALUD (RAUDAL),CORREGIMEINTO RAUDAL,-75.3086821067772,7.3480221601396,amarillo,2,20,245,0.0816,2,7,4,209,20
p1218,VALPARAISO,05856,,C.E.R. SAN MIGUEL,VEREDA LA FABIANA,-75.64949636,5.664324352,verde,1,13,27,0.4815,1,2,1,10,13
p1219,VALPARAISO,05856,,E.U. DE NIÑOS GUILLERMO VALENCIA,"CLL 9 AYACUCHO No 6-97
GUILLERMO VALENCIA",-75.6221,5.617,verde,1,1537,3086,0.4981,16,488,74,927,1537
p1220,VEGACHI,05858,,BLOQUE I - EL COLEGIO I.E. EFE GOMEZ,CRA 47 No 50 - 40,-74.7971795936162,6.7701946345454,verde,1,1090,1687,0.6461,14,115,53,327,1090
p1221,VEGACHI,05858,,BLOQUE II - LA ESCUELA I.E. EFE GOMEZ,CRA 48 No 50A - 12,-74.7976213,6.77024589999999,verde,1,1756,2585,0.6793,19,260,80,347,1756
p1222,VEGACHI,05858,,CASETA COMUNAL,COREGIMIENTO EL TIGRE,-74.7983921615221,6.86157422633371,verde,1,231,369,0.626,3,61,0,38,231
p1223,VEGACHI,05858,,I.E. JOHN F. KENNEDY SEDE EL CINCO,VEREDA EL CINCO,-74.6807270584352,6.82030737936929,verde,1,23,49,0.4694,1,7,0,10,23
p1224,VENECIA,05861,,ANTIGUO COLEGIO,CORREGIMIENTO LA MINA,-75.7402396202086,5.9270550699273,verde,1,117,151,0.7748,1,20,2,10,117
p1225,VENECIA,05861,,COLISEO MUNICIPAL,CRA 53 # 50 - 05,-75.7356010530663,5.96422251950951,verde,1,2563,4031,0.6358,23,565,110,707,2563
p1226,VENECIA,05861,,ESCUELA EL CERRO,CORREGIMIENTO EL CERRO,-75.7013259283,5.95452034907068,verde,1,69,116,0.5948,1,29,6,11,69
p1227,VENECIA,05861,,ESCUELA PALENQUE,CORREGIMIENTO PALENQUE,-75.7027432238314,5.97554531291729,verde,1,104,190,0.5474,2,34,4,44,104
p1228,VENECIA,05861,,ESCUELA PIEDRAS BLANCAS,CORREGIMIENTO ARABIA,-75.7329654693602,5.93608290265736,verde,1,68,120,0.5667,2,29,5,12,68
p1229,VENECIA,05861,,"IE ORLANDO VELASQUEZ - ESCUELA
PRIMARIA","CORREGIMIENTO
BOLOMBOLO",-75.8371478319168,5.97158019256361,verde,1,579,985,0.5878,6,108,9,251,579
p1230,VIGIA DEL FUERTE,05873,,CASA COMUNAL SAN MIGUEL,"CORREGIMIENTO SAN
MIGUEL",-76.8259369086412,6.52911708373332,rojo,3,8,140,0.0571,2,13,3,115,8
p1231,VIGIA DEL FUERTE,05873,,I.E. PLAYA BAJO MURRI,"CORREGIMIENTO BAJO
MURRI",-76.7109146473967,6.62764076064953,rojo,3,6,157,0.0382,2,15,2,127,6
p1232,VIGIA DEL FUERTE,05873,,IE ALIANZA PARA EL PROGRESO,CORREGIMIENTO VEGAEZ,-76.5570317699998,6.20926712799999,amarillo,2,23,230,0.1,3,8,5,187,23
p1233,VIGIA DEL FUERTE,05873,,IE BUCHADO,CORREGIMIENTO BUCHADO,-76.7819025099999,6.421132355,amarillo,2,9,323,0.0279,3,3,1,309,9
p1234,VIGIA DEL FUERTE,05873,,IE LOMA MURRI,"CORREGIMIENTO LOMA
MURRI",-76.7103603836994,6.62768759921021,rojo,3,3,154,0.0195,1,5,0,146,3
p1235,VIGIA DEL FUERTE,05873,,IE PALOBLANCO,"CORREGIMIENTO
PALOBLANCO",-76.7150450999998,6.17242244699999,verde,1,29,64,0.4531,1,5,0,26,29
p1236,VIGIA DEL FUERTE,05873,,IE S.A. DE PADUA,"CORREGIMIENTO S.A. DE
PADUA",-76.76150053,6.28754412899999,amarillo,2,28,196,0.1429,3,8,1,159,28
p1237,VIGIA DEL FUERTE,05873,,IE SAN ALEJANDRO,"CORREGIMIENTO SAN
ALEJANDRO",-76.8722963999998,6.728362863,rojo,3,11,62,0.1774,1,7,24,19,11
p1238,VIGIA DEL FUERTE,05873,,"PARQUE EDUCATIVO SABERES
ANCESTRALES",CRA 4 # 14-99,-76.8942538217382,6.59030928930531,amarillo,2,149,846,0.1761,9,81,19,575,149
p1239,YALI,05885,,C.E.R. LA MASCARA,VEREDA LA MASCARA,-74.7086723109041,6.74815157991486,verde,1,20,55,0.3636,1,19,0,10,20
p1240,YALI,05885,,IE LORENZO YALI - SEDE PRIMARIA,CRA 20 A No 18 A -11,-74.8424023389833,6.67384119056576,verde,1,1398,2298,0.6084,19,253,47,496,1398
p1241,YARUMAL,05887,,C.E.R. EL LLANO,"CORREGIMIENTO EL LLANO
DE YARUMAL",-75.44287011,6.89458281,rojo,3,12,76,0.1579,1,14,8,39,12
p1242,YARUMAL,05887,,C.E.R LA LOMA,"CORREGIMIENTO LA LOMA
YARUMAL",-75.6219639,7.0351903,rojo,3,11,48,0.2292,1,12,10,13,11
p1243,YARUMAL,05887,,CARCEL,KR 21 # 20 - 07,-75.4181507288359,6.96231887292584,verde,1,13,36,0.3611,1,2,8,12,13
p1244,YARUMAL,05887,,CASETA COMUNAL EL PUEBLITO,"CORREGIMIENTO EL
PUEBLITO",-75.3577395,7.1807394,verde,1,54,78,0.6923,1,8,0,12,54
p1245,YARUMAL,05887,,CDI URB JOSE MARIA CORDOBA,CRA 26 B No 12-105,-75.4172833701482,6.95447729887864,verde,1,417,822,0.5073,6,93,82,212,417
p1246,YARUMAL,05887,,COL.CUBIERTO POLIDEP.DEL CAFE,CLL 12 # 23A-07,-75.4146737876967,6.95682484863454,verde,1,889,1363,0.6522,14,196,61,170,889
p1247,YARUMAL,05887,,COLEGIO CATOLICO LA INMACULADA,CARRERA 19 N 23 30,-75.4191206,6.965425,verde,1,675,1161,0.5814,8,108,90,250,675
p1248,YARUMAL,05887,,ESC MARIA AUXILIADORA,CALLE 16 No 18-09,-75.4138399067459,6.96269162428595,verde,1,674,1122,0.6007,7,78,97,255,674
p1249,YARUMAL,05887,,ESCUELA EPIFANIO MEJIA,KR 20 # 15- 46,-75.4147240801977,6.96089162041268,verde,1,685,1141,0.6004,6,170,71,172,685
p1250,YARUMAL,05887,,ESCUELA LA INMACULADA,CLL 26 No 18-81,-75.4217101,6.9676613,verde,1,990,1620,0.6111,11,176,120,286,990
p1251,YARUMAL,05887,,ESCUELA NORMAL SUPERIOR LA MERCED,CRA 19 No 14-84 ESQUINA,-75.4157205,6.9594695,verde,1,513,1008,0.5089,7,76,122,277,513
p1252,YARUMAL,05887,,I.E. SAN LUIS,CL 20 # 16 - 08,-75.4154373802871,6.9654809304424,verde,1,1164,2214,0.5257,14,236,212,517,1164
p1253,YARUMAL,05887,,IE CEDEÑO,CORREGIMIENTO CEDEÑO,-75.355727,7.0720511,verde,1,186,273,0.6813,4,43,13,21,186
p1254,YARUMAL,05887,,IE DE MARIA,CLL 19 # 18 - 06,-75.4159461693113,6.96386070062541,verde,1,2108,3514,0.5999,18,380,276,664,2108
p1255,YARUMAL,05887,,IE EL CEDRO,CORREGIMIENTO EL CEDRO,-75.3593369999998,7.190507,verde,1,71,116,0.6121,2,8,0,29,71
p1256,YARUMAL,05887,,IE LLANOS DE CUIVA,"CORREGIMIENTO LLANOS DE
CUIVA",-75.4855855020158,6.81551675000842,verde,1,625,1001,0.6244,6,117,61,161,625
p1257,YARUMAL,05887,,IE OCHALI SEDE BASICA PRIMARIA,CORREGIMIENTO OCHALI,-75.6110769999999,7.002747,verde,1,32,67,0.4776,1,15,4,6,32
p1258,YOLOMBO,05890,,C.E.R.LA ARGENTINA,VEREDA LA ARGENTINA,-74.7197667551701,6.62252160711142,amarillo,2,22,65,0.3385,1,23,2,17,22
p1259,YOLOMBO,05890,,C.E.R. PEDRO CASTRILLON,VEREDA BAREÑO,-75.1415276527403,6.56108450492179,amarillo,2,47,152,0.3092,1,34,6,58,47
p1260,YOLOMBO,05890,,C.E.R. VILLANUEVA,"CORREGIMIENTO
VILLANUEVA",-75.1499605178831,6.62112778680545,verde,1,228,426,0.5352,4,51,12,93,228
p1261,YOLOMBO,05890,,I.E.R. CACHUMBAL,VEREDA CACHUMBAL,-74.9922651,6.7218304,verde,1,28,69,0.4058,1,22,1,18,28
p1262,YOLOMBO,05890,,I.E.R. LA FLORESTA,"CORREGIMIENTO LA
FLORESTA",-74.8619234561919,6.63488614095383,verde,1,330,691,0.4776,4,231,6,108,330
p1263,YOLOMBO,05890,,I.E.R. PRESBITERO EDUARDO ZULUAGA,CORREGIMIENTO EL RUBI,-74.9725699424743,6.56947992220376,verde,1,185,378,0.4894,3,77,24,75,185
p1264,YOLOMBO,05890,,IE COLEGIO EDUARDO AGUILAR,CRA 18 No 17-21,-75.0117867274414,6.59727571869921,verde,1,1941,3405,0.57,23,555,122,655,1941
p1265,YOLOMBO,05890,,"PARQ. EDUC. BARBARA CABALLERO Y
ALZATE",CRA 18 # 17 ? 41,-75.0116418881546,6.59745656807707,verde,1,1206,2233,0.5401,16,189,156,591,1206
p1266,YONDO-CASABE,05893,,C.E.R CAÑO BLANCO,VDA CAÑO BLANCO,-74.175698226271,6.94117041824962,verde,1,24,51,0.4706,1,7,0,14,24
p1267,YONDO-CASABE,05893,,C.E.R CUATRO BOCAS,VEREDA CUATRO BOCAS,-74.0044319999999,7.21027899999999,verde,1,22,41,0.5366,1,8,1,8,22
p1268,YONDO-CASABE,05893,,COLISEO BENITO ARIAS,CRA 54,-73.9104708822784,7.00639737034831,amarillo,2,281,763,0.3683,4,29,15,386,281
p1269,YONDO-CASABE,05893,,I.E.R. ALTO CIMITARRA,VDA SAN FRANCISCO,-74.0628159999998,7.13370899999999,amarillo,2,40,132,0.303,2,5,3,79,40
p1270,YONDO-CASABE,05893,,I.E.R. SAN LUIS BELTRAN,VDA SAN LUIS BELTRAN,-74.023448,7.065855,verde,1,117,232,0.5043,2,18,0,78,117
p1271,YONDO-CASABE,05893,,I.E.R. SAN MIGUEL DEL TIGRE,"CGTO SAN MIGUEL DEL
TIGRE",-73.9461469999998,7.08814999999999,verde,1,525,830,0.6325,5,31,9,224,525
p1272,YONDO-CASABE,05893,,IE LUIS EDUARDO DIAZ SECCION PRIMARIA,CRA 47 CON CLL 49,-73.910031,7.00720999999999,verde,1,3277,6899,0.475,35,271,108,2922,3277
p1273,ZARAGOZA,05895,,C.E.R CORDERO ICACAL,VEREDA CORDERO ICACAL,-74.799085,7.5465,verde,1,77,149,0.5168,2,9,1,55,77
p1274,ZARAGOZA,05895,,C.E.R. EL SALTILLO,VEREDA EL SALTILLO,-74.8464977373733,7.32856134630441,amarillo,2,30,73,0.411,1,1,0,38,30
p1275,ZARAGOZA,05895,,I.E.R. VEGAS DE SEGOVIA,VEREDA VEGAS DE SEGOVIA,-75.0273133999999,7.4870557,amarillo,2,65,226,0.2876,3,10,2,140,65
p1276,ZARAGOZA,05895,,IE LA PAJUILA,VEREDA ESCARRALAO,-74.89188889,7.618072222,amarillo,2,207,463,0.4471,4,19,0,221,207
p1277,ZARAGOZA,05895,,IE LUIS FERNANDO RESTREPO RESTREPO,CRA 21 No 47-25,-74.8719307866363,7.48473331096764,amarillo,2,389,1076,0.3615,15,68,11,555,389
p1278,ZARAGOZA,05895,,IE NANCY ROCIO GARCIA,"CORREGIMIENTO BUENOS
AIRES PALIZADA",-74.8143055599998,7.608388889,verde,1,305,541,0.5638,5,19,3,184,305
p1279,ZARAGOZA,05895,,IE SANTO CRISTO DE ZARAGOZA,CRA 39B No 37-10,-74.8648846149444,7.49200510034688,amarillo,2,1036,3085,0.3358,32,261,61,1583,1036
p1280,ZARAGOZA,05895,,IE SIMON BOLIVAR,CORREGIMIENTO PATO,-74.92297222,7.498194444,amarillo,2,154,424,0.3632,4,11,9,236,154
