id_puesto,puesto,cod_comuna,mesa,semaforo,rank_abelardo,votos_abelardo,total_validos,pct_abelardo,v_paloma_valencia,v_sergio_fajardo,v_miguel_uribe_londoño,v_gustavo_matamoros,v_roy_barrera,v_ivan_cepeda,v_santiago_botero,v_sondra_maconllis,v_abelardo_de_la_espriella,v_claudia_lopez,v_luis_gilberto_murillo,v_carlos_caicedo,v_oscar_mauricio_lizcano
p0600,ALCALDIA MUNICIPAL (SOTANO),10,1,verde,1,57,95,60.0,22,2,0,0,0,13,0,0,57,0,0,0,0
p0600,ALCALDIA MUNICIPAL (SOTANO),10,2,verde,1,113,184,61.41,28,3,0,0,0,37,0,0,113,0,0,0,0
p0600,ALCALDIA MUNICIPAL (SOTANO),10,3,verde,1,112,182,61.54,24,9,0,0,0,34,0,0,112,0,0,0,0
p0600,ALCALDIA MUNICIPAL (SOTANO),10,4,verde,1,101,168,60.12,28,5,0,0,0,33,0,0,101,0,0,0,0
p0600,ALCALDIA MUNICIPAL (SOTANO),10,5,verde,1,124,230,53.91,17,3,0,0,0,82,0,0,124,0,0,0,0
p0600,ALCALDIA MUNICIPAL (SOTANO),10,6,verde,1,103,209,49.28,31,5,0,0,0,68,0,0,103,0,0,0,0
p0600,ALCALDIA MUNICIPAL (SOTANO),10,7,verde,1,108,179,60.34,18,5,0,0,0,47,0,0,108,0,0,0,0
p0600,ALCALDIA MUNICIPAL (SOTANO),10,8,verde,1,113,174,64.94,22,7,0,0,0,30,0,0,113,0,0,0,0
p0600,ALCALDIA MUNICIPAL (SOTANO),10,9,verde,1,130,197,65.99,27,5,0,0,0,29,0,0,130,0,0,0,0
p0600,ALCALDIA MUNICIPAL (SOTANO),10,10,verde,1,123,207,59.42,27,13,0,0,0,40,0,0,123,0,0,0,0
p0600,ALCALDIA MUNICIPAL (SOTANO),10,11,verde,1,118,182,64.84,32,6,0,0,0,24,0,0,118,0,0,0,0
p0600,ALCALDIA MUNICIPAL (SOTANO),10,12,verde,1,116,205,56.59,26,11,0,0,0,51,0,0,116,0,0,0,0
p0600,ALCALDIA MUNICIPAL (SOTANO),10,13,verde,1,118,181,65.19,16,9,0,0,0,31,0,0,118,0,0,0,0
p0600,ALCALDIA MUNICIPAL (SOTANO),10,14,verde,1,120,197,60.91,27,11,0,0,0,34,0,0,120,0,0,0,0
p0600,ALCALDIA MUNICIPAL (SOTANO),10,15,verde,1,137,205,66.83,11,14,0,0,0,39,0,0,137,0,0,0,0
p0600,ALCALDIA MUNICIPAL (SOTANO),10,16,verde,1,120,191,62.83,26,14,0,0,0,30,0,0,120,0,0,0,0
p0600,ALCALDIA MUNICIPAL (SOTANO),10,17,verde,1,138,207,66.67,24,10,0,0,0,28,0,0,138,0,0,0,0
p0600,ALCALDIA MUNICIPAL (SOTANO),10,18,verde,1,132,213,61.97,24,15,0,0,0,36,0,0,132,0,0,0,0
p0600,ALCALDIA MUNICIPAL (SOTANO),10,19,verde,1,129,213,60.56,28,8,0,0,0,45,0,0,129,0,0,0,0
p0600,ALCALDIA MUNICIPAL (SOTANO),10,20,verde,1,126,207,60.87,32,5,0,0,0,42,0,0,126,0,0,0,0
p0600,ALCALDIA MUNICIPAL (SOTANO),10,21,verde,1,156,216,72.22,18,6,0,0,0,34,0,0,156,0,0,0,0
p0600,ALCALDIA MUNICIPAL (SOTANO),10,22,verde,1,140,212,66.04,16,9,0,0,0,46,0,0,140,0,0,0,0
p0600,ALCALDIA MUNICIPAL (SOTANO),10,23,verde,1,148,215,68.84,15,4,0,0,0,44,0,0,148,0,0,0,0
p0600,ALCALDIA MUNICIPAL (SOTANO),10,24,verde,1,130,210,61.9,26,5,0,0,0,48,0,0,130,0,0,0,0
p0600,ALCALDIA MUNICIPAL (SOTANO),10,25,verde,1,118,195,60.51,26,9,0,0,0,38,0,0,118,0,0,0,0
p0600,ALCALDIA MUNICIPAL (SOTANO),10,26,verde,1,124,218,56.88,8,8,0,0,0,76,0,0,124,0,0,0,0
p0600,ALCALDIA MUNICIPAL (SOTANO),10,27,verde,1,152,235,64.68,14,8,0,0,0,54,0,0,152,0,0,0,0
p0600,ALCALDIA MUNICIPAL (SOTANO),10,28,verde,1,126,191,65.97,19,4,0,0,0,40,0,0,126,0,0,0,0
p0600,ALCALDIA MUNICIPAL (SOTANO),10,29,verde,1,92,182,50.55,11,17,0,0,0,55,0,0,92,0,0,0,0
p0600,ALCALDIA MUNICIPAL (SOTANO),10,30,amarillo,2,73,186,39.25,9,20,0,0,0,82,0,0,73,0,0,0,0
p0600,ALCALDIA MUNICIPAL (SOTANO),10,31,verde,1,76,170,44.71,9,22,0,0,0,61,0,0,76,0,0,0,0
p0600,ALCALDIA MUNICIPAL (SOTANO),10,32,verde,1,70,151,46.36,13,14,0,0,0,51,0,0,70,0,0,0,0
p0600,ALCALDIA MUNICIPAL (SOTANO),10,33,verde,1,71,176,40.34,17,33,0,0,0,52,0,0,71,0,0,0,0
p0600,ALCALDIA MUNICIPAL (SOTANO),10,34,verde,1,76,174,43.68,14,25,0,0,0,58,0,0,76,0,0,0,0
p0600,ALCALDIA MUNICIPAL (SOTANO),10,35,verde,1,105,226,46.46,21,23,0,0,0,71,0,0,105,0,0,0,0
p0600,ALCALDIA MUNICIPAL (SOTANO),10,36,verde,1,101,213,47.42,12,15,0,0,0,83,0,0,101,0,0,0,0
p0600,ALCALDIA MUNICIPAL (SOTANO),10,37,amarillo,2,74,200,37.0,17,28,0,0,0,75,0,0,74,0,0,0,0
p0600,ALCALDIA MUNICIPAL (SOTANO),10,38,verde,1,93,204,45.59,18,21,0,0,0,71,0,0,93,0,0,0,0
p0600,ALCALDIA MUNICIPAL (SOTANO),10,39,verde,1,77,173,44.51,14,21,0,0,0,60,0,0,77,0,0,0,0
p0600,ALCALDIA MUNICIPAL (SOTANO),10,40,verde,1,97,173,56.07,20,16,0,0,0,37,0,0,97,0,0,0,0
p0601,C.E. JUAN ANDRES PATIÑO,90,1,verde,1,164,326,50.31,36,29,0,0,0,95,0,0,164,0,0,0,0
p0601,C.E. JUAN ANDRES PATIÑO,90,2,verde,1,41,99,41.41,4,15,0,0,0,39,0,0,41,0,0,0,0
p0602,C.E. MARIA PAULINA TABORDA,70,1,verde,1,109,212,51.42,22,17,0,0,0,60,0,0,109,0,0,0,0
p0603,C.E. MEDIA LUNA,90,1,verde,1,100,162,61.73,15,11,0,0,0,35,0,0,100,0,0,0,0
p0604,C4TA CIUDADELA,12,1,verde,1,187,304,61.51,39,14,0,0,0,61,0,0,187,0,0,0,0
p0604,C4TA CIUDADELA,12,2,verde,1,199,303,65.68,32,18,0,0,0,51,0,0,199,0,0,0,0
p0604,C4TA CIUDADELA,12,3,verde,1,210,293,71.67,18,9,0,0,0,52,0,0,210,0,0,0,0
p0604,C4TA CIUDADELA,12,4,verde,1,89,228,39.04,11,37,0,0,0,89,0,0,89,0,0,0,0
p0604,C4TA CIUDADELA,12,5,amarillo,2,79,224,35.27,12,38,0,0,0,93,0,0,79,0,0,0,0
p0604,C4TA CIUDADELA,12,6,verde,1,91,235,38.72,12,39,0,0,0,88,0,0,91,0,0,0,0
p0604,C4TA CIUDADELA,12,7,amarillo,2,89,257,34.63,15,37,0,0,0,115,0,0,89,0,0,0,0
p0604,C4TA CIUDADELA,12,8,amarillo,2,91,259,35.14,16,54,0,0,0,96,0,0,91,0,0,0,0
p0604,C4TA CIUDADELA,12,9,verde,1,9,15,60.0,1,1,0,0,0,4,0,0,9,0,0,0,0
p0605,CASA DE GOBIERNO SANTA ELENA,90,1,verde,1,108,225,48.0,56,9,0,0,0,39,0,0,108,0,0,0,0
p0605,CASA DE GOBIERNO SANTA ELENA,90,2,verde,1,165,261,63.22,39,6,0,0,0,47,0,0,165,0,0,0,0
p0605,CASA DE GOBIERNO SANTA ELENA,90,3,verde,1,126,227,55.51,35,18,0,0,0,43,0,0,126,0,0,0,0
p0605,CASA DE GOBIERNO SANTA ELENA,90,4,verde,1,152,248,61.29,38,11,0,0,0,42,0,0,152,0,0,0,0
p0605,CASA DE GOBIERNO SANTA ELENA,90,5,verde,1,148,261,56.7,42,24,0,0,0,44,0,0,148,0,0,0,0
p0605,CASA DE GOBIERNO SANTA ELENA,90,6,verde,1,145,262,55.34,27,24,0,0,0,63,0,0,145,0,0,0,0
p0605,CASA DE GOBIERNO SANTA ELENA,90,7,verde,1,128,255,50.2,34,27,0,0,0,64,0,0,128,0,0,0,0
p0605,CASA DE GOBIERNO SANTA ELENA,90,8,verde,1,139,275,50.55,36,19,0,0,0,79,0,0,139,0,0,0,0
p0605,CASA DE GOBIERNO SANTA ELENA,90,9,verde,1,144,242,59.5,20,20,0,0,0,56,0,0,144,0,0,0,0
p0606,CENTRO CARLOS LLERAS RESTREPO,00,1,verde,1,40,95,42.11,10,3,0,0,0,38,0,0,40,0,0,0,0
p0606,CENTRO CARLOS LLERAS RESTREPO,00,2,verde,1,6,8,75.0,0,0,0,0,0,2,0,0,6,0,0,0,0
p0607,CENTRO COMERCIAL SAN DIEGO,10,1,verde,1,179,265,67.55,28,15,0,0,0,39,0,0,179,0,0,0,0
p0607,CENTRO COMERCIAL SAN DIEGO,10,2,verde,1,186,272,68.38,32,14,0,0,0,40,0,0,186,0,0,0,0
p0607,CENTRO COMERCIAL SAN DIEGO,10,3,verde,1,202,291,69.42,35,9,0,0,0,44,0,0,202,0,0,0,0
p0607,CENTRO COMERCIAL SAN DIEGO,10,4,verde,1,195,284,68.66,33,10,0,0,0,42,0,0,195,0,0,0,0
p0607,CENTRO COMERCIAL SAN DIEGO,10,5,verde,1,169,227,74.45,26,12,0,0,0,18,0,0,169,0,0,0,0
p0607,CENTRO COMERCIAL SAN DIEGO,10,6,verde,1,194,271,71.59,41,15,0,0,0,20,0,0,194,0,0,0,0
p0607,CENTRO COMERCIAL SAN DIEGO,10,7,verde,1,160,248,64.52,43,8,0,0,0,33,0,0,160,0,0,0,0
p0607,CENTRO COMERCIAL SAN DIEGO,10,8,verde,1,191,269,71.0,28,21,0,0,0,26,0,0,191,0,0,0,0
p0607,CENTRO COMERCIAL SAN DIEGO,10,9,verde,1,208,268,77.61,37,9,0,0,0,13,0,0,208,0,0,0,0
p0607,CENTRO COMERCIAL SAN DIEGO,10,10,verde,1,224,306,73.2,43,7,0,0,0,31,0,0,224,0,0,0,0
p0607,CENTRO COMERCIAL SAN DIEGO,10,11,verde,1,193,271,71.22,37,11,0,0,0,27,0,0,193,0,0,0,0
p0607,CENTRO COMERCIAL SAN DIEGO,10,12,verde,1,209,285,73.33,45,11,0,0,0,19,0,0,209,0,0,0,0
p0607,CENTRO COMERCIAL SAN DIEGO,10,13,verde,1,212,284,74.65,35,13,0,0,0,22,0,0,212,0,0,0,0
p0607,CENTRO COMERCIAL SAN DIEGO,10,14,verde,1,219,296,73.99,39,6,0,0,0,31,0,0,219,0,0,0,0
p0607,CENTRO COMERCIAL SAN DIEGO,10,15,verde,1,196,278,70.5,46,10,0,0,0,26,0,0,196,0,0,0,0
p0607,CENTRO COMERCIAL SAN DIEGO,10,16,verde,1,201,277,72.56,41,14,0,0,0,20,0,0,201,0,0,0,0
p0607,CENTRO COMERCIAL SAN DIEGO,10,17,verde,1,195,263,74.14,34,15,0,0,0,17,0,0,195,0,0,0,0
p0607,CENTRO COMERCIAL SAN DIEGO,10,18,verde,1,194,277,70.04,47,15,0,0,0,19,0,0,194,0,0,0,0
p0607,CENTRO COMERCIAL SAN DIEGO,10,19,verde,1,199,258,77.13,30,12,0,0,0,16,0,0,199,0,0,0,0
p0607,CENTRO COMERCIAL SAN DIEGO,10,20,verde,1,195,271,71.96,29,9,0,0,0,35,0,0,195,0,0,0,0
p0607,CENTRO COMERCIAL SAN DIEGO,10,21,verde,1,202,299,67.56,37,11,0,0,0,48,0,0,202,0,0,0,0
p0607,CENTRO COMERCIAL SAN DIEGO,10,22,verde,1,200,274,72.99,37,7,0,0,0,28,0,0,200,0,0,0,0
p0607,CENTRO COMERCIAL SAN DIEGO,10,23,verde,1,175,259,67.57,23,16,0,0,0,43,0,0,175,0,0,0,0
p0607,CENTRO COMERCIAL SAN DIEGO,10,24,verde,1,204,292,69.86,37,12,0,0,0,39,0,0,204,0,0,0,0
p0607,CENTRO COMERCIAL SAN DIEGO,10,25,verde,1,214,278,76.98,28,13,0,0,0,22,0,0,214,0,0,0,0
p0607,CENTRO COMERCIAL SAN DIEGO,10,26,verde,1,194,265,73.21,30,11,0,0,0,28,0,0,194,0,0,0,0
p0607,CENTRO COMERCIAL SAN DIEGO,10,27,verde,1,187,276,67.75,35,15,0,0,0,39,0,0,187,0,0,0,0
p0607,CENTRO COMERCIAL SAN DIEGO,10,28,verde,1,209,276,75.72,29,6,0,0,0,29,0,0,209,0,0,0,0
p0607,CENTRO COMERCIAL SAN DIEGO,10,29,verde,1,95,191,49.74,17,25,0,0,0,53,0,0,95,0,0,0,0
p0607,CENTRO COMERCIAL SAN DIEGO,10,30,verde,1,127,209,60.77,13,21,0,0,0,43,0,0,127,0,0,0,0
p0607,CENTRO COMERCIAL SAN DIEGO,10,31,verde,1,103,192,53.65,13,30,0,0,0,43,0,0,103,0,0,0,0
p0607,CENTRO COMERCIAL SAN DIEGO,10,32,verde,1,78,199,39.2,18,38,0,0,0,64,0,0,78,0,0,0,0
p0607,CENTRO COMERCIAL SAN DIEGO,10,33,verde,1,78,189,41.27,14,39,0,0,0,56,0,0,78,0,0,0,0
p0607,CENTRO COMERCIAL SAN DIEGO,10,34,verde,1,140,238,58.82,26,29,0,0,0,43,0,0,140,0,0,0,0
p0607,CENTRO COMERCIAL SAN DIEGO,10,35,verde,1,162,273,59.34,24,27,0,0,0,57,0,0,162,0,0,0,0
p0607,CENTRO COMERCIAL SAN DIEGO,10,36,verde,1,110,209,52.63,19,25,0,0,0,53,0,0,110,0,0,0,0
p0607,CENTRO COMERCIAL SAN DIEGO,10,37,verde,1,128,202,63.37,16,23,0,0,0,33,0,0,128,0,0,0,0
p0607,CENTRO COMERCIAL SAN DIEGO,10,38,verde,1,134,239,56.07,18,28,0,0,0,57,0,0,134,0,0,0,0
p0607,CENTRO COMERCIAL SAN DIEGO,10,39,verde,1,76,156,48.72,11,23,0,0,0,44,0,0,76,0,0,0,0
p0608,CENTRO DE DESARROLLO SOCIAL (CDS),80,1,verde,1,176,305,57.7,28,10,0,0,0,86,0,0,176,0,0,0,0
p0608,CENTRO DE DESARROLLO SOCIAL (CDS),80,2,verde,1,179,275,65.09,31,12,0,0,0,46,0,0,179,0,0,0,0
p0608,CENTRO DE DESARROLLO SOCIAL (CDS),80,3,verde,1,167,274,60.95,27,18,0,0,0,54,0,0,167,0,0,0,0
p0608,CENTRO DE DESARROLLO SOCIAL (CDS),80,4,verde,1,190,294,64.63,36,8,0,0,0,52,0,0,190,0,0,0,0
p0608,CENTRO DE DESARROLLO SOCIAL (CDS),80,5,verde,1,165,280,58.93,32,14,0,0,0,62,0,0,165,0,0,0,0
p0608,CENTRO DE DESARROLLO SOCIAL (CDS),80,6,verde,1,154,261,59.0,25,18,0,0,0,59,0,0,154,0,0,0,0
p0608,CENTRO DE DESARROLLO SOCIAL (CDS),80,7,verde,1,170,279,60.93,29,12,0,0,0,59,0,0,170,0,0,0,0
p0608,CENTRO DE DESARROLLO SOCIAL (CDS),80,8,verde,1,153,293,52.22,36,8,0,0,0,88,0,0,153,0,0,0,0
p0608,CENTRO DE DESARROLLO SOCIAL (CDS),80,9,verde,1,102,262,38.93,13,38,0,0,0,101,0,0,102,0,0,0,0
p0608,CENTRO DE DESARROLLO SOCIAL (CDS),80,10,amarillo,2,84,239,35.15,8,26,0,0,0,114,0,0,84,0,0,0,0
p0608,CENTRO DE DESARROLLO SOCIAL (CDS),80,11,amarillo,2,82,226,36.28,8,33,0,0,0,97,0,0,82,0,0,0,0
p0608,CENTRO DE DESARROLLO SOCIAL (CDS),80,12,amarillo,2,69,217,31.8,8,40,0,0,0,96,0,0,69,0,0,0,0
p0608,CENTRO DE DESARROLLO SOCIAL (CDS),80,13,amarillo,2,77,208,37.02,11,32,0,0,0,81,0,0,77,0,0,0,0
p0608,CENTRO DE DESARROLLO SOCIAL (CDS),80,14,verde,1,105,241,43.57,14,37,0,0,0,81,0,0,105,0,0,0,0
p0608,CENTRO DE DESARROLLO SOCIAL (CDS),80,15,verde,1,112,239,46.86,17,28,0,0,0,76,0,0,112,0,0,0,0
p0608,CENTRO DE DESARROLLO SOCIAL (CDS),80,16,verde,1,94,221,42.53,12,19,0,0,0,88,0,0,94,0,0,0,0
p0608,CENTRO DE DESARROLLO SOCIAL (CDS),80,17,amarillo,2,82,230,35.65,9,16,0,0,0,115,0,0,82,0,0,0,0
p0608,CENTRO DE DESARROLLO SOCIAL (CDS),80,18,verde,1,85,223,38.12,0,35,0,0,0,85,9,0,85,0,0,0,0
p0608,CENTRO DE DESARROLLO SOCIAL (CDS),80,19,amarillo,2,93,256,36.33,17,21,0,0,0,118,0,0,93,0,0,0,0
p0608,CENTRO DE DESARROLLO SOCIAL (CDS),80,20,amarillo,2,5,16,31.25,2,2,0,0,0,6,0,0,5,0,0,0,0
p0609,CENTRO EDUCATIVO EL MANZANILLO,70,1,verde,1,198,281,70.46,30,16,0,0,0,30,0,0,198,0,0,0,0
p0609,CENTRO EDUCATIVO EL MANZANILLO,70,2,verde,1,203,294,69.05,31,17,0,0,0,39,0,0,203,0,0,0,0
p0609,CENTRO EDUCATIVO EL MANZANILLO,70,3,verde,1,112,199,56.28,12,18,0,0,0,55,0,0,112,0,0,0,0
p0609,CENTRO EDUCATIVO EL MANZANILLO,70,4,verde,1,40,77,51.95,3,11,0,0,0,22,0,0,40,0,0,0,0
p0610,COL AGUSTINIANO DE SAN NICOLAS,04,1,verde,1,120,197,60.91,31,11,0,0,0,32,0,0,120,0,0,0,0
p0610,COL AGUSTINIANO DE SAN NICOLAS,04,2,verde,1,136,228,59.65,38,10,0,0,0,42,0,0,136,0,0,0,0
p0610,COL AGUSTINIANO DE SAN NICOLAS,04,3,verde,1,141,246,57.32,31,12,0,0,0,60,0,0,141,0,0,0,0
p0610,COL AGUSTINIANO DE SAN NICOLAS,04,4,verde,1,140,194,72.16,23,7,0,0,0,22,0,0,140,0,0,0,0
p0610,COL AGUSTINIANO DE SAN NICOLAS,04,5,verde,1,138,214,64.49,26,22,0,0,0,24,0,0,138,0,0,0,0
p0610,COL AGUSTINIANO DE SAN NICOLAS,04,6,verde,1,152,227,66.96,18,22,0,0,0,30,0,0,152,0,0,0,0
p0610,COL AGUSTINIANO DE SAN NICOLAS,04,7,verde,1,127,201,63.18,29,18,0,0,0,25,0,0,127,0,0,0,0
p0610,COL AGUSTINIANO DE SAN NICOLAS,04,8,verde,1,157,233,67.38,22,15,0,0,0,32,0,0,157,0,0,0,0
p0610,COL AGUSTINIANO DE SAN NICOLAS,04,9,verde,1,150,233,64.38,16,16,0,0,0,49,0,0,150,0,0,0,0
p0610,COL AGUSTINIANO DE SAN NICOLAS,04,10,verde,1,165,259,63.71,35,18,0,0,0,29,0,0,165,0,0,0,0
p0610,COL AGUSTINIANO DE SAN NICOLAS,04,11,verde,1,164,242,67.77,28,14,0,0,0,33,0,0,164,0,0,0,0
p0610,COL AGUSTINIANO DE SAN NICOLAS,04,12,verde,1,148,260,56.92,26,23,0,0,0,55,0,0,148,0,0,0,0
p0610,COL AGUSTINIANO DE SAN NICOLAS,04,13,verde,1,167,239,69.87,18,16,0,0,0,36,0,0,167,0,0,0,0
p0610,COL AGUSTINIANO DE SAN NICOLAS,04,14,verde,1,171,261,65.52,31,18,0,0,0,37,0,0,171,0,0,0,0
p0610,COL AGUSTINIANO DE SAN NICOLAS,04,15,verde,1,140,258,54.26,44,28,0,0,0,44,0,0,140,0,0,0,0
p0610,COL AGUSTINIANO DE SAN NICOLAS,04,16,verde,1,170,268,63.43,22,19,0,0,0,54,0,0,170,0,0,0,0
p0610,COL AGUSTINIANO DE SAN NICOLAS,04,17,verde,1,140,233,60.09,18,20,0,0,0,52,0,0,140,0,0,0,0
p0610,COL AGUSTINIANO DE SAN NICOLAS,04,18,verde,1,164,268,61.19,37,8,0,0,0,50,0,0,164,0,0,0,0
p0610,COL AGUSTINIANO DE SAN NICOLAS,04,19,verde,1,168,250,67.2,19,9,0,0,0,49,0,0,168,0,0,0,0
p0610,COL AGUSTINIANO DE SAN NICOLAS,04,20,verde,1,150,241,62.24,26,11,0,0,0,51,0,0,150,0,0,0,0
p0610,COL AGUSTINIANO DE SAN NICOLAS,04,21,verde,1,172,251,68.53,29,8,0,0,0,39,0,0,172,0,0,0,0
p0610,COL AGUSTINIANO DE SAN NICOLAS,04,22,verde,1,164,254,64.57,25,5,0,0,0,55,0,0,164,0,0,0,0
p0610,COL AGUSTINIANO DE SAN NICOLAS,04,23,verde,1,166,251,66.14,27,9,0,0,0,45,0,0,166,0,0,0,0
p0610,COL AGUSTINIANO DE SAN NICOLAS,04,24,verde,1,160,247,64.78,16,7,0,0,0,59,0,0,160,0,0,0,0
p0610,COL AGUSTINIANO DE SAN NICOLAS,04,25,verde,1,124,227,54.63,23,11,0,0,0,60,0,0,124,0,0,0,0
p0610,COL AGUSTINIANO DE SAN NICOLAS,04,26,amarillo,2,54,185,29.19,8,39,0,0,0,83,0,0,54,0,0,0,0
p0610,COL AGUSTINIANO DE SAN NICOLAS,04,27,amarillo,2,59,166,35.54,3,28,0,0,0,73,0,0,59,0,0,0,0
p0610,COL AGUSTINIANO DE SAN NICOLAS,04,28,verde,1,108,208,51.92,16,24,0,0,0,56,0,0,108,0,0,0,0
p0610,COL AGUSTINIANO DE SAN NICOLAS,04,29,verde,1,87,227,38.33,15,40,0,0,0,82,0,0,87,0,0,0,0
p0610,COL AGUSTINIANO DE SAN NICOLAS,04,30,verde,1,106,219,48.4,9,29,0,0,0,71,0,0,106,0,0,0,0
p0610,COL AGUSTINIANO DE SAN NICOLAS,04,31,verde,1,108,254,42.52,15,39,0,0,0,87,0,0,108,0,0,0,0
p0610,COL AGUSTINIANO DE SAN NICOLAS,04,32,verde,1,103,203,50.74,13,17,0,0,0,66,0,0,103,0,0,0,0
p0610,COL AGUSTINIANO DE SAN NICOLAS,04,33,verde,1,111,211,52.61,11,25,0,0,0,61,0,0,111,0,0,0,0
p0610,COL AGUSTINIANO DE SAN NICOLAS,04,34,verde,1,82,202,40.59,18,27,0,0,0,73,0,0,82,0,0,0,0
p0610,COL AGUSTINIANO DE SAN NICOLAS,04,35,verde,1,85,218,38.99,16,29,0,0,0,85,0,0,85,0,0,0,0
p0610,COL AGUSTINIANO DE SAN NICOLAS,04,36,amarillo,2,56,148,37.84,5,23,0,0,0,63,0,0,56,0,0,0,0
p0611,"COL. CALASANZ (FEM) CAMPESTRE
ESCOLAPIAS",11,1,verde,1,214,320,66.88,39,20,0,0,0,42,0,0,214,0,0,0,0
p0611,"COL. CALASANZ (FEM) CAMPESTRE
ESCOLAPIAS",11,2,verde,1,207,308,67.21,34,10,0,0,0,55,0,0,207,0,0,0,0
p0611,"COL. CALASANZ (FEM) CAMPESTRE
ESCOLAPIAS",11,3,verde,1,256,322,79.5,34,8,0,0,0,23,0,0,256,0,0,0,0
p0611,"COL. CALASANZ (FEM) CAMPESTRE
ESCOLAPIAS",11,4,verde,1,227,309,73.46,33,16,0,0,0,33,0,0,227,0,0,0,0
p0611,"COL. CALASANZ (FEM) CAMPESTRE
ESCOLAPIAS",11,5,verde,1,250,316,79.11,40,8,0,0,0,17,0,0,250,0,0,0,0
p0611,"COL. CALASANZ (FEM) CAMPESTRE
ESCOLAPIAS",11,6,verde,1,201,301,66.78,23,12,0,0,0,61,0,0,201,0,0,0,0
p0611,"COL. CALASANZ (FEM) CAMPESTRE
ESCOLAPIAS",11,7,verde,1,243,329,73.86,32,20,0,0,0,33,0,0,243,0,0,0,0
p0611,"COL. CALASANZ (FEM) CAMPESTRE
ESCOLAPIAS",11,8,verde,1,247,317,77.92,22,18,0,0,0,30,0,0,247,0,0,0,0
p0611,"COL. CALASANZ (FEM) CAMPESTRE
ESCOLAPIAS",11,9,verde,1,238,308,77.27,26,12,0,0,0,27,0,0,238,0,0,0,0
p0611,"COL. CALASANZ (FEM) CAMPESTRE
ESCOLAPIAS",11,10,verde,1,238,313,76.04,28,20,0,0,0,27,0,0,238,0,0,0,0
p0611,"COL. CALASANZ (FEM) CAMPESTRE
ESCOLAPIAS",11,11,verde,1,207,304,68.09,29,24,0,0,0,43,0,0,207,0,0,0,0
p0611,"COL. CALASANZ (FEM) CAMPESTRE
ESCOLAPIAS",11,12,verde,1,237,324,73.15,36,7,0,0,0,41,0,0,237,0,0,0,0
p0611,"COL. CALASANZ (FEM) CAMPESTRE
ESCOLAPIAS",11,13,verde,1,235,321,73.21,31,15,0,0,0,37,0,0,235,0,0,0,0
p0611,"COL. CALASANZ (FEM) CAMPESTRE
ESCOLAPIAS",11,14,verde,1,214,314,68.15,25,19,0,0,0,50,0,0,214,0,0,0,0
p0611,"COL. CALASANZ (FEM) CAMPESTRE
ESCOLAPIAS",11,15,verde,1,218,308,70.78,23,19,0,0,0,48,0,0,218,0,0,0,0
p0611,"COL. CALASANZ (FEM) CAMPESTRE
ESCOLAPIAS",11,16,verde,1,128,265,48.3,14,64,0,0,0,56,0,0,128,0,0,0,0
p0611,"COL. CALASANZ (FEM) CAMPESTRE
ESCOLAPIAS",11,17,verde,1,122,249,49.0,17,71,0,0,0,39,0,0,122,0,0,0,0
p0611,"COL. CALASANZ (FEM) CAMPESTRE
ESCOLAPIAS",11,18,verde,1,88,166,53.01,12,57,0,0,0,7,0,0,88,0,0,0,0
p0611,"COL. CALASANZ (FEM) CAMPESTRE
ESCOLAPIAS",11,19,verde,1,162,279,58.06,23,44,0,0,0,47,0,0,162,0,0,0,0
p0611,"COL. CALASANZ (FEM) CAMPESTRE
ESCOLAPIAS",11,20,verde,1,147,271,54.24,12,62,0,0,0,46,0,0,147,0,0,0,0
p0611,"COL. CALASANZ (FEM) CAMPESTRE
ESCOLAPIAS",11,21,verde,1,148,279,53.05,16,56,0,0,0,57,0,0,148,0,0,0,0
p0611,"COL. CALASANZ (FEM) CAMPESTRE
ESCOLAPIAS",11,22,verde,1,126,271,46.49,26,67,0,0,0,52,0,0,126,0,0,0,0
p0611,"COL. CALASANZ (FEM) CAMPESTRE
ESCOLAPIAS",11,23,verde,1,181,300,60.33,25,43,0,0,0,51,0,0,181,0,0,0,0
p0611,"COL. CALASANZ (FEM) CAMPESTRE
ESCOLAPIAS",11,24,verde,1,171,282,60.64,12,41,0,0,0,57,0,0,171,0,0,0,0
p0611,"COL. CALASANZ (FEM) CAMPESTRE
ESCOLAPIAS",11,25,amarillo,2,103,274,37.59,16,46,0,0,0,107,0,0,103,0,0,0,0
p0611,"COL. CALASANZ (FEM) CAMPESTRE
ESCOLAPIAS",11,26,verde,1,117,274,42.7,21,45,0,0,0,88,0,0,117,0,0,0,0
p0611,"COL. CALASANZ (FEM) CAMPESTRE
ESCOLAPIAS",11,27,verde,1,142,269,52.79,28,41,0,0,0,54,0,0,142,0,0,0,0
p0611,"COL. CALASANZ (FEM) CAMPESTRE
ESCOLAPIAS",11,28,verde,1,160,292,54.79,28,60,0,0,0,43,0,0,160,0,0,0,0
p0611,"COL. CALASANZ (FEM) CAMPESTRE
ESCOLAPIAS",11,29,verde,1,104,252,41.27,21,66,0,0,0,61,0,0,104,0,0,0,0
p0611,"COL. CALASANZ (FEM) CAMPESTRE
ESCOLAPIAS",11,30,verde,1,115,223,51.57,16,36,0,0,0,53,0,0,115,0,0,0,0
p0612,"COL DE LA COMPAÑIA DE MARIA LA
ENSEÑANZA",14,1,verde,1,215,258,83.33,29,4,0,0,0,10,0,0,215,0,0,0,0
p0612,"COL DE LA COMPAÑIA DE MARIA LA
ENSEÑANZA",14,2,verde,1,246,299,82.27,40,5,0,0,0,6,0,0,246,0,0,0,0
p0612,"COL DE LA COMPAÑIA DE MARIA LA
ENSEÑANZA",14,3,verde,1,257,315,81.59,40,9,0,0,0,8,0,0,257,0,0,0,0
p0612,"COL DE LA COMPAÑIA DE MARIA LA
ENSEÑANZA",14,4,verde,1,202,260,77.69,40,7,0,0,0,9,0,0,202,0,0,0,0
p0612,"COL DE LA COMPAÑIA DE MARIA LA
ENSEÑANZA",14,5,verde,1,211,252,83.73,31,5,0,0,0,5,0,0,211,0,0,0,0
p0612,"COL DE LA COMPAÑIA DE MARIA LA
ENSEÑANZA",14,6,verde,1,219,264,82.95,33,2,0,0,0,10,0,0,219,0,0,0,0
p0612,"COL DE LA COMPAÑIA DE MARIA LA
ENSEÑANZA",14,7,verde,1,224,287,78.05,38,9,0,0,0,16,0,0,224,0,0,0,0
p0612,"COL DE LA COMPAÑIA DE MARIA LA
ENSEÑANZA",14,8,verde,1,260,313,83.07,39,2,0,0,0,10,0,0,260,0,0,0,0
p0612,"COL DE LA COMPAÑIA DE MARIA LA
ENSEÑANZA",14,9,verde,1,262,314,83.44,35,8,0,0,0,9,0,0,262,0,0,0,0
p0612,"COL DE LA COMPAÑIA DE MARIA LA
ENSEÑANZA",14,10,verde,1,227,291,78.01,40,10,0,0,0,12,0,0,227,0,0,0,0
p0612,"COL DE LA COMPAÑIA DE MARIA LA
ENSEÑANZA",14,11,verde,1,247,307,80.46,48,3,0,0,0,8,0,0,247,0,0,0,0
p0612,"COL DE LA COMPAÑIA DE MARIA LA
ENSEÑANZA",14,12,verde,1,251,302,83.11,34,7,0,0,0,10,0,0,251,0,0,0,0
p0612,"COL DE LA COMPAÑIA DE MARIA LA
ENSEÑANZA",14,13,verde,1,247,314,78.66,46,8,0,0,0,11,0,0,247,0,0,0,0
p0612,"COL DE LA COMPAÑIA DE MARIA LA
ENSEÑANZA",14,14,verde,1,233,295,78.98,39,11,0,0,0,12,0,0,233,0,0,0,0
p0612,"COL DE LA COMPAÑIA DE MARIA LA
ENSEÑANZA",14,15,verde,1,249,298,83.56,34,6,0,0,0,9,0,0,249,0,0,0,0
p0612,"COL DE LA COMPAÑIA DE MARIA LA
ENSEÑANZA",14,16,verde,1,237,289,82.01,35,9,0,0,0,8,0,0,237,0,0,0,0
p0612,"COL DE LA COMPAÑIA DE MARIA LA
ENSEÑANZA",14,17,verde,1,229,297,77.1,38,12,0,0,0,18,0,0,229,0,0,0,0
p0612,"COL DE LA COMPAÑIA DE MARIA LA
ENSEÑANZA",14,18,verde,1,257,317,81.07,36,9,0,0,0,14,0,0,257,0,0,0,0
p0612,"COL DE LA COMPAÑIA DE MARIA LA
ENSEÑANZA",14,19,verde,1,251,297,84.51,27,6,0,0,0,12,0,0,251,0,0,0,0
p0612,"COL DE LA COMPAÑIA DE MARIA LA
ENSEÑANZA",14,20,verde,1,249,319,78.06,47,8,0,0,0,14,0,0,249,0,0,0,0
p0612,"COL DE LA COMPAÑIA DE MARIA LA
ENSEÑANZA",14,21,verde,1,217,299,72.58,66,11,0,0,0,5,0,0,217,0,0,0,0
p0612,"COL DE LA COMPAÑIA DE MARIA LA
ENSEÑANZA",14,22,verde,1,187,276,67.75,50,25,0,0,0,14,0,0,187,0,0,0,0
p0612,"COL DE LA COMPAÑIA DE MARIA LA
ENSEÑANZA",14,23,verde,1,132,213,61.97,33,30,0,0,0,17,0,0,132,0,0,0,0
p0613,COL LA INMACULADA,16,1,verde,1,237,313,75.72,29,7,0,0,0,39,0,0,237,0,0,0,0
p0613,COL LA INMACULADA,16,2,verde,1,235,316,74.37,20,8,0,0,0,52,0,0,235,0,0,0,0
p0613,COL LA INMACULADA,16,3,verde,1,248,313,79.23,31,9,0,0,0,24,0,0,248,0,0,0,0
p0613,COL LA INMACULADA,16,4,verde,1,245,320,76.56,35,11,0,0,0,26,0,0,245,0,0,0,0
p0613,COL LA INMACULADA,16,5,verde,1,261,319,81.82,28,8,0,0,0,21,0,0,261,0,0,0,0
p0613,COL LA INMACULADA,16,6,verde,1,244,322,75.78,23,17,0,0,0,36,0,0,244,0,0,0,0
p0613,COL LA INMACULADA,16,7,verde,1,271,331,81.87,27,7,0,0,0,25,0,0,271,0,0,0,0
p0613,COL LA INMACULADA,16,8,verde,1,236,315,74.92,37,20,0,0,0,21,0,0,236,0,0,0,0
p0613,COL LA INMACULADA,16,9,verde,1,259,321,80.69,21,18,0,0,0,23,0,0,259,0,0,0,0
p0613,COL LA INMACULADA,16,10,verde,1,227,316,71.84,34,21,0,0,0,33,0,0,227,0,0,0,0
p0613,COL LA INMACULADA,16,11,verde,1,238,328,72.56,33,11,0,0,0,44,0,0,238,0,0,0,0
p0613,COL LA INMACULADA,16,12,verde,1,262,334,78.44,29,11,0,0,0,32,0,0,262,0,0,0,0
p0613,COL LA INMACULADA,16,13,verde,1,232,311,74.6,28,11,0,0,0,38,0,0,232,0,0,0,0
p0613,COL LA INMACULADA,16,14,verde,1,230,310,74.19,19,14,0,0,0,44,0,0,230,0,0,0,0
p0613,COL LA INMACULADA,16,15,verde,1,138,297,46.46,25,75,0,0,0,59,0,0,138,0,0,0,0
p0613,COL LA INMACULADA,16,16,verde,1,112,267,41.95,9,57,0,0,0,85,0,0,112,0,0,0,0
p0613,COL LA INMACULADA,16,17,verde,1,165,292,56.51,21,54,0,0,0,51,0,0,165,0,0,0,0
p0613,COL LA INMACULADA,16,18,verde,1,146,288,50.69,26,69,0,0,0,46,0,0,146,0,0,0,0
p0613,COL LA INMACULADA,16,19,verde,1,140,281,49.82,20,70,0,0,0,50,0,0,140,0,0,0,0
p0613,COL LA INMACULADA,16,20,verde,1,142,268,52.99,11,68,0,0,0,44,0,0,142,0,0,0,0
p0613,COL LA INMACULADA,16,21,verde,1,170,290,58.62,15,68,0,0,0,35,0,0,170,0,0,0,0
p0613,COL LA INMACULADA,16,22,verde,1,165,303,54.46,30,56,0,0,0,52,0,0,165,0,0,0,0
p0613,COL LA INMACULADA,16,23,verde,1,179,301,59.47,18,49,0,0,0,52,0,0,179,0,0,0,0
p0613,COL LA INMACULADA,16,24,verde,1,129,270,47.78,17,48,0,0,0,74,0,0,129,0,0,0,0
p0613,COL LA INMACULADA,16,25,verde,1,114,270,42.22,14,53,0,0,0,86,0,0,114,0,0,0,0
p0613,COL LA INMACULADA,16,26,verde,1,157,258,60.85,13,45,0,0,0,38,0,0,157,0,0,0,0
p0613,COL LA INMACULADA,16,27,verde,1,184,303,60.73,22,34,0,0,0,59,0,0,184,0,0,0,0
p0613,COL LA INMACULADA,16,28,verde,1,135,286,47.2,25,66,0,0,0,58,0,0,135,0,0,0,0
p0613,COL LA INMACULADA,16,29,verde,1,9,19,47.37,2,2,0,0,0,6,0,0,9,0,0,0,0
p0614,COL.MARYMOUNT,14,1,verde,1,275,326,84.36,28,6,0,0,0,16,0,0,275,0,0,0,0
p0614,COL.MARYMOUNT,14,2,verde,1,276,337,81.9,38,7,0,0,0,14,0,0,276,0,0,0,0
p0614,COL.MARYMOUNT,14,3,verde,1,275,330,83.33,35,10,0,0,0,10,0,0,275,0,0,0,0
p0614,COL.MARYMOUNT,14,4,verde,1,259,313,82.75,32,6,0,0,0,13,0,0,259,0,0,0,0
p0614,COL.MARYMOUNT,14,5,verde,1,281,325,86.46,26,6,0,0,0,11,0,0,281,0,0,0,0
p0614,COL.MARYMOUNT,14,6,verde,1,266,318,83.65,34,6,0,0,0,12,0,0,266,0,0,0,0
p0614,COL.MARYMOUNT,14,7,verde,1,273,320,85.31,33,5,0,0,0,9,0,0,273,0,0,0,0
p0614,COL.MARYMOUNT,14,8,verde,1,301,336,89.58,28,2,0,0,0,5,0,0,301,0,0,0,0
p0614,COL.MARYMOUNT,14,9,verde,1,270,332,81.33,41,8,0,0,0,12,0,0,270,0,0,0,0
p0614,COL.MARYMOUNT,14,10,verde,1,271,325,83.38,44,7,0,0,0,3,0,0,271,0,0,0,0
p0614,COL.MARYMOUNT,14,11,verde,1,281,325,86.46,28,10,0,0,0,6,0,0,281,0,0,0,0
p0614,COL.MARYMOUNT,14,12,verde,1,288,336,85.71,36,7,0,0,0,5,0,0,288,0,0,0,0
p0614,COL.MARYMOUNT,14,13,verde,1,252,331,76.13,50,14,0,0,0,15,0,0,252,0,0,0,0
p0614,COL.MARYMOUNT,14,14,verde,1,277,335,82.69,36,7,0,0,0,15,0,0,277,0,0,0,0
p0614,COL.MARYMOUNT,14,15,verde,1,290,335,86.57,31,7,0,0,0,5,0,0,290,0,0,0,0
p0614,COL.MARYMOUNT,14,16,verde,1,284,330,86.06,31,8,0,0,0,7,0,0,284,0,0,0,0
p0614,COL.MARYMOUNT,14,17,verde,1,269,330,81.52,48,6,0,0,0,6,0,0,269,0,0,0,0
p0614,COL.MARYMOUNT,14,18,verde,1,262,323,81.11,38,11,0,0,0,10,0,0,262,0,0,0,0
p0614,COL.MARYMOUNT,14,19,verde,1,283,329,86.02,35,3,0,0,0,6,0,0,283,0,0,0,0
p0614,COL.MARYMOUNT,14,20,verde,1,254,318,79.87,36,15,0,0,0,12,0,0,254,0,0,0,0
p0614,COL.MARYMOUNT,14,21,verde,1,210,299,70.23,51,25,0,0,0,12,0,0,210,0,0,0,0
p0614,COL.MARYMOUNT,14,22,verde,1,219,310,70.65,46,34,0,0,0,11,0,0,219,0,0,0,0
p0614,COL.MARYMOUNT,14,23,verde,1,184,263,69.96,33,36,0,0,0,10,0,0,184,0,0,0,0
p0614,COL.MARYMOUNT,14,24,verde,1,225,299,75.25,42,20,0,0,0,11,0,0,225,0,0,0,0
p0614,COL.MARYMOUNT,14,25,verde,1,191,269,71.0,32,28,0,0,0,16,0,0,191,0,0,0,0
p0614,COL.MARYMOUNT,14,26,verde,1,237,308,76.95,36,25,0,0,0,10,0,0,237,0,0,0,0
p0614,COL.MARYMOUNT,14,27,verde,1,212,289,73.36,32,34,0,0,0,11,0,0,212,0,0,0,0
p0614,COL.MARYMOUNT,14,28,verde,1,248,316,78.48,30,36,0,0,0,2,0,0,248,0,0,0,0
p0614,COL.MARYMOUNT,14,29,verde,1,262,325,80.62,30,22,0,0,0,11,0,0,262,0,0,0,0
p0614,COL.MARYMOUNT,14,30,verde,1,267,338,78.99,51,14,0,0,0,6,0,0,267,0,0,0,0
p0614,COL.MARYMOUNT,14,31,verde,1,252,338,74.56,65,15,0,0,0,5,0,0,252,0,0,0,0
p0614,COL.MARYMOUNT,14,32,verde,1,235,314,74.84,51,18,0,0,0,10,0,0,235,0,0,0,0
p0614,COL.MARYMOUNT,14,33,verde,1,219,297,73.74,35,29,0,0,0,13,0,0,219,0,0,0,0
p0614,COL.MARYMOUNT,14,34,verde,1,182,285,63.86,37,30,0,0,0,34,0,0,182,0,0,0,0
p0614,COL.MARYMOUNT,14,35,verde,1,220,288,76.39,36,17,0,0,0,14,0,0,220,0,0,0,0
p0614,COL.MARYMOUNT,14,36,verde,1,232,309,75.08,47,18,0,0,0,11,0,0,232,0,0,0,0
p0614,COL.MARYMOUNT,14,37,verde,1,202,302,66.89,51,31,0,0,0,17,0,0,202,0,0,0,0
p0614,COL.MARYMOUNT,14,38,verde,1,110,150,73.33,15,11,0,0,0,14,0,0,110,0,0,0,0
p0615,COL MAYOR DE ANTIOQUIA,07,1,verde,1,182,294,61.9,35,12,0,0,0,61,0,0,182,0,0,0,0
p0615,COL MAYOR DE ANTIOQUIA,07,2,verde,1,172,292,58.9,30,21,0,0,0,65,0,0,172,0,0,0,0
p0615,COL MAYOR DE ANTIOQUIA,07,3,verde,1,185,304,60.86,40,20,0,0,0,57,0,0,185,0,0,0,0
p0615,COL MAYOR DE ANTIOQUIA,07,4,verde,1,182,305,59.67,29,19,0,0,0,74,0,0,182,0,0,0,0
p0615,COL MAYOR DE ANTIOQUIA,07,5,verde,1,149,286,52.1,20,30,0,0,0,83,0,0,149,0,0,0,0
p0615,COL MAYOR DE ANTIOQUIA,07,6,amarillo,2,82,244,33.61,12,57,0,0,0,92,0,0,82,0,0,0,0
p0615,COL MAYOR DE ANTIOQUIA,07,7,rojo,3,46,234,19.66,6,73,0,0,0,108,0,0,46,0,0,0,0
p0615,COL MAYOR DE ANTIOQUIA,07,8,amarillo,2,63,254,24.8,8,56,0,0,0,122,0,0,63,0,0,0,0
p0615,COL MAYOR DE ANTIOQUIA,07,9,verde,1,102,257,39.69,17,48,0,0,0,88,0,0,102,0,0,0,0
p0615,COL MAYOR DE ANTIOQUIA,07,10,amarillo,2,66,232,28.45,10,56,0,0,0,98,0,0,66,0,0,0,0
p0615,COL MAYOR DE ANTIOQUIA,07,11,amarillo,2,87,253,34.39,9,56,0,0,0,100,0,0,87,0,0,0,0
p0615,COL MAYOR DE ANTIOQUIA,07,12,verde,1,111,258,43.02,12,41,0,0,0,91,0,0,111,0,0,0,0
p0615,COL MAYOR DE ANTIOQUIA,07,13,amarillo,2,59,242,24.38,13,40,0,0,0,128,0,0,59,0,0,0,0
p0615,COL MAYOR DE ANTIOQUIA,07,14,amarillo,2,68,251,27.09,19,41,0,0,0,120,0,0,68,0,0,0,0
p0615,COL MAYOR DE ANTIOQUIA,07,15,verde,1,99,278,35.61,19,61,0,0,0,99,0,0,99,0,0,0,0
p0615,COL MAYOR DE ANTIOQUIA,07,16,amarillo,2,19,75,25.33,7,17,0,0,0,32,0,0,19,0,0,0,0
p0616,COL. SAN IGNACIO DE LOYOLA - SD INFANTIL,11,1,verde,1,190,306,62.09,29,12,0,0,0,72,0,0,190,0,0,0,0
p0616,COL. SAN IGNACIO DE LOYOLA - SD INFANTIL,11,2,verde,1,217,323,67.18,37,14,0,0,0,52,0,0,217,0,0,0,0
p0616,COL. SAN IGNACIO DE LOYOLA - SD INFANTIL,11,3,verde,1,227,315,72.06,33,15,0,0,0,40,0,0,227,0,0,0,0
p0616,COL. SAN IGNACIO DE LOYOLA - SD INFANTIL,11,4,verde,1,215,317,67.82,38,19,0,0,0,42,0,0,215,0,0,0,0
p0616,COL. SAN IGNACIO DE LOYOLA - SD INFANTIL,11,5,verde,1,226,308,73.38,27,17,0,0,0,36,0,0,226,0,0,0,0
p0616,COL. SAN IGNACIO DE LOYOLA - SD INFANTIL,11,6,verde,1,219,313,69.97,32,16,0,0,0,46,0,0,219,0,0,0,0
p0616,COL. SAN IGNACIO DE LOYOLA - SD INFANTIL,11,7,verde,1,191,311,61.41,18,36,0,0,0,61,0,0,191,0,0,0,0
p0616,COL. SAN IGNACIO DE LOYOLA - SD INFANTIL,11,8,verde,1,101,265,38.11,15,67,0,0,0,77,0,0,101,0,0,0,0
p0616,COL. SAN IGNACIO DE LOYOLA - SD INFANTIL,11,9,verde,1,145,279,51.97,22,56,0,0,0,53,0,0,145,0,0,0,0
p0616,COL. SAN IGNACIO DE LOYOLA - SD INFANTIL,11,10,verde,1,140,291,48.11,24,57,0,0,0,68,0,0,140,0,0,0,0
p0616,COL. SAN IGNACIO DE LOYOLA - SD INFANTIL,11,11,verde,1,108,265,40.75,22,41,0,0,0,93,0,0,108,0,0,0,0
p0616,COL. SAN IGNACIO DE LOYOLA - SD INFANTIL,11,12,verde,1,123,280,43.93,20,33,0,0,0,100,0,0,123,0,0,0,0
p0616,COL. SAN IGNACIO DE LOYOLA - SD INFANTIL,11,13,verde,1,117,280,41.79,27,63,0,0,0,72,0,0,117,0,0,0,0
p0616,COL. SAN IGNACIO DE LOYOLA - SD INFANTIL,11,14,verde,1,45,101,44.55,10,19,0,0,0,26,0,0,45,0,0,0,0
p0617,"COL. SAN IGNACIO DE LOYOLA - SD
MAYORES",11,1,verde,1,201,296,67.91,28,14,0,0,0,48,0,0,201,0,0,0,0
p0617,"COL. SAN IGNACIO DE LOYOLA - SD
MAYORES",11,2,verde,1,209,316,66.14,38,20,0,0,0,46,0,0,209,0,0,0,0
p0617,"COL. SAN IGNACIO DE LOYOLA - SD
MAYORES",11,3,verde,1,225,306,73.53,36,16,0,0,0,28,0,0,225,0,0,0,0
p0617,"COL. SAN IGNACIO DE LOYOLA - SD
MAYORES",11,4,verde,1,208,304,68.42,33,13,0,0,0,48,0,0,208,0,0,0,0
p0617,"COL. SAN IGNACIO DE LOYOLA - SD
MAYORES",11,5,verde,1,190,287,66.2,20,23,0,0,0,51,0,0,190,0,0,0,0
p0617,"COL. SAN IGNACIO DE LOYOLA - SD
MAYORES",11,6,amarillo,2,88,249,35.34,9,56,0,0,0,95,0,0,88,0,0,0,0
p0617,"COL. SAN IGNACIO DE LOYOLA - SD
MAYORES",11,7,verde,1,126,268,47.01,17,51,0,0,0,72,0,0,126,0,0,0,0
p0617,"COL. SAN IGNACIO DE LOYOLA - SD
MAYORES",11,8,verde,1,139,283,49.12,22,55,0,0,0,63,0,0,139,0,0,0,0
p0617,"COL. SAN IGNACIO DE LOYOLA - SD
MAYORES",11,9,amarillo,2,75,244,30.74,16,43,0,0,0,106,0,0,75,0,0,0,0
p0617,"COL. SAN IGNACIO DE LOYOLA - SD
MAYORES",11,10,verde,1,122,267,45.69,23,42,0,0,0,77,0,0,122,0,0,0,0
p0617,"COL. SAN IGNACIO DE LOYOLA - SD
MAYORES",11,11,verde,1,13,28,46.43,4,4,0,0,0,7,0,0,13,0,0,0,0
p0618,COL. SAN JOSE DE LAS VEGAS,14,1,verde,1,249,327,76.15,48,15,0,0,0,14,0,0,249,0,0,0,0
p0618,COL. SAN JOSE DE LAS VEGAS,14,2,verde,1,245,327,74.92,45,9,0,0,0,26,0,0,245,0,0,0,0
p0618,COL. SAN JOSE DE LAS VEGAS,14,3,verde,1,264,319,82.76,26,9,0,0,0,18,0,0,264,0,0,0,0
p0618,COL. SAN JOSE DE LAS VEGAS,14,4,verde,1,263,327,80.43,40,10,0,0,0,14,0,0,263,0,0,0,0
p0618,COL. SAN JOSE DE LAS VEGAS,14,5,verde,1,242,324,74.69,37,15,0,0,0,30,0,0,242,0,0,0,0
p0618,COL. SAN JOSE DE LAS VEGAS,14,6,verde,1,272,340,80.0,47,4,0,0,0,16,0,0,272,0,0,0,0
p0618,COL. SAN JOSE DE LAS VEGAS,14,7,verde,1,257,324,79.32,41,14,0,0,0,12,0,0,257,0,0,0,0
p0618,COL. SAN JOSE DE LAS VEGAS,14,8,verde,1,256,330,77.58,47,18,0,0,0,8,0,0,256,0,0,0,0
p0618,COL. SAN JOSE DE LAS VEGAS,14,9,verde,1,243,324,75.0,44,14,0,0,0,21,0,0,243,0,0,0,0
p0618,COL. SAN JOSE DE LAS VEGAS,14,10,verde,1,259,334,77.54,45,7,0,0,0,21,0,0,259,0,0,0,0
p0618,COL. SAN JOSE DE LAS VEGAS,14,11,verde,1,267,330,80.91,44,6,0,0,0,12,0,0,267,0,0,0,0
p0618,COL. SAN JOSE DE LAS VEGAS,14,12,verde,1,230,297,77.44,31,14,0,0,0,21,0,0,230,0,0,0,0
p0618,COL. SAN JOSE DE LAS VEGAS,14,13,verde,1,250,304,82.24,29,10,0,0,0,14,0,0,250,0,0,0,0
p0618,COL. SAN JOSE DE LAS VEGAS,14,14,verde,1,231,301,76.74,39,14,0,0,0,16,0,0,231,0,0,0,0
p0618,COL. SAN JOSE DE LAS VEGAS,14,15,verde,1,180,297,60.61,44,57,0,0,0,15,0,0,180,0,0,0,0
p0618,COL. SAN JOSE DE LAS VEGAS,14,16,verde,1,163,294,55.44,45,63,0,0,0,23,0,0,163,0,0,0,0
p0618,COL. SAN JOSE DE LAS VEGAS,14,17,verde,1,159,275,57.82,32,52,0,0,0,30,0,0,159,0,0,0,0
p0618,COL. SAN JOSE DE LAS VEGAS,14,18,verde,1,171,269,63.57,36,35,0,0,0,24,0,0,171,0,0,0,0
p0618,COL. SAN JOSE DE LAS VEGAS,14,19,verde,1,185,297,62.29,40,50,0,0,0,21,0,0,185,0,0,0,0
p0618,COL. SAN JOSE DE LAS VEGAS,14,20,verde,1,173,298,58.05,37,62,0,0,0,25,0,0,173,0,0,0,0
p0618,COL. SAN JOSE DE LAS VEGAS,14,21,verde,1,198,302,65.56,41,54,0,0,0,9,0,0,198,0,0,0,0
p0618,COL. SAN JOSE DE LAS VEGAS,14,22,verde,1,221,313,70.61,52,24,0,0,0,16,0,0,221,0,0,0,0
p0618,COL. SAN JOSE DE LAS VEGAS,14,23,verde,1,214,322,66.46,57,35,0,0,0,14,0,0,214,0,0,0,0
p0618,COL. SAN JOSE DE LAS VEGAS,14,24,verde,1,213,317,67.19,52,45,0,0,0,7,0,0,213,0,0,0,0
p0618,COL. SAN JOSE DE LAS VEGAS,14,25,verde,1,183,300,61.0,49,36,0,0,0,32,0,0,183,0,0,0,0
p0618,COL. SAN JOSE DE LAS VEGAS,14,26,verde,1,143,280,51.07,40,53,0,0,0,42,0,0,143,0,0,0,0
p0618,COL. SAN JOSE DE LAS VEGAS,14,27,verde,1,146,262,55.73,32,43,0,0,0,40,0,0,146,0,0,0,0
p0618,COL. SAN JOSE DE LAS VEGAS,14,28,verde,1,208,279,74.55,43,13,0,0,0,15,0,0,208,0,0,0,0
p0618,COL. SAN JOSE DE LAS VEGAS,14,29,verde,1,186,299,62.21,47,42,0,0,0,23,0,0,186,0,0,0,0
p0618,COL. SAN JOSE DE LAS VEGAS,14,30,verde,1,166,284,58.45,48,42,0,0,0,26,0,0,166,0,0,0,0
p0618,COL. SAN JOSE DE LAS VEGAS,14,31,verde,1,70,120,58.33,22,13,0,0,0,13,0,0,70,0,0,0,0
p0619,COL.SANTA MARIA DEL ROSARIO,14,1,verde,1,261,316,82.59,38,6,0,0,0,9,0,0,261,0,0,0,0
p0619,COL.SANTA MARIA DEL ROSARIO,14,2,verde,1,245,315,77.78,48,8,0,0,0,11,0,0,245,0,0,0,0
p0619,COL.SANTA MARIA DEL ROSARIO,14,3,verde,1,264,322,81.99,34,11,0,0,0,13,0,0,264,0,0,0,0
p0619,COL.SANTA MARIA DEL ROSARIO,14,4,verde,1,253,323,78.33,37,6,0,0,0,24,0,0,253,0,0,0,0
p0619,COL.SANTA MARIA DEL ROSARIO,14,5,verde,1,255,303,84.16,28,8,0,0,0,8,0,0,255,0,0,0,0
p0619,COL.SANTA MARIA DEL ROSARIO,14,6,verde,1,258,315,81.9,37,7,0,0,0,12,0,0,258,0,0,0,0
p0619,COL.SANTA MARIA DEL ROSARIO,14,7,verde,1,264,320,82.5,31,6,0,0,0,15,0,0,264,0,0,0,0
p0619,COL.SANTA MARIA DEL ROSARIO,14,8,verde,1,264,316,83.54,33,11,0,0,0,8,0,0,264,0,0,0,0
p0619,COL.SANTA MARIA DEL ROSARIO,14,9,verde,1,287,330,86.97,30,3,0,0,0,8,0,0,287,0,0,0,0
p0619,COL.SANTA MARIA DEL ROSARIO,14,10,verde,1,289,331,87.31,30,10,0,0,0,2,0,0,289,0,0,0,0
p0619,COL.SANTA MARIA DEL ROSARIO,14,11,verde,1,273,322,84.78,33,2,0,0,0,14,0,0,273,0,0,0,0
p0619,COL.SANTA MARIA DEL ROSARIO,14,12,verde,1,268,325,82.46,25,15,0,0,0,15,0,0,268,0,0,0,0
p0619,COL.SANTA MARIA DEL ROSARIO,14,13,verde,1,260,316,82.28,36,8,0,0,0,11,0,0,260,0,0,0,0
p0619,COL.SANTA MARIA DEL ROSARIO,14,14,verde,1,296,336,88.1,32,3,0,0,0,5,0,0,296,0,0,0,0
p0619,COL.SANTA MARIA DEL ROSARIO,14,15,verde,1,301,348,86.49,35,3,0,0,0,9,0,0,301,0,0,0,0
p0619,COL.SANTA MARIA DEL ROSARIO,14,16,verde,1,286,339,84.37,35,8,0,0,0,8,0,0,286,0,0,0,0
p0619,COL.SANTA MARIA DEL ROSARIO,14,17,verde,1,261,325,80.31,47,9,0,0,0,7,0,0,261,0,0,0,0
p0619,COL.SANTA MARIA DEL ROSARIO,14,18,verde,1,272,324,83.95,43,4,0,0,0,5,0,0,272,0,0,0,0
p0619,COL.SANTA MARIA DEL ROSARIO,14,19,verde,1,255,310,82.26,41,4,0,0,0,8,0,0,255,0,0,0,0
p0619,COL.SANTA MARIA DEL ROSARIO,14,20,verde,1,282,316,89.24,21,5,0,0,0,7,0,0,282,0,0,0,0
p0619,COL.SANTA MARIA DEL ROSARIO,14,21,verde,1,254,321,79.13,44,6,0,0,0,17,0,0,254,0,0,0,0
p0619,COL.SANTA MARIA DEL ROSARIO,14,22,verde,1,242,319,75.86,44,11,0,0,0,21,0,0,242,0,0,0,0
p0619,COL.SANTA MARIA DEL ROSARIO,14,23,verde,1,299,344,86.92,33,5,0,0,0,6,0,0,299,0,0,0,0
p0619,COL.SANTA MARIA DEL ROSARIO,14,24,verde,1,262,320,81.88,38,7,0,0,0,13,0,0,262,0,0,0,0
p0619,COL.SANTA MARIA DEL ROSARIO,14,25,verde,1,260,320,81.25,37,8,0,0,0,15,0,0,260,0,0,0,0
p0619,COL.SANTA MARIA DEL ROSARIO,14,26,verde,1,256,325,78.77,52,10,0,0,0,7,0,0,256,0,0,0,0
p0619,COL.SANTA MARIA DEL ROSARIO,14,27,verde,1,270,321,84.11,38,6,0,0,0,6,0,0,270,0,0,0,0
p0619,COL.SANTA MARIA DEL ROSARIO,14,28,verde,1,245,312,78.53,34,15,0,0,0,16,0,0,245,0,0,0,0
p0619,COL.SANTA MARIA DEL ROSARIO,14,29,verde,1,258,312,82.69,29,5,0,0,0,16,0,0,258,0,0,0,0
p0619,COL.SANTA MARIA DEL ROSARIO,14,30,verde,1,254,312,81.41,33,12,0,0,0,8,0,0,254,0,0,0,0
p0619,COL.SANTA MARIA DEL ROSARIO,14,31,verde,1,210,295,71.19,44,28,0,0,0,13,0,0,210,0,0,0,0
p0619,COL.SANTA MARIA DEL ROSARIO,14,32,verde,1,207,297,69.7,43,18,0,0,0,28,0,0,207,0,0,0,0
p0619,COL.SANTA MARIA DEL ROSARIO,14,33,verde,1,217,295,73.56,36,23,0,0,0,14,0,0,217,0,0,0,0
p0619,COL.SANTA MARIA DEL ROSARIO,14,34,verde,1,226,295,76.61,28,28,0,0,0,13,0,0,226,0,0,0,0
p0619,COL.SANTA MARIA DEL ROSARIO,14,35,verde,1,230,304,75.66,30,31,0,0,0,13,0,0,230,0,0,0,0
p0619,COL.SANTA MARIA DEL ROSARIO,14,36,verde,1,235,305,77.05,35,22,0,0,0,13,0,0,235,0,0,0,0
p0619,COL.SANTA MARIA DEL ROSARIO,14,37,verde,1,248,318,77.99,44,9,0,0,0,15,0,0,248,0,0,0,0
p0619,COL.SANTA MARIA DEL ROSARIO,14,38,verde,1,244,329,74.16,47,26,0,0,0,12,0,0,244,0,0,0,0
p0619,COL.SANTA MARIA DEL ROSARIO,14,39,verde,1,215,319,67.4,52,38,0,0,0,13,0,0,215,0,0,0,0
p0619,COL.SANTA MARIA DEL ROSARIO,14,40,verde,1,225,306,73.53,24,20,0,0,0,36,0,0,225,0,0,0,0
p0619,COL.SANTA MARIA DEL ROSARIO,14,41,verde,1,198,305,64.92,30,32,0,0,0,42,0,0,198,0,0,0,0
p0619,COL.SANTA MARIA DEL ROSARIO,14,42,verde,1,238,294,80.95,31,14,0,0,0,11,0,0,238,0,0,0,0
p0619,COL.SANTA MARIA DEL ROSARIO,14,43,verde,1,217,290,74.83,33,21,0,0,0,19,0,0,217,0,0,0,0
p0619,COL.SANTA MARIA DEL ROSARIO,14,44,verde,1,212,291,72.85,36,29,0,0,0,14,0,0,212,0,0,0,0
p0619,COL.SANTA MARIA DEL ROSARIO,14,45,verde,1,150,211,71.09,24,22,0,0,0,15,0,0,150,0,0,0,0
p0620,COLEGIO BETHLEMITAS,11,1,verde,1,239,320,74.69,42,11,0,0,0,27,0,0,239,0,0,0,0
p0620,COLEGIO BETHLEMITAS,11,2,verde,1,232,303,76.57,29,5,0,0,0,33,0,0,232,0,0,0,0
p0620,COLEGIO BETHLEMITAS,11,3,verde,1,252,318,79.25,39,7,0,0,0,19,0,0,252,0,0,0,0
p0620,COLEGIO BETHLEMITAS,11,4,verde,1,231,317,72.87,48,12,0,0,0,23,0,0,231,0,0,0,0
p0620,COLEGIO BETHLEMITAS,11,5,verde,1,251,332,75.6,44,9,0,0,0,26,0,0,251,0,0,0,0
p0620,COLEGIO BETHLEMITAS,11,6,verde,1,242,316,76.58,32,23,0,0,0,17,0,0,242,0,0,0,0
p0620,COLEGIO BETHLEMITAS,11,7,verde,1,270,334,80.84,34,8,0,0,0,22,0,0,270,0,0,0,0
p0620,COLEGIO BETHLEMITAS,11,8,verde,1,252,327,77.06,42,12,0,0,0,21,0,0,252,0,0,0,0
p0620,COLEGIO BETHLEMITAS,11,9,verde,1,225,307,73.29,35,24,0,0,0,20,0,0,225,0,0,0,0
p0620,COLEGIO BETHLEMITAS,11,10,verde,1,251,329,76.29,32,14,0,0,0,30,0,0,251,0,0,0,0
p0620,COLEGIO BETHLEMITAS,11,11,verde,1,235,327,71.87,44,13,0,0,0,34,0,0,235,0,0,0,0
p0620,COLEGIO BETHLEMITAS,11,12,verde,1,229,316,72.47,31,17,0,0,0,38,0,0,229,0,0,0,0
p0620,COLEGIO BETHLEMITAS,11,13,verde,1,173,288,60.07,20,53,0,0,0,41,0,0,173,0,0,0,0
p0620,COLEGIO BETHLEMITAS,11,14,verde,1,120,247,48.58,17,54,0,0,0,55,0,0,120,0,0,0,0
p0620,COLEGIO BETHLEMITAS,11,15,verde,1,149,277,53.79,32,48,0,0,0,45,0,0,149,0,0,0,0
p0620,COLEGIO BETHLEMITAS,11,16,verde,1,151,295,51.19,41,58,0,0,0,45,0,0,151,0,0,0,0
p0620,COLEGIO BETHLEMITAS,11,17,verde,1,172,289,59.52,29,41,0,0,0,44,0,0,172,0,0,0,0
p0620,COLEGIO BETHLEMITAS,11,18,verde,1,132,278,47.48,20,39,0,0,0,71,0,0,132,0,0,0,0
p0620,COLEGIO BETHLEMITAS,11,19,verde,1,183,316,57.91,38,48,0,0,0,46,0,0,183,0,0,0,0
p0620,COLEGIO BETHLEMITAS,11,20,verde,1,134,264,50.76,29,62,0,0,0,35,0,0,134,0,0,0,0
p0620,COLEGIO BETHLEMITAS,11,21,verde,1,46,101,45.54,15,21,0,0,0,18,0,0,46,0,0,0,0
p0621,COLEGIO CAMPESTRE MANZANARES,14,1,verde,1,279,328,85.06,32,5,0,0,0,10,0,0,279,0,0,0,0
p0621,COLEGIO CAMPESTRE MANZANARES,14,2,verde,1,257,312,82.37,33,14,0,0,0,8,0,0,257,0,0,0,0
p0621,COLEGIO CAMPESTRE MANZANARES,14,3,verde,1,211,278,75.9,21,27,0,0,0,18,0,0,211,0,0,0,0
p0621,COLEGIO CAMPESTRE MANZANARES,14,4,verde,1,7,11,63.64,3,0,0,0,0,1,0,0,7,0,0,0,0
p0622,COLEGIO EUCARISTICO,09,1,verde,1,177,298,59.4,30,7,0,0,0,79,0,0,177,0,0,0,0
p0622,COLEGIO EUCARISTICO,09,2,verde,1,189,293,64.51,32,15,0,0,0,56,0,0,189,0,0,0,0
p0622,COLEGIO EUCARISTICO,09,3,verde,1,169,260,65.0,29,19,0,0,0,40,0,0,169,0,0,0,0
p0622,COLEGIO EUCARISTICO,09,4,verde,1,222,303,73.27,28,12,0,0,0,40,0,0,222,0,0,0,0
p0622,COLEGIO EUCARISTICO,09,5,verde,1,216,304,71.05,19,19,0,0,0,49,0,0,216,0,0,0,0
p0622,COLEGIO EUCARISTICO,09,6,verde,1,201,293,68.6,21,20,0,0,0,42,0,0,201,0,0,0,0
p0622,COLEGIO EUCARISTICO,09,7,verde,1,190,291,65.29,17,20,0,0,0,59,0,0,190,0,0,0,0
p0622,COLEGIO EUCARISTICO,09,8,verde,1,217,300,72.33,17,7,0,0,0,56,0,0,217,0,0,0,0
p0622,COLEGIO EUCARISTICO,09,9,verde,1,119,244,48.77,8,37,0,0,0,78,0,0,119,0,0,0,0
p0622,COLEGIO EUCARISTICO,09,10,verde,1,83,237,35.02,10,64,0,0,0,77,0,0,83,0,0,0,0
p0622,COLEGIO EUCARISTICO,09,11,amarillo,2,74,235,31.49,6,47,0,0,0,102,0,0,74,0,0,0,0
p0622,COLEGIO EUCARISTICO,09,12,amarillo,2,71,221,32.13,9,35,0,0,0,103,0,0,71,0,0,0,0
p0622,COLEGIO EUCARISTICO,09,13,verde,1,106,243,43.62,17,39,0,0,0,79,0,0,106,0,0,0,0
p0622,COLEGIO EUCARISTICO,09,14,verde,1,107,250,42.8,16,48,0,0,0,75,0,0,107,0,0,0,0
p0622,COLEGIO EUCARISTICO,09,15,amarillo,2,87,237,36.71,9,43,0,0,0,97,0,0,87,0,0,0,0
p0622,COLEGIO EUCARISTICO,09,16,verde,1,126,270,46.67,13,33,0,0,0,95,0,0,126,0,0,0,0
p0622,COLEGIO EUCARISTICO,09,17,verde,1,126,277,45.49,17,42,0,0,0,82,0,0,126,0,0,0,0
p0622,COLEGIO EUCARISTICO,09,18,amarillo,2,78,232,33.62,13,21,0,0,0,116,0,0,78,0,0,0,0
p0622,COLEGIO EUCARISTICO,09,19,verde,1,102,240,42.5,12,27,0,0,0,94,0,0,102,0,0,0,0
p0622,COLEGIO EUCARISTICO,09,20,amarillo,2,88,240,36.67,16,34,0,0,0,98,0,0,88,0,0,0,0
p0623,COLEGIO LATINO,12,1,verde,1,162,234,69.23,38,5,0,0,0,28,0,0,162,0,0,0,0
p0623,COLEGIO LATINO,12,2,verde,1,191,257,74.32,24,5,0,0,0,34,0,0,191,0,0,0,0
p0623,COLEGIO LATINO,12,3,verde,1,146,209,69.86,15,4,0,0,0,42,0,0,146,0,0,0,0
p0623,COLEGIO LATINO,12,4,verde,1,154,206,74.76,30,6,0,0,0,16,0,0,154,0,0,0,0
p0623,COLEGIO LATINO,12,5,verde,1,176,231,76.19,33,2,0,0,0,19,0,0,176,0,0,0,0
p0623,COLEGIO LATINO,12,6,verde,1,201,261,77.01,24,13,0,0,0,23,0,0,201,0,0,0,0
p0623,COLEGIO LATINO,12,7,verde,1,200,273,73.26,42,10,0,0,0,21,0,0,200,0,0,0,0
p0623,COLEGIO LATINO,12,8,verde,1,176,244,72.13,19,14,0,0,0,35,0,0,176,0,0,0,0
p0623,COLEGIO LATINO,12,9,verde,1,211,277,76.17,32,16,0,0,0,17,0,0,211,0,0,0,0
p0623,COLEGIO LATINO,12,10,verde,1,204,268,76.12,30,9,0,0,0,25,0,0,204,0,0,0,0
p0623,COLEGIO LATINO,12,11,verde,1,176,256,68.75,34,16,0,0,0,29,0,0,176,0,0,0,0
p0623,COLEGIO LATINO,12,12,verde,1,182,239,76.15,20,15,0,0,0,20,0,0,182,0,0,0,0
p0623,COLEGIO LATINO,12,13,verde,1,162,246,65.85,32,23,0,0,0,26,0,0,162,0,0,0,0
p0623,COLEGIO LATINO,12,14,verde,1,177,264,67.05,27,8,0,0,0,52,0,0,177,0,0,0,0
p0623,COLEGIO LATINO,12,15,verde,1,175,242,72.31,20,11,0,0,0,35,0,0,175,0,0,0,0
p0623,COLEGIO LATINO,12,16,verde,1,203,275,73.82,27,4,0,0,0,40,0,0,203,0,0,0,0
p0623,COLEGIO LATINO,12,17,verde,1,202,265,76.23,24,9,0,0,0,27,0,0,202,0,0,0,0
p0623,COLEGIO LATINO,12,18,verde,1,181,260,69.62,23,11,0,0,0,43,0,0,181,0,0,0,0
p0623,COLEGIO LATINO,12,19,verde,1,90,223,40.36,18,52,0,0,0,61,0,0,90,0,0,0,0
p0623,COLEGIO LATINO,12,20,verde,1,119,221,53.85,10,33,0,0,0,57,0,0,119,0,0,0,0
p0623,COLEGIO LATINO,12,21,verde,1,82,173,47.4,16,35,0,0,0,40,0,0,82,0,0,0,0
p0624,COLEGIO PADRE MANYANET,16,1,verde,1,217,299,72.58,24,13,0,0,0,44,0,0,217,0,0,0,0
p0624,COLEGIO PADRE MANYANET,16,2,verde,1,229,291,78.69,18,6,0,0,0,35,0,0,229,0,0,0,0
p0624,COLEGIO PADRE MANYANET,16,3,verde,1,229,304,75.33,29,17,0,0,0,28,0,0,229,0,0,0,0
p0624,COLEGIO PADRE MANYANET,16,4,verde,1,225,300,75.0,23,11,0,0,0,41,0,0,225,0,0,0,0
p0624,COLEGIO PADRE MANYANET,16,5,verde,1,250,312,80.13,23,15,0,0,0,23,0,0,250,0,0,0,0
p0624,COLEGIO PADRE MANYANET,16,6,verde,1,242,315,76.83,22,25,0,0,0,25,0,0,242,0,0,0,0
p0624,COLEGIO PADRE MANYANET,16,7,verde,1,250,308,81.17,25,14,0,0,0,17,0,0,250,0,0,0,0
p0624,COLEGIO PADRE MANYANET,16,8,verde,1,201,293,68.6,31,24,0,0,0,33,0,0,201,0,0,0,0
p0624,COLEGIO PADRE MANYANET,16,9,verde,1,250,313,79.87,22,9,0,0,0,32,0,0,250,0,0,0,0
p0624,COLEGIO PADRE MANYANET,16,10,verde,1,249,311,80.06,22,7,0,0,0,30,0,0,249,0,0,0,0
p0624,COLEGIO PADRE MANYANET,16,11,verde,1,221,306,72.22,34,14,0,0,0,35,0,0,221,0,0,0,0
p0624,COLEGIO PADRE MANYANET,16,12,verde,1,160,264,60.61,19,62,0,0,0,22,0,0,160,0,0,0,0
p0624,COLEGIO PADRE MANYANET,16,13,verde,1,133,257,51.75,14,60,0,0,0,44,0,0,133,0,0,0,0
p0624,COLEGIO PADRE MANYANET,16,14,verde,1,117,249,46.99,18,56,0,0,0,57,0,0,117,0,0,0,0
p0624,COLEGIO PADRE MANYANET,16,15,verde,1,130,247,52.63,21,48,0,0,0,47,0,0,130,0,0,0,0
p0624,COLEGIO PADRE MANYANET,16,16,verde,1,156,263,59.32,17,41,0,0,0,46,0,0,156,0,0,0,0
p0624,COLEGIO PADRE MANYANET,16,17,verde,1,168,296,56.76,37,52,0,0,0,37,0,0,168,0,0,0,0
p0624,COLEGIO PADRE MANYANET,16,18,verde,1,137,261,52.49,23,39,0,0,0,59,0,0,137,0,0,0,0
p0624,COLEGIO PADRE MANYANET,16,19,verde,1,160,252,63.49,20,26,0,0,0,44,0,0,160,0,0,0,0
p0624,COLEGIO PADRE MANYANET,16,20,verde,1,156,269,57.99,22,50,0,0,0,40,0,0,156,0,0,0,0
p0624,COLEGIO PADRE MANYANET,16,21,verde,1,146,260,56.15,20,59,0,0,0,34,0,0,146,0,0,0,0
p0624,COLEGIO PADRE MANYANET,16,22,verde,1,58,105,55.24,9,23,0,0,0,15,0,0,58,0,0,0,0
p0625,COLEGIO PINARES ALTOVERDE,14,1,verde,1,276,336,82.14,36,6,0,0,0,14,0,0,276,0,0,0,0
p0625,COLEGIO PINARES ALTOVERDE,14,2,verde,1,277,328,84.45,33,8,0,0,0,8,0,0,277,0,0,0,0
p0625,COLEGIO PINARES ALTOVERDE,14,3,verde,1,216,315,68.57,34,43,0,0,0,20,0,0,216,0,0,0,0
p0625,COLEGIO PINARES ALTOVERDE,14,4,verde,1,132,189,69.84,16,19,0,0,0,20,0,0,132,0,0,0,0
p0626,COLEGIO SALESIANO EL SUFRAGIO,10,1,verde,1,134,228,58.77,49,7,0,0,0,37,0,0,134,0,0,0,0
p0626,COLEGIO SALESIANO EL SUFRAGIO,10,2,amarillo,2,138,339,40.71,37,7,0,0,0,154,0,0,138,0,0,0,0
p0626,COLEGIO SALESIANO EL SUFRAGIO,10,3,verde,1,157,262,59.92,36,7,0,0,0,61,0,0,157,0,0,0,0
p0626,COLEGIO SALESIANO EL SUFRAGIO,10,4,verde,1,139,269,51.67,20,6,0,0,0,100,0,0,139,0,0,0,0
p0626,COLEGIO SALESIANO EL SUFRAGIO,10,5,verde,1,147,200,73.5,26,5,0,0,0,19,0,0,147,0,0,0,0
p0626,COLEGIO SALESIANO EL SUFRAGIO,10,6,verde,1,173,248,69.76,27,8,0,0,0,37,0,0,173,0,0,0,0
p0626,COLEGIO SALESIANO EL SUFRAGIO,10,7,verde,1,137,230,59.57,32,11,0,0,0,47,0,0,137,0,0,0,0
p0626,COLEGIO SALESIANO EL SUFRAGIO,10,8,verde,1,152,251,60.56,27,18,0,0,0,50,0,0,152,0,0,0,0
p0626,COLEGIO SALESIANO EL SUFRAGIO,10,9,verde,1,175,347,50.43,31,10,0,0,0,130,0,0,175,0,0,0,0
p0626,COLEGIO SALESIANO EL SUFRAGIO,10,10,verde,1,192,258,74.42,30,8,0,0,0,23,0,0,192,0,0,0,0
p0626,COLEGIO SALESIANO EL SUFRAGIO,10,11,amarillo,2,145,351,41.31,27,15,0,0,0,161,0,0,145,0,0,0,0
p0626,COLEGIO SALESIANO EL SUFRAGIO,10,12,verde,1,176,260,67.69,25,17,0,0,0,40,0,0,176,0,0,0,0
p0626,COLEGIO SALESIANO EL SUFRAGIO,10,13,verde,1,181,274,66.06,33,13,0,0,0,44,0,0,181,0,0,0,0
p0626,COLEGIO SALESIANO EL SUFRAGIO,10,14,verde,1,161,268,60.07,29,16,0,0,0,60,0,0,161,0,0,0,0
p0626,COLEGIO SALESIANO EL SUFRAGIO,10,15,verde,1,166,250,66.4,27,15,0,0,0,40,0,0,166,0,0,0,0
p0626,COLEGIO SALESIANO EL SUFRAGIO,10,16,verde,1,189,264,71.59,32,16,0,0,0,24,0,0,189,0,0,0,0
p0626,COLEGIO SALESIANO EL SUFRAGIO,10,17,verde,1,156,251,62.15,25,14,0,0,0,53,0,0,156,0,0,0,0
p0626,COLEGIO SALESIANO EL SUFRAGIO,10,18,verde,1,173,257,67.32,19,22,0,0,0,41,0,0,173,0,0,0,0
p0626,COLEGIO SALESIANO EL SUFRAGIO,10,19,verde,1,143,239,59.83,32,5,0,0,0,59,0,0,143,0,0,0,0
p0626,COLEGIO SALESIANO EL SUFRAGIO,10,20,verde,1,150,259,57.92,40,6,0,0,0,60,0,0,150,0,0,0,0
p0626,COLEGIO SALESIANO EL SUFRAGIO,10,21,verde,1,164,262,62.6,23,12,0,0,0,61,0,0,164,0,0,0,0
p0626,COLEGIO SALESIANO EL SUFRAGIO,10,22,verde,1,172,262,65.65,26,7,0,0,0,56,0,0,172,0,0,0,0
p0626,COLEGIO SALESIANO EL SUFRAGIO,10,23,verde,1,192,263,73.0,20,7,0,0,0,41,0,0,192,0,0,0,0
p0626,COLEGIO SALESIANO EL SUFRAGIO,10,24,verde,1,192,280,68.57,30,11,0,0,0,44,0,0,192,0,0,0,0
p0626,COLEGIO SALESIANO EL SUFRAGIO,10,25,verde,1,145,253,57.31,26,13,0,0,0,64,0,0,145,0,0,0,0
p0626,COLEGIO SALESIANO EL SUFRAGIO,10,26,verde,1,160,244,65.57,22,8,0,0,0,51,0,0,160,0,0,0,0
p0626,COLEGIO SALESIANO EL SUFRAGIO,10,27,verde,1,89,203,43.84,12,25,0,0,0,74,0,0,89,0,0,0,0
p0626,COLEGIO SALESIANO EL SUFRAGIO,10,28,verde,1,111,197,56.35,10,21,0,0,0,54,0,0,111,0,0,0,0
p0626,COLEGIO SALESIANO EL SUFRAGIO,10,29,verde,1,96,204,47.06,17,27,0,0,0,63,0,0,96,0,0,0,0
p0626,COLEGIO SALESIANO EL SUFRAGIO,10,30,verde,1,93,222,41.89,11,45,0,0,0,72,0,0,93,0,0,0,0
p0626,COLEGIO SALESIANO EL SUFRAGIO,10,31,amarillo,2,80,223,35.87,14,39,0,0,0,88,0,0,80,0,0,0,0
p0626,COLEGIO SALESIANO EL SUFRAGIO,10,32,verde,1,114,236,48.31,12,36,0,0,0,69,0,0,114,0,0,0,0
p0626,COLEGIO SALESIANO EL SUFRAGIO,10,33,amarillo,2,97,248,39.11,22,23,0,0,0,101,0,0,97,0,0,0,0
p0626,COLEGIO SALESIANO EL SUFRAGIO,10,34,verde,1,115,214,53.74,15,29,0,0,0,54,0,0,115,0,0,0,0
p0626,COLEGIO SALESIANO EL SUFRAGIO,10,35,verde,1,92,202,45.54,19,29,0,0,0,62,0,0,92,0,0,0,0
p0626,COLEGIO SALESIANO EL SUFRAGIO,10,36,verde,1,93,226,41.15,11,39,0,0,0,79,0,0,93,0,0,0,0
p0626,COLEGIO SALESIANO EL SUFRAGIO,10,37,amarillo,2,40,117,34.19,5,30,0,0,0,41,0,0,40,0,0,0,0
p0627,COLEGIO SAN JOSE DE LA SALLE,14,1,verde,1,276,328,84.15,36,5,0,0,0,9,0,0,276,0,0,0,0
p0627,COLEGIO SAN JOSE DE LA SALLE,14,2,verde,1,226,298,75.84,21,31,0,0,0,20,0,0,226,0,0,0,0
p0627,COLEGIO SAN JOSE DE LA SALLE,14,3,verde,1,169,235,71.91,25,23,0,0,0,16,0,0,169,0,0,0,0
p0628,COLEGIO SAN JUAN BOSCO,16,1,verde,1,224,325,68.92,38,11,0,0,0,50,0,0,224,0,0,0,0
p0628,COLEGIO SAN JUAN BOSCO,16,2,verde,1,240,325,73.85,39,15,0,0,0,30,0,0,240,0,0,0,0
p0628,COLEGIO SAN JUAN BOSCO,16,3,verde,1,241,325,74.15,27,33,0,0,0,24,0,0,241,0,0,0,0
p0628,COLEGIO SAN JUAN BOSCO,16,4,verde,1,238,324,73.46,27,19,0,0,0,39,0,0,238,0,0,0,0
p0628,COLEGIO SAN JUAN BOSCO,16,5,verde,1,216,312,69.23,24,20,0,0,0,50,0,0,216,0,0,0,0
p0628,COLEGIO SAN JUAN BOSCO,16,6,verde,1,99,275,36.0,11,72,0,0,0,90,0,0,99,0,0,0,0
p0628,COLEGIO SAN JUAN BOSCO,16,7,verde,1,137,281,48.75,17,61,0,0,0,64,0,0,137,0,0,0,0
p0628,COLEGIO SAN JUAN BOSCO,16,8,verde,1,122,279,43.73,11,46,0,0,0,99,0,0,122,0,0,0,0
p0628,COLEGIO SAN JUAN BOSCO,16,9,verde,1,111,285,38.95,23,67,0,0,0,81,0,0,111,0,0,0,0
p0628,COLEGIO SAN JUAN BOSCO,16,10,verde,1,19,32,59.38,2,6,0,0,0,5,0,0,19,0,0,0,0
p0629,COLEGIO SAN LUCAS,14,1,verde,1,281,337,83.38,38,11,0,0,0,7,0,0,281,0,0,0,0
p0629,COLEGIO SAN LUCAS,14,2,verde,1,262,319,82.13,32,7,0,0,0,18,0,0,262,0,0,0,0
p0629,COLEGIO SAN LUCAS,14,3,verde,1,259,319,81.19,37,7,0,0,0,15,0,0,259,0,0,0,0
p0629,COLEGIO SAN LUCAS,14,4,verde,1,283,337,83.98,41,4,0,0,0,8,0,0,283,0,0,0,0
p0629,COLEGIO SAN LUCAS,14,5,verde,1,283,340,83.24,43,6,0,0,0,7,0,0,283,0,0,0,0
p0629,COLEGIO SAN LUCAS,14,6,verde,1,283,334,84.73,36,6,0,0,0,9,0,0,283,0,0,0,0
p0629,COLEGIO SAN LUCAS,14,7,verde,1,275,329,83.59,37,10,0,0,0,6,0,0,275,0,0,0,0
p0629,COLEGIO SAN LUCAS,14,8,verde,1,263,333,78.98,40,12,0,0,0,16,0,0,263,0,0,0,0
p0629,COLEGIO SAN LUCAS,14,9,verde,1,285,341,83.58,34,10,0,0,0,11,0,0,285,0,0,0,0
p0629,COLEGIO SAN LUCAS,14,10,verde,1,258,327,78.9,33,15,0,0,0,19,0,0,258,0,0,0,0
p0629,COLEGIO SAN LUCAS,14,11,verde,1,241,312,77.24,31,24,0,0,0,14,0,0,241,0,0,0,0
p0629,COLEGIO SAN LUCAS,14,12,verde,1,187,285,65.61,32,42,0,0,0,24,0,0,187,0,0,0,0
p0629,COLEGIO SAN LUCAS,14,13,verde,1,219,302,72.52,38,29,0,0,0,15,0,0,219,0,0,0,0
p0629,COLEGIO SAN LUCAS,14,14,verde,1,251,308,81.49,27,21,0,0,0,9,0,0,251,0,0,0,0
p0629,COLEGIO SAN LUCAS,14,15,verde,1,269,341,78.89,44,22,0,0,0,6,0,0,269,0,0,0,0
p0629,COLEGIO SAN LUCAS,14,16,verde,1,203,297,68.35,45,24,0,0,0,24,0,0,203,0,0,0,0
p0629,COLEGIO SAN LUCAS,14,17,verde,1,199,279,71.33,32,26,0,0,0,20,0,0,199,0,0,0,0
p0629,COLEGIO SAN LUCAS,14,18,verde,1,129,200,64.5,34,25,0,0,0,12,0,0,129,0,0,0,0
p0630,COLISEO SANTA ELENA,90,1,verde,1,185,303,61.06,31,14,0,0,0,68,0,0,185,0,0,0,0
p0630,COLISEO SANTA ELENA,90,2,verde,1,172,317,54.26,29,25,0,0,0,90,0,0,172,0,0,0,0
p0630,COLISEO SANTA ELENA,90,3,verde,1,176,290,60.69,35,7,0,0,0,65,0,0,176,0,0,0,0
p0630,COLISEO SANTA ELENA,90,4,verde,1,155,281,55.16,22,15,0,0,0,87,0,0,155,0,0,0,0
p0630,COLISEO SANTA ELENA,90,5,verde,1,105,231,45.45,15,33,0,0,0,76,0,0,105,0,0,0,0
p0630,COLISEO SANTA ELENA,90,6,amarillo,2,73,211,34.6,12,36,0,0,0,86,0,0,73,0,0,0,0
p0630,COLISEO SANTA ELENA,90,7,verde,1,129,230,56.09,24,23,0,0,0,54,0,0,129,0,0,0,0
p0630,COLISEO SANTA ELENA,90,8,verde,1,77,196,39.29,14,33,0,0,0,72,0,0,77,0,0,0,0
p0630,COLISEO SANTA ELENA,90,9,verde,1,96,223,43.05,8,38,0,0,0,81,0,0,96,0,0,0,0
p0630,COLISEO SANTA ELENA,90,10,verde,1,120,257,46.69,21,30,0,0,0,83,0,0,120,0,0,0,0
p0630,COLISEO SANTA ELENA,90,11,verde,1,98,246,39.84,15,32,0,0,0,97,0,0,98,0,0,0,0
p0630,COLISEO SANTA ELENA,90,12,verde,1,73,171,42.69,9,21,0,0,0,67,0,0,73,0,0,0,0
p0630,COLISEO SANTA ELENA,90,13,verde,1,58,135,42.96,9,23,0,0,0,44,0,0,58,0,0,0,0
p0630,COLISEO SANTA ELENA,90,14,verde,1,31,74,41.89,6,11,0,0,0,26,0,0,31,0,0,0,0
p0631,CORP. UNIVERSITARIA ADVENTISTA - UNAC,11,1,verde,1,222,321,69.16,34,13,0,0,0,48,0,0,222,0,0,0,0
p0631,CORP. UNIVERSITARIA ADVENTISTA - UNAC,11,2,verde,1,240,318,75.47,37,16,0,0,0,25,0,0,240,0,0,0,0
p0631,CORP. UNIVERSITARIA ADVENTISTA - UNAC,11,3,verde,1,238,313,76.04,31,10,0,0,0,34,0,0,238,0,0,0,0
p0631,CORP. UNIVERSITARIA ADVENTISTA - UNAC,11,4,verde,1,238,311,76.53,29,8,0,0,0,35,0,0,238,0,0,0,0
p0631,CORP. UNIVERSITARIA ADVENTISTA - UNAC,11,5,verde,1,264,323,81.73,24,10,0,0,0,20,0,0,264,0,0,0,0
p0631,CORP. UNIVERSITARIA ADVENTISTA - UNAC,11,6,verde,1,259,315,82.22,26,8,0,0,0,21,0,0,259,0,0,0,0
p0631,CORP. UNIVERSITARIA ADVENTISTA - UNAC,11,7,verde,1,220,304,72.37,19,28,0,0,0,35,0,0,220,0,0,0,0
p0631,CORP. UNIVERSITARIA ADVENTISTA - UNAC,11,8,verde,1,247,318,77.67,22,9,0,0,0,39,0,0,247,0,0,0,0
p0631,CORP. UNIVERSITARIA ADVENTISTA - UNAC,11,9,verde,1,243,320,75.94,17,14,0,0,0,44,0,0,243,0,0,0,0
p0631,CORP. UNIVERSITARIA ADVENTISTA - UNAC,11,10,verde,1,190,302,62.91,31,39,0,0,0,39,0,0,190,0,0,0,0
p0631,CORP. UNIVERSITARIA ADVENTISTA - UNAC,11,11,verde,1,127,250,50.8,18,56,0,0,0,47,0,0,127,0,0,0,0
p0631,CORP. UNIVERSITARIA ADVENTISTA - UNAC,11,12,verde,1,138,280,49.29,14,66,0,0,0,59,0,0,138,0,0,0,0
p0631,CORP. UNIVERSITARIA ADVENTISTA - UNAC,11,13,verde,1,150,289,51.9,9,65,0,0,0,63,0,0,150,0,0,0,0
p0631,CORP. UNIVERSITARIA ADVENTISTA - UNAC,11,14,verde,1,167,299,55.85,26,58,0,0,0,46,0,0,167,0,0,0,0
p0631,CORP. UNIVERSITARIA ADVENTISTA - UNAC,11,15,verde,1,172,280,61.43,20,32,0,0,0,50,0,0,172,0,0,0,0
p0631,CORP. UNIVERSITARIA ADVENTISTA - UNAC,11,16,verde,1,134,258,51.94,15,52,0,0,0,57,0,0,134,0,0,0,0
p0631,CORP. UNIVERSITARIA ADVENTISTA - UNAC,11,17,verde,1,172,275,62.55,21,34,0,0,0,46,0,0,172,0,0,0,0
p0631,CORP. UNIVERSITARIA ADVENTISTA - UNAC,11,18,verde,1,118,223,52.91,7,51,0,0,0,45,0,0,118,0,0,0,0
p0632,ESC NORMAL SUPERIOR ANTIOQUEÑA,09,1,verde,1,135,217,62.21,36,6,0,0,0,38,0,0,135,0,0,0,0
p0632,ESC NORMAL SUPERIOR ANTIOQUEÑA,09,2,verde,1,171,256,66.8,24,5,0,0,0,55,0,0,171,0,0,0,0
p0632,ESC NORMAL SUPERIOR ANTIOQUEÑA,09,3,verde,1,170,225,75.56,20,12,0,0,0,23,0,0,170,0,0,0,0
p0632,ESC NORMAL SUPERIOR ANTIOQUEÑA,09,4,verde,1,179,266,67.29,25,13,0,0,0,48,0,0,179,0,0,0,0
p0632,ESC NORMAL SUPERIOR ANTIOQUEÑA,09,5,verde,1,193,257,75.1,28,14,0,0,0,19,0,0,193,0,0,0,0
p0632,ESC NORMAL SUPERIOR ANTIOQUEÑA,09,6,verde,1,190,276,68.84,27,19,0,0,0,38,0,0,190,0,0,0,0
p0632,ESC NORMAL SUPERIOR ANTIOQUEÑA,09,7,verde,1,203,287,70.73,27,14,0,0,0,38,0,0,203,0,0,0,0
p0632,ESC NORMAL SUPERIOR ANTIOQUEÑA,09,8,verde,1,181,267,67.79,21,21,0,0,0,41,0,0,181,0,0,0,0
p0632,ESC NORMAL SUPERIOR ANTIOQUEÑA,09,9,verde,1,180,273,65.93,24,24,0,0,0,39,0,0,180,0,0,0,0
p0632,ESC NORMAL SUPERIOR ANTIOQUEÑA,09,10,verde,1,161,194,82.99,2,21,0,0,0,6,0,0,161,0,0,0,0
p0632,ESC NORMAL SUPERIOR ANTIOQUEÑA,09,11,verde,1,188,270,69.63,26,10,0,0,0,43,0,0,188,0,0,0,0
p0632,ESC NORMAL SUPERIOR ANTIOQUEÑA,09,12,verde,1,176,270,65.19,20,11,0,0,0,60,0,0,176,0,0,0,0
p0632,ESC NORMAL SUPERIOR ANTIOQUEÑA,09,13,verde,1,178,269,66.17,38,11,0,0,0,37,0,0,178,0,0,0,0
p0632,ESC NORMAL SUPERIOR ANTIOQUEÑA,09,14,verde,1,183,270,67.78,22,0,0,0,0,53,7,0,183,0,0,0,0
p0632,ESC NORMAL SUPERIOR ANTIOQUEÑA,09,15,amarillo,2,73,218,33.49,13,54,0,0,0,75,0,0,73,0,0,0,0
p0632,ESC NORMAL SUPERIOR ANTIOQUEÑA,09,16,amarillo,2,76,233,32.62,12,57,0,0,0,86,0,0,76,0,0,0,0
p0632,ESC NORMAL SUPERIOR ANTIOQUEÑA,09,17,amarillo,2,62,209,29.67,11,37,0,0,0,96,0,0,62,0,0,0,0
p0632,ESC NORMAL SUPERIOR ANTIOQUEÑA,09,18,verde,1,111,224,49.55,23,26,0,0,0,63,0,0,111,0,0,0,0
p0632,ESC NORMAL SUPERIOR ANTIOQUEÑA,09,19,verde,1,87,225,38.67,19,50,0,0,0,68,0,0,87,0,0,0,0
p0632,ESC NORMAL SUPERIOR ANTIOQUEÑA,09,20,verde,1,80,204,39.22,7,40,0,0,0,76,0,0,80,0,0,0,0
p0632,ESC NORMAL SUPERIOR ANTIOQUEÑA,09,21,verde,1,84,228,36.84,9,56,0,0,0,74,0,0,84,0,0,0,0
p0632,ESC NORMAL SUPERIOR ANTIOQUEÑA,09,22,verde,1,93,226,41.15,9,39,0,0,0,83,0,0,93,0,0,0,0
p0632,ESC NORMAL SUPERIOR ANTIOQUEÑA,09,23,verde,1,126,257,49.03,16,39,0,0,0,74,0,0,126,0,0,0,0
p0632,ESC NORMAL SUPERIOR ANTIOQUEÑA,09,24,amarillo,2,79,224,35.27,6,20,0,0,0,115,0,0,79,0,0,0,0
p0632,ESC NORMAL SUPERIOR ANTIOQUEÑA,09,25,verde,1,102,221,46.15,16,27,0,0,0,75,0,0,102,0,0,0,0
p0632,ESC NORMAL SUPERIOR ANTIOQUEÑA,09,26,verde,1,106,208,50.96,10,28,0,0,0,63,0,0,106,0,0,0,0
p0632,ESC NORMAL SUPERIOR ANTIOQUEÑA,09,27,verde,1,91,211,43.13,12,38,0,0,0,68,0,0,91,0,0,0,0
p0632,ESC NORMAL SUPERIOR ANTIOQUEÑA,09,28,amarillo,2,30,76,39.47,2,13,0,0,0,31,0,0,30,0,0,0,0
p0633,"ESTABLECIMIENTO CARCELARIO PEDREGAL
MEDE",00,1,amarillo,2,15,50,30.0,3,2,0,0,0,29,0,0,15,0,0,0,0
p0634,ESTADIO ATANASIO GIRARDOT,00,1,verde,1,69,106,65.09,20,3,0,0,0,14,0,0,69,0,0,0,0
p0634,ESTADIO ATANASIO GIRARDOT,00,2,verde,1,254,366,69.4,24,24,0,0,0,63,0,0,254,0,0,0,0
p0634,ESTADIO ATANASIO GIRARDOT,00,3,verde,1,175,279,62.72,12,14,0,0,0,72,0,0,175,0,0,0,0
p0634,ESTADIO ATANASIO GIRARDOT,00,4,verde,1,178,288,61.81,20,13,0,0,0,73,0,0,178,0,0,0,0
p0634,ESTADIO ATANASIO GIRARDOT,00,5,verde,1,164,280,58.57,21,22,0,0,0,66,0,0,164,0,0,0,0
p0634,ESTADIO ATANASIO GIRARDOT,00,6,verde,1,158,269,58.74,16,17,0,0,0,69,0,0,158,0,0,0,0
p0634,ESTADIO ATANASIO GIRARDOT,00,7,verde,1,112,187,59.89,36,4,0,0,0,29,0,0,112,0,0,0,0
p0634,ESTADIO ATANASIO GIRARDOT,00,8,verde,1,203,291,69.76,46,6,0,0,0,34,0,0,203,0,0,0,0
p0634,ESTADIO ATANASIO GIRARDOT,00,9,verde,1,193,286,67.48,17,10,0,0,0,57,0,0,193,0,0,0,0
p0634,ESTADIO ATANASIO GIRARDOT,00,10,verde,1,167,274,60.95,13,14,0,0,0,74,0,0,167,0,0,0,0
p0634,ESTADIO ATANASIO GIRARDOT,00,11,verde,1,200,306,65.36,42,8,0,0,0,53,0,0,200,0,0,0,0
p0634,ESTADIO ATANASIO GIRARDOT,00,12,verde,1,218,311,70.1,36,7,0,0,0,46,0,0,218,0,0,0,0
p0634,ESTADIO ATANASIO GIRARDOT,00,13,verde,1,155,247,62.75,14,21,0,0,0,51,0,0,155,0,0,0,0
p0634,ESTADIO ATANASIO GIRARDOT,00,14,verde,1,155,254,61.02,14,18,0,0,0,60,0,0,155,0,0,0,0
p0634,ESTADIO ATANASIO GIRARDOT,00,15,verde,1,164,257,63.81,17,16,0,0,0,54,0,0,164,0,0,0,0
p0634,ESTADIO ATANASIO GIRARDOT,00,16,verde,1,170,259,65.64,24,0,0,0,0,57,0,0,170,0,0,0,5
p0634,ESTADIO ATANASIO GIRARDOT,00,17,verde,1,171,270,63.33,14,10,0,0,0,67,0,0,171,0,0,0,0
p0634,ESTADIO ATANASIO GIRARDOT,00,18,verde,1,187,257,72.76,12,5,0,0,0,48,0,0,187,0,0,0,0
p0634,ESTADIO ATANASIO GIRARDOT,00,19,verde,1,211,302,69.87,15,8,0,0,0,62,0,0,211,0,0,0,0
p0634,ESTADIO ATANASIO GIRARDOT,00,20,verde,1,149,236,63.14,21,0,0,0,0,52,8,0,149,0,0,0,0
p0634,ESTADIO ATANASIO GIRARDOT,00,21,verde,1,184,277,66.43,19,11,0,0,0,58,0,0,184,0,0,0,0
p0634,ESTADIO ATANASIO GIRARDOT,00,22,verde,1,184,264,69.7,16,9,0,0,0,54,0,0,184,0,0,0,0
p0634,ESTADIO ATANASIO GIRARDOT,00,23,verde,1,165,262,62.98,10,10,0,0,0,72,0,0,165,0,0,0,0
p0634,ESTADIO ATANASIO GIRARDOT,00,24,verde,1,196,294,66.67,0,8,0,0,0,73,9,0,196,0,0,0,0
p0634,ESTADIO ATANASIO GIRARDOT,00,25,verde,1,168,275,61.09,18,9,0,0,0,69,0,0,168,0,0,0,0
p0634,ESTADIO ATANASIO GIRARDOT,00,26,verde,1,173,292,59.25,20,19,0,0,0,69,0,0,173,0,0,0,0
p0634,ESTADIO ATANASIO GIRARDOT,00,27,verde,1,173,276,62.68,20,9,0,0,0,65,0,0,173,0,0,0,0
p0634,ESTADIO ATANASIO GIRARDOT,00,28,verde,1,165,266,62.03,13,17,0,0,0,67,0,0,165,0,0,0,0
p0634,ESTADIO ATANASIO GIRARDOT,00,29,verde,1,171,253,67.59,17,9,0,0,0,52,0,0,171,0,0,0,0
p0634,ESTADIO ATANASIO GIRARDOT,00,30,verde,1,177,274,64.6,23,12,0,0,0,54,0,0,177,0,0,0,0
p0634,ESTADIO ATANASIO GIRARDOT,00,31,verde,1,182,262,69.47,16,10,0,0,0,45,0,0,182,0,0,0,0
p0634,ESTADIO ATANASIO GIRARDOT,00,32,verde,1,155,267,58.05,22,10,0,0,0,74,0,0,155,0,0,0,0
p0634,ESTADIO ATANASIO GIRARDOT,00,33,verde,1,171,274,62.41,14,16,0,0,0,61,0,0,171,0,0,0,0
p0634,ESTADIO ATANASIO GIRARDOT,00,34,verde,1,181,271,66.79,19,6,0,0,0,56,0,0,181,0,0,0,0
p0634,ESTADIO ATANASIO GIRARDOT,00,35,verde,1,229,326,70.25,39,8,0,0,0,46,0,0,229,0,0,0,0
p0634,ESTADIO ATANASIO GIRARDOT,00,36,verde,1,201,271,74.17,24,12,0,0,0,32,0,0,201,0,0,0,0
p0634,ESTADIO ATANASIO GIRARDOT,00,37,verde,1,179,233,76.82,14,7,0,0,0,30,0,0,179,0,0,0,0
p0634,ESTADIO ATANASIO GIRARDOT,00,38,verde,1,151,204,74.02,15,5,0,0,0,27,0,0,151,0,0,0,0
p0634,ESTADIO ATANASIO GIRARDOT,00,39,verde,1,152,225,67.56,21,9,0,0,0,42,0,0,152,0,0,0,0
p0634,ESTADIO ATANASIO GIRARDOT,00,40,verde,1,181,256,70.7,22,13,0,0,0,39,0,0,181,0,0,0,0
p0634,ESTADIO ATANASIO GIRARDOT,00,41,verde,1,185,245,75.51,17,9,0,0,0,31,0,0,185,0,0,0,0
p0634,ESTADIO ATANASIO GIRARDOT,00,42,verde,1,165,217,76.04,13,5,0,0,0,32,0,0,165,0,0,0,0
p0634,ESTADIO ATANASIO GIRARDOT,00,43,verde,1,193,258,74.81,18,10,0,0,0,34,0,0,193,0,0,0,0
p0634,ESTADIO ATANASIO GIRARDOT,00,44,verde,1,167,251,66.53,29,6,0,0,0,42,0,0,167,0,0,0,0
p0634,ESTADIO ATANASIO GIRARDOT,00,45,verde,1,174,241,72.2,17,10,0,0,0,32,0,0,174,0,0,0,0
p0634,ESTADIO ATANASIO GIRARDOT,00,46,verde,1,170,241,70.54,22,10,0,0,0,34,0,0,170,0,0,0,0
p0634,ESTADIO ATANASIO GIRARDOT,00,47,verde,1,169,256,66.02,23,0,0,0,0,42,0,0,169,0,10,0,0
p0634,ESTADIO ATANASIO GIRARDOT,00,48,verde,1,168,262,64.12,24,0,0,10,0,47,0,0,168,0,0,0,0
p0634,ESTADIO ATANASIO GIRARDOT,00,49,verde,1,176,257,68.48,18,9,0,0,0,43,0,0,176,0,0,0,0
p0634,ESTADIO ATANASIO GIRARDOT,00,50,verde,1,182,270,67.41,19,6,0,0,0,58,0,0,182,0,0,0,0
p0634,ESTADIO ATANASIO GIRARDOT,00,51,verde,1,155,234,66.24,23,6,0,0,0,45,0,0,155,0,0,0,0
p0634,ESTADIO ATANASIO GIRARDOT,00,52,verde,1,201,284,70.77,21,16,0,0,0,41,0,0,201,0,0,0,0
p0634,ESTADIO ATANASIO GIRARDOT,00,53,verde,1,252,321,78.5,15,9,0,0,0,41,0,0,252,0,0,0,0
p0634,ESTADIO ATANASIO GIRARDOT,00,54,verde,1,212,312,67.95,21,14,0,0,0,57,0,0,212,0,0,0,0
p0634,ESTADIO ATANASIO GIRARDOT,00,55,verde,1,165,249,66.27,10,16,0,0,0,52,0,0,165,0,0,0,0
p0634,ESTADIO ATANASIO GIRARDOT,00,56,verde,1,227,317,71.61,22,17,0,0,0,50,0,0,227,0,0,0,0
p0634,ESTADIO ATANASIO GIRARDOT,00,57,verde,1,185,265,69.81,16,11,0,0,0,43,0,0,185,0,0,0,0
p0634,ESTADIO ATANASIO GIRARDOT,00,58,verde,1,186,283,65.72,18,9,0,0,0,65,0,0,186,0,0,0,0
p0634,ESTADIO ATANASIO GIRARDOT,00,59,amarillo,2,20,103,19.42,16,9,0,0,0,46,0,0,20,0,0,0,0
p0634,ESTADIO ATANASIO GIRARDOT,00,60,verde,1,195,279,69.89,15,14,0,0,0,47,0,0,195,0,0,0,0
p0635,I.E.ALCALDIA DE MEDELLIN,16,1,verde,1,154,238,64.71,25,9,0,0,0,46,0,0,154,0,0,0,0
p0635,I.E.ALCALDIA DE MEDELLIN,16,2,verde,1,157,240,65.42,25,2,0,0,0,51,0,0,157,0,0,0,0
p0635,I.E.ALCALDIA DE MEDELLIN,16,3,verde,1,159,222,71.62,29,8,0,0,0,23,0,0,159,0,0,0,0
p0635,I.E.ALCALDIA DE MEDELLIN,16,4,verde,1,167,239,69.87,20,12,0,0,0,36,0,0,167,0,0,0,0
p0635,I.E.ALCALDIA DE MEDELLIN,16,5,verde,1,163,232,70.26,18,17,0,0,0,27,0,0,163,0,0,0,0
p0635,I.E.ALCALDIA DE MEDELLIN,16,6,verde,1,162,255,63.53,34,8,0,0,0,45,0,0,162,0,0,0,0
p0635,I.E.ALCALDIA DE MEDELLIN,16,7,verde,1,162,242,66.94,29,15,0,0,0,28,0,0,162,0,0,0,0
p0635,I.E.ALCALDIA DE MEDELLIN,16,8,verde,1,177,255,69.41,21,9,0,0,0,42,0,0,177,0,0,0,0
p0635,I.E.ALCALDIA DE MEDELLIN,16,9,verde,1,169,239,70.71,17,15,0,0,0,34,0,0,169,0,0,0,0
p0635,I.E.ALCALDIA DE MEDELLIN,16,10,verde,1,154,250,61.6,25,17,0,0,0,47,0,0,154,0,0,0,0
p0635,I.E.ALCALDIA DE MEDELLIN,16,11,verde,1,184,261,70.5,20,19,0,0,0,35,0,0,184,0,0,0,0
p0635,I.E.ALCALDIA DE MEDELLIN,16,12,verde,1,182,260,70.0,15,19,0,0,0,40,0,0,182,0,0,0,0
p0635,I.E.ALCALDIA DE MEDELLIN,16,13,verde,1,174,249,69.88,25,18,0,0,0,28,0,0,174,0,0,0,0
p0635,I.E.ALCALDIA DE MEDELLIN,16,14,verde,1,173,259,66.8,27,9,0,0,0,45,0,0,173,0,0,0,0
p0635,I.E.ALCALDIA DE MEDELLIN,16,15,rojo,8,0,259,0.0,15,11,0,0,0,60,167,0,0,0,0,0,0
p0635,I.E.ALCALDIA DE MEDELLIN,16,16,verde,1,192,263,73.0,35,4,0,0,0,31,0,0,192,0,0,0,0
p0635,I.E.ALCALDIA DE MEDELLIN,16,17,verde,1,176,265,66.42,23,11,0,0,0,45,0,0,176,0,0,0,0
p0635,I.E.ALCALDIA DE MEDELLIN,16,18,verde,1,180,270,66.67,19,12,0,0,0,56,0,0,180,0,0,0,0
p0635,I.E.ALCALDIA DE MEDELLIN,16,19,verde,1,172,238,72.27,14,7,0,0,0,40,0,0,172,0,0,0,0
p0635,I.E.ALCALDIA DE MEDELLIN,16,20,verde,1,83,166,50.0,8,17,0,0,0,58,0,0,83,0,0,0,0
p0635,I.E.ALCALDIA DE MEDELLIN,16,21,verde,1,100,185,54.05,17,13,0,0,0,50,0,0,100,0,0,0,0
p0635,I.E.ALCALDIA DE MEDELLIN,16,22,verde,1,96,207,46.38,14,23,0,0,0,72,0,0,96,0,0,0,0
p0635,I.E.ALCALDIA DE MEDELLIN,16,23,verde,1,137,236,58.05,13,23,0,0,0,61,0,0,137,0,0,0,0
p0635,I.E.ALCALDIA DE MEDELLIN,16,24,verde,1,130,200,65.0,9,19,0,0,0,41,0,0,130,0,0,0,0
p0635,I.E.ALCALDIA DE MEDELLIN,16,25,verde,1,104,194,53.61,10,13,0,0,0,59,0,0,104,0,0,0,0
p0635,I.E.ALCALDIA DE MEDELLIN,16,26,verde,1,87,170,51.18,11,22,0,0,0,48,0,0,87,0,0,0,0
p0635,I.E.ALCALDIA DE MEDELLIN,16,27,verde,1,131,235,55.74,16,23,0,0,0,62,0,0,131,0,0,0,0
p0635,I.E.ALCALDIA DE MEDELLIN,16,28,verde,1,123,220,55.91,12,22,0,0,0,61,0,0,123,0,0,0,0
p0635,I.E.ALCALDIA DE MEDELLIN,16,29,verde,1,85,207,41.06,8,38,0,0,0,68,0,0,85,0,0,0,0
p0635,I.E.ALCALDIA DE MEDELLIN,16,30,verde,1,81,196,41.33,6,40,0,0,0,68,0,0,81,0,0,0,0
p0635,I.E.ALCALDIA DE MEDELLIN,16,31,verde,1,91,215,42.33,9,33,0,0,0,78,0,0,91,0,0,0,0
p0635,I.E.ALCALDIA DE MEDELLIN,16,32,verde,1,30,57,52.63,2,9,0,0,0,15,0,0,30,0,0,0,0
p0636,I.E. ALFONSO MORA NARANJO,04,1,verde,1,110,198,55.56,30,12,0,0,0,43,0,0,110,0,0,0,0
p0636,I.E. ALFONSO MORA NARANJO,04,2,verde,1,152,239,63.6,27,10,0,0,0,47,0,0,152,0,0,0,0
p0636,I.E. ALFONSO MORA NARANJO,04,3,verde,1,106,183,57.92,30,11,0,0,0,31,0,0,106,0,0,0,0
p0636,I.E. ALFONSO MORA NARANJO,04,4,verde,1,145,216,67.13,34,6,0,0,0,29,0,0,145,0,0,0,0
p0636,I.E. ALFONSO MORA NARANJO,04,5,verde,1,138,218,63.3,20,13,0,0,0,44,0,0,138,0,0,0,0
p0636,I.E. ALFONSO MORA NARANJO,04,6,verde,1,148,225,65.78,34,11,0,0,0,28,0,0,148,0,0,0,0
p0636,I.E. ALFONSO MORA NARANJO,04,7,verde,1,151,221,68.33,26,7,0,0,0,35,0,0,151,0,0,0,0
p0636,I.E. ALFONSO MORA NARANJO,04,8,verde,1,159,248,64.11,34,21,0,0,0,31,0,0,159,0,0,0,0
p0636,I.E. ALFONSO MORA NARANJO,04,9,verde,1,148,250,59.2,33,19,0,0,0,46,0,0,148,0,0,0,0
p0636,I.E. ALFONSO MORA NARANJO,04,10,verde,1,155,240,64.58,28,20,0,0,0,34,0,0,155,0,0,0,0
p0636,I.E. ALFONSO MORA NARANJO,04,11,verde,1,162,234,69.23,19,11,0,0,0,39,0,0,162,0,0,0,0
p0636,I.E. ALFONSO MORA NARANJO,04,12,verde,1,162,249,65.06,22,20,0,0,0,42,0,0,162,0,0,0,0
p0636,I.E. ALFONSO MORA NARANJO,04,13,verde,1,139,233,59.66,19,14,0,0,0,59,0,0,139,0,0,0,0
p0636,I.E. ALFONSO MORA NARANJO,04,14,verde,1,159,240,66.25,24,8,0,0,0,46,0,0,159,0,0,0,0
p0636,I.E. ALFONSO MORA NARANJO,04,15,verde,1,152,252,60.32,23,16,0,0,0,55,0,0,152,0,0,0,0
p0636,I.E. ALFONSO MORA NARANJO,04,16,verde,1,150,247,60.73,23,11,0,0,0,57,0,0,150,0,0,0,0
p0636,I.E. ALFONSO MORA NARANJO,04,17,verde,1,159,245,64.9,23,20,0,0,0,39,0,0,159,0,0,0,0
p0636,I.E. ALFONSO MORA NARANJO,04,18,verde,1,143,227,63.0,17,10,0,0,0,53,0,0,143,0,0,0,0
p0636,I.E. ALFONSO MORA NARANJO,04,19,amarillo,2,68,182,37.36,10,29,0,0,0,69,0,0,68,0,0,0,0
p0636,I.E. ALFONSO MORA NARANJO,04,20,amarillo,2,63,185,34.05,9,25,0,0,0,86,0,0,63,0,0,0,0
p0636,I.E. ALFONSO MORA NARANJO,04,21,verde,1,95,192,49.48,17,18,0,0,0,58,0,0,95,0,0,0,0
p0636,I.E. ALFONSO MORA NARANJO,04,22,verde,1,89,219,40.64,17,25,0,0,0,84,0,0,89,0,0,0,0
p0636,I.E. ALFONSO MORA NARANJO,04,23,verde,1,108,236,45.76,14,29,0,0,0,83,0,0,108,0,0,0,0
p0636,I.E. ALFONSO MORA NARANJO,04,24,verde,1,101,237,42.62,8,39,0,0,0,83,0,0,101,0,0,0,0
p0636,I.E. ALFONSO MORA NARANJO,04,25,verde,1,126,208,60.58,14,26,0,0,0,40,0,0,126,0,0,0,0
p0636,I.E. ALFONSO MORA NARANJO,04,26,verde,1,95,214,44.39,11,22,0,0,0,82,0,0,95,0,0,0,0
p0636,I.E. ALFONSO MORA NARANJO,04,27,verde,1,88,187,47.06,10,33,0,0,0,55,0,0,88,0,0,0,0
p0636,I.E. ALFONSO MORA NARANJO,04,28,amarillo,2,55,170,32.35,12,40,0,0,0,59,0,0,55,0,0,0,0
p0637,I.E.ALFREDO COCK ARANGO,06,1,verde,1,114,188,60.64,30,4,0,0,0,36,0,0,114,0,0,0,0
p0637,I.E.ALFREDO COCK ARANGO,06,2,verde,1,125,223,56.05,27,10,0,0,0,58,0,0,125,0,0,0,0
p0637,I.E.ALFREDO COCK ARANGO,06,3,verde,1,121,174,69.54,16,6,0,0,0,29,0,0,121,0,0,0,0
p0637,I.E.ALFREDO COCK ARANGO,06,4,verde,1,129,195,66.15,24,8,0,0,0,28,0,0,129,0,0,0,0
p0637,I.E.ALFREDO COCK ARANGO,06,5,verde,1,131,196,66.84,15,14,0,0,0,34,0,0,131,0,0,0,0
p0637,I.E.ALFREDO COCK ARANGO,06,6,verde,1,150,221,67.87,24,15,0,0,0,26,0,0,150,0,0,0,0
p0637,I.E.ALFREDO COCK ARANGO,06,7,verde,1,136,236,57.63,32,14,0,0,0,47,0,0,136,0,0,0,0
p0637,I.E.ALFREDO COCK ARANGO,06,8,verde,1,154,241,63.9,15,22,0,0,0,42,0,0,154,0,0,0,0
p0637,I.E.ALFREDO COCK ARANGO,06,9,verde,1,152,248,61.29,23,14,0,0,0,52,0,0,152,0,0,0,0
p0637,I.E.ALFREDO COCK ARANGO,06,10,verde,1,150,238,63.03,26,19,0,0,0,39,0,0,150,0,0,0,0
p0637,I.E.ALFREDO COCK ARANGO,06,11,verde,1,157,256,61.33,22,24,0,0,0,51,0,0,157,0,0,0,0
p0637,I.E.ALFREDO COCK ARANGO,06,12,verde,1,148,234,63.25,15,26,0,0,0,43,0,0,148,0,0,0,0
p0637,I.E.ALFREDO COCK ARANGO,06,13,verde,1,157,257,61.09,15,27,0,0,0,54,0,0,157,0,0,0,0
p0637,I.E.ALFREDO COCK ARANGO,06,14,verde,1,143,239,59.83,25,0,0,0,0,63,3,0,143,0,0,0,0
p0637,I.E.ALFREDO COCK ARANGO,06,15,verde,1,152,244,62.3,19,10,0,0,0,57,0,0,152,0,0,0,0
p0637,I.E.ALFREDO COCK ARANGO,06,16,verde,1,164,254,64.57,18,8,0,0,0,58,0,0,164,0,0,0,0
p0637,I.E.ALFREDO COCK ARANGO,06,17,verde,1,174,256,67.97,22,0,0,0,0,45,6,0,174,0,0,0,0
p0637,I.E.ALFREDO COCK ARANGO,06,18,verde,1,161,251,64.14,17,14,0,0,0,54,0,0,161,0,0,0,0
p0637,I.E.ALFREDO COCK ARANGO,06,19,verde,1,145,245,59.18,19,12,0,0,0,62,0,0,145,0,0,0,0
p0637,I.E.ALFREDO COCK ARANGO,06,20,verde,1,95,135,70.37,8,20,0,0,0,8,0,0,95,0,0,0,0
p0637,I.E.ALFREDO COCK ARANGO,06,21,verde,1,82,196,41.84,10,25,0,0,0,76,0,0,82,0,0,0,0
p0637,I.E.ALFREDO COCK ARANGO,06,22,verde,1,102,248,41.13,12,35,0,0,0,91,0,0,102,0,0,0,0
p0637,I.E.ALFREDO COCK ARANGO,06,23,verde,1,123,245,50.2,8,25,0,0,0,83,0,0,123,0,0,0,0
p0637,I.E.ALFREDO COCK ARANGO,06,24,verde,1,101,204,49.51,8,27,0,0,0,63,0,0,101,0,0,0,0
p0637,I.E.ALFREDO COCK ARANGO,06,25,verde,1,89,193,46.11,10,24,0,0,0,66,0,0,89,0,0,0,0
p0637,I.E.ALFREDO COCK ARANGO,06,26,amarillo,2,76,198,38.38,10,17,0,0,0,87,0,0,76,0,0,0,0
p0637,I.E.ALFREDO COCK ARANGO,06,27,amarillo,2,77,170,45.29,8,0,0,0,0,79,4,0,77,0,0,0,0
p0637,I.E.ALFREDO COCK ARANGO,06,28,amarillo,2,15,48,31.25,5,5,0,0,0,22,0,0,15,0,0,0,0
p0638,I.E AMERICA,12,1,verde,1,224,318,70.44,36,9,0,0,0,46,0,0,224,0,0,0,0
p0638,I.E AMERICA,12,2,verde,1,221,309,71.52,22,17,0,0,0,43,0,0,221,0,0,0,0
p0638,I.E AMERICA,12,3,verde,1,207,312,66.35,37,23,0,0,0,41,0,0,207,0,0,0,0
p0638,I.E AMERICA,12,4,verde,1,215,307,70.03,22,26,0,0,0,42,0,0,215,0,0,0,0
p0638,I.E AMERICA,12,5,rojo,4,10,103,9.71,25,16,0,0,0,49,0,0,10,0,0,0,0
p0638,I.E AMERICA,12,6,verde,1,93,235,39.57,13,59,0,0,0,68,0,0,93,0,0,0,0
p0638,I.E AMERICA,12,7,verde,1,106,237,44.73,17,38,0,0,0,72,0,0,106,0,0,0,0
p0638,I.E AMERICA,12,8,verde,1,124,250,49.6,12,43,0,0,0,69,0,0,124,0,0,0,0
p0638,I.E AMERICA,12,9,verde,1,122,258,47.29,17,30,0,0,0,84,0,0,122,0,0,0,0
p0638,I.E AMERICA,12,10,verde,1,134,276,48.55,19,48,0,0,0,74,0,0,134,0,0,0,0
p0638,I.E AMERICA,12,11,verde,1,53,154,34.42,12,40,0,0,0,45,0,0,53,0,0,0,0
p0639,I.E. ASIA IGNACIANA,02,1,verde,1,82,151,54.3,33,8,0,0,0,26,0,0,82,0,0,0,0
p0639,I.E. ASIA IGNACIANA,02,2,verde,1,88,183,48.09,29,11,0,0,0,51,0,0,88,0,0,0,0
p0639,I.E. ASIA IGNACIANA,02,3,verde,1,105,203,51.72,23,9,0,0,0,55,0,0,105,0,0,0,0
p0639,I.E. ASIA IGNACIANA,02,4,verde,1,98,178,55.06,17,12,0,0,0,40,0,0,98,0,0,0,0
p0639,I.E. ASIA IGNACIANA,02,5,verde,1,101,187,54.01,25,19,0,0,0,39,0,0,101,0,0,0,0
p0639,I.E. ASIA IGNACIANA,02,6,verde,1,116,182,63.74,19,11,0,0,0,34,0,0,116,0,0,0,0
p0639,I.E. ASIA IGNACIANA,02,7,verde,1,108,190,56.84,17,17,0,0,0,43,0,0,108,0,0,0,0
p0639,I.E. ASIA IGNACIANA,02,8,verde,1,115,205,56.1,30,10,0,0,0,45,0,0,115,0,0,0,0
p0639,I.E. ASIA IGNACIANA,02,9,verde,1,122,220,55.45,35,17,0,0,0,43,0,0,122,0,0,0,0
p0639,I.E. ASIA IGNACIANA,02,10,verde,1,117,226,51.77,45,14,0,0,0,45,0,0,117,0,0,0,0
p0639,I.E. ASIA IGNACIANA,02,11,verde,1,132,243,54.32,21,30,0,0,0,54,0,0,132,0,0,0,0
p0639,I.E. ASIA IGNACIANA,02,12,verde,1,135,225,60.0,24,23,0,0,0,38,0,0,135,0,0,0,0
p0639,I.E. ASIA IGNACIANA,02,13,verde,1,120,234,51.28,29,24,0,0,0,58,0,0,120,0,0,0,0
p0639,I.E. ASIA IGNACIANA,02,14,verde,1,124,222,55.86,23,16,0,0,0,54,0,0,124,0,0,0,0
p0639,I.E. ASIA IGNACIANA,02,15,verde,1,120,223,53.81,23,11,0,0,0,62,0,0,120,0,0,0,0
p0639,I.E. ASIA IGNACIANA,02,16,verde,1,121,211,57.35,12,16,0,0,0,57,0,0,121,0,0,0,0
p0639,I.E. ASIA IGNACIANA,02,17,verde,1,120,208,57.69,28,13,0,0,0,39,0,0,120,0,0,0,0
p0639,I.E. ASIA IGNACIANA,02,18,verde,1,128,234,54.7,14,18,0,0,0,65,0,0,128,0,0,0,0
p0639,I.E. ASIA IGNACIANA,02,19,verde,1,94,203,46.31,33,10,0,0,0,56,0,0,94,0,0,0,0
p0639,I.E. ASIA IGNACIANA,02,20,verde,1,111,228,48.68,20,12,0,0,0,81,0,0,111,0,0,0,0
p0639,I.E. ASIA IGNACIANA,02,21,verde,1,125,224,55.8,26,9,0,0,0,47,0,0,125,0,0,0,0
p0639,I.E. ASIA IGNACIANA,02,22,verde,1,122,241,50.62,29,9,0,0,0,73,0,0,122,0,0,0,0
p0639,I.E. ASIA IGNACIANA,02,23,amarillo,2,55,141,39.01,6,16,0,0,0,62,0,0,55,0,0,0,0
p0639,I.E. ASIA IGNACIANA,02,24,amarillo,2,44,174,25.29,6,28,0,0,0,94,0,0,44,0,0,0,0
p0639,I.E. ASIA IGNACIANA,02,25,amarillo,2,33,157,21.02,5,23,0,0,0,95,0,0,33,0,0,0,0
p0639,I.E. ASIA IGNACIANA,02,26,amarillo,2,44,160,27.5,7,21,0,0,0,86,0,0,44,0,0,0,0
p0639,I.E. ASIA IGNACIANA,02,27,verde,1,61,126,48.41,0,8,0,0,0,51,4,0,61,0,0,0,0
p0639,I.E. ASIA IGNACIANA,02,28,verde,1,77,168,45.83,10,19,0,0,0,55,0,0,77,0,0,0,0
p0639,I.E. ASIA IGNACIANA,02,29,amarillo,2,44,162,27.16,7,33,0,0,0,75,0,0,44,0,0,0,0
p0639,I.E. ASIA IGNACIANA,02,30,verde,1,105,259,40.54,16,27,0,0,0,102,0,0,105,0,0,0,0
p0639,I.E. ASIA IGNACIANA,02,31,amarillo,2,36,157,22.93,5,35,0,0,0,76,0,0,36,0,0,0,0
p0639,I.E. ASIA IGNACIANA,02,32,amarillo,2,70,184,38.04,12,19,0,0,0,80,0,0,70,0,0,0,0
p0639,I.E. ASIA IGNACIANA,02,33,verde,1,96,232,41.38,12,24,0,0,0,93,0,0,96,0,0,0,0
p0639,I.E. ASIA IGNACIANA,02,34,verde,1,88,208,42.31,7,28,0,0,0,83,0,0,88,0,0,0,0
p0639,I.E. ASIA IGNACIANA,02,35,amarillo,2,48,152,31.58,8,17,0,0,0,78,0,0,48,0,0,0,0
p0639,I.E. ASIA IGNACIANA,02,36,verde,1,71,146,48.63,0,10,0,0,0,59,4,0,71,0,0,0,0
p0639,I.E. ASIA IGNACIANA,02,37,verde,1,79,159,49.69,8,19,0,0,0,51,0,0,79,0,0,0,0
p0639,I.E. ASIA IGNACIANA,02,38,amarillo,2,50,144,34.72,9,21,0,0,0,62,0,0,50,0,0,0,0
p0639,I.E. ASIA IGNACIANA,02,39,amarillo,2,69,200,34.5,9,23,0,0,0,94,0,0,69,0,0,0,0
p0639,I.E. ASIA IGNACIANA,02,40,amarillo,2,69,197,35.03,5,30,0,0,0,90,0,0,69,0,0,0,0
p0639,I.E. ASIA IGNACIANA,02,41,amarillo,2,8,36,22.22,2,6,0,0,0,19,0,0,8,0,0,0,0
p0640,I.E. BARRIO SANTA CRUZ,02,1,verde,1,114,187,60.96,20,12,0,0,0,33,0,0,114,0,0,0,0
p0640,I.E. BARRIO SANTA CRUZ,02,2,verde,1,110,196,56.12,19,9,0,0,0,56,0,0,110,0,0,0,0
p0640,I.E. BARRIO SANTA CRUZ,02,3,verde,1,116,186,62.37,20,13,0,0,0,36,0,0,116,0,0,0,0
p0640,I.E. BARRIO SANTA CRUZ,02,4,verde,1,115,203,56.65,26,15,0,0,0,45,0,0,115,0,0,0,0
p0640,I.E. BARRIO SANTA CRUZ,02,5,verde,1,131,216,60.65,19,20,0,0,0,38,0,0,131,0,0,0,0
p0640,I.E. BARRIO SANTA CRUZ,02,6,verde,1,124,207,59.9,16,20,0,0,0,42,0,0,124,0,0,0,0
p0640,I.E. BARRIO SANTA CRUZ,02,7,verde,1,142,246,57.72,22,19,0,0,0,51,0,0,142,0,0,0,0
p0640,I.E. BARRIO SANTA CRUZ,02,8,verde,1,114,211,54.03,21,16,0,0,0,54,0,0,114,0,0,0,0
p0640,I.E. BARRIO SANTA CRUZ,02,9,verde,1,119,223,53.36,15,16,0,0,0,64,0,0,119,0,0,0,0
p0640,I.E. BARRIO SANTA CRUZ,02,10,verde,1,136,216,62.96,18,14,0,0,0,44,0,0,136,0,0,0,0
p0640,I.E. BARRIO SANTA CRUZ,02,11,verde,1,145,238,60.92,25,8,0,0,0,50,0,0,145,0,0,0,0
p0640,I.E. BARRIO SANTA CRUZ,02,12,verde,1,130,224,58.04,24,11,0,0,0,52,0,0,130,0,0,0,0
p0640,I.E. BARRIO SANTA CRUZ,02,13,verde,1,69,163,42.33,10,14,0,0,0,69,0,0,69,0,0,0,0
p0640,I.E. BARRIO SANTA CRUZ,02,14,amarillo,2,36,153,23.53,3,16,0,0,0,94,0,0,36,0,0,0,0
p0640,I.E. BARRIO SANTA CRUZ,02,15,amarillo,2,45,155,29.03,4,9,0,0,0,94,0,0,45,0,0,0,0
p0640,I.E. BARRIO SANTA CRUZ,02,16,amarillo,2,37,145,25.52,3,20,0,0,0,83,0,0,37,0,0,0,0
p0640,I.E. BARRIO SANTA CRUZ,02,17,amarillo,2,36,136,26.47,3,24,0,0,0,71,0,0,36,0,0,0,0
p0640,I.E. BARRIO SANTA CRUZ,02,18,verde,1,91,189,48.15,11,22,0,0,0,58,0,0,91,0,0,0,0
p0640,I.E. BARRIO SANTA CRUZ,02,19,amarillo,2,55,166,33.13,4,20,0,0,0,84,0,0,55,0,0,0,0
p0640,I.E. BARRIO SANTA CRUZ,02,20,amarillo,2,37,125,29.6,3,21,0,0,0,64,0,0,37,0,0,0,0
p0640,I.E. BARRIO SANTA CRUZ,02,21,amarillo,2,62,169,36.69,6,26,0,0,0,75,0,0,62,0,0,0,0
p0640,I.E. BARRIO SANTA CRUZ,02,22,amarillo,2,33,142,23.24,0,28,0,0,0,78,2,0,33,0,0,0,0
p0640,I.E. BARRIO SANTA CRUZ,02,23,amarillo,2,44,154,28.57,0,21,0,0,0,85,3,0,44,0,0,0,0
p0640,I.E. BARRIO SANTA CRUZ,02,24,verde,1,93,210,44.29,10,22,0,0,0,79,0,0,93,0,0,0,0
p0640,I.E. BARRIO SANTA CRUZ,02,25,verde,1,76,186,40.86,8,27,0,0,0,71,0,0,76,0,0,0,0
p0640,I.E. BARRIO SANTA CRUZ,02,26,amarillo,2,39,151,25.83,3,13,0,0,0,95,0,0,39,0,0,0,0
p0640,I.E. BARRIO SANTA CRUZ,02,27,amarillo,2,47,151,31.13,1,10,0,0,0,92,0,0,47,0,0,0,0
p0640,I.E. BARRIO SANTA CRUZ,02,28,verde,1,76,174,43.68,12,20,0,0,0,61,0,0,76,0,0,0,0
p0640,I.E. BARRIO SANTA CRUZ,02,29,amarillo,2,61,154,39.61,4,19,0,0,0,66,0,0,61,0,0,0,0
p0640,I.E. BARRIO SANTA CRUZ,02,30,verde,1,73,160,45.62,5,18,0,0,0,59,0,0,73,0,0,0,0
p0640,I.E. BARRIO SANTA CRUZ,02,31,amarillo,2,52,166,31.33,4,22,0,0,0,85,0,0,52,0,0,0,0
p0640,I.E. BARRIO SANTA CRUZ,02,32,verde,1,7,15,46.67,1,2,0,0,0,5,0,0,7,0,0,0,0
p0641,I.E.BENJAMIN HERRERA,15,1,verde,1,179,260,68.85,34,12,0,0,0,30,0,0,179,0,0,0,0
p0641,I.E.BENJAMIN HERRERA,15,2,verde,1,186,281,66.19,33,9,0,0,0,48,0,0,186,0,0,0,0
p0641,I.E.BENJAMIN HERRERA,15,3,verde,1,182,251,72.51,28,16,0,0,0,24,0,0,182,0,0,0,0
p0641,I.E.BENJAMIN HERRERA,15,4,verde,1,196,269,72.86,29,13,0,0,0,24,0,0,196,0,0,0,0
p0641,I.E.BENJAMIN HERRERA,15,5,verde,1,222,284,78.17,34,6,0,0,0,19,0,0,222,0,0,0,0
p0641,I.E.BENJAMIN HERRERA,15,6,verde,1,202,278,72.66,19,15,0,0,0,37,0,0,202,0,0,0,0
p0641,I.E.BENJAMIN HERRERA,15,7,verde,1,208,284,73.24,30,13,0,0,0,31,0,0,208,0,0,0,0
p0641,I.E.BENJAMIN HERRERA,15,8,verde,1,205,287,71.43,22,18,0,0,0,41,0,0,205,0,0,0,0
p0641,I.E.BENJAMIN HERRERA,15,9,verde,1,212,286,74.13,23,16,0,0,0,34,0,0,212,0,0,0,0
p0641,I.E.BENJAMIN HERRERA,15,10,verde,1,205,289,70.93,30,15,0,0,0,36,0,0,205,0,0,0,0
p0641,I.E.BENJAMIN HERRERA,15,11,verde,1,206,280,73.57,19,7,0,0,0,47,0,0,206,0,0,0,0
p0641,I.E.BENJAMIN HERRERA,15,12,verde,1,207,292,70.89,25,15,0,0,0,43,0,0,207,0,0,0,0
p0641,I.E.BENJAMIN HERRERA,15,13,verde,1,196,275,71.27,21,9,0,0,0,44,0,0,196,0,0,0,0
p0641,I.E.BENJAMIN HERRERA,15,14,verde,1,154,269,57.25,16,34,0,0,0,63,0,0,154,0,0,0,0
p0641,I.E.BENJAMIN HERRERA,15,15,verde,1,83,222,37.39,11,47,0,0,0,76,0,0,83,0,0,0,0
p0641,I.E.BENJAMIN HERRERA,15,16,verde,1,110,221,49.77,16,39,0,0,0,53,0,0,110,0,0,0,0
p0641,I.E.BENJAMIN HERRERA,15,17,verde,1,94,230,40.87,9,52,0,0,0,70,0,0,94,0,0,0,0
p0641,I.E.BENJAMIN HERRERA,15,18,verde,1,142,284,50.0,23,32,0,0,0,86,0,0,142,0,0,0,0
p0641,I.E.BENJAMIN HERRERA,15,19,verde,1,115,270,42.59,19,45,0,0,0,91,0,0,115,0,0,0,0
p0641,I.E.BENJAMIN HERRERA,15,20,verde,1,113,237,47.68,19,42,0,0,0,55,0,0,113,0,0,0,0
p0641,I.E.BENJAMIN HERRERA,15,21,verde,1,133,244,54.51,13,37,0,0,0,59,0,0,133,0,0,0,0
p0641,I.E.BENJAMIN HERRERA,15,22,verde,1,111,226,49.12,17,38,0,0,0,59,0,0,111,0,0,0,0
p0641,I.E.BENJAMIN HERRERA,15,23,verde,1,36,85,42.35,4,11,0,0,0,34,0,0,36,0,0,0,0
p0642,I.E. BLANQUIZAL,13,1,verde,1,123,226,54.42,20,2,0,0,0,75,0,0,123,0,0,0,0
p0642,I.E. BLANQUIZAL,13,2,verde,1,129,206,62.62,24,6,0,0,0,43,0,0,129,0,0,0,0
p0642,I.E. BLANQUIZAL,13,3,verde,1,134,238,56.3,21,9,0,0,0,70,0,0,134,0,0,0,0
p0642,I.E. BLANQUIZAL,13,4,verde,1,122,225,54.22,38,13,0,0,0,46,0,0,122,0,0,0,0
p0642,I.E. BLANQUIZAL,13,5,verde,1,112,233,48.07,27,20,0,0,0,67,0,0,112,0,0,0,0
p0642,I.E. BLANQUIZAL,13,6,verde,1,117,245,47.76,26,12,0,0,0,83,0,0,117,0,0,0,0
p0642,I.E. BLANQUIZAL,13,7,amarillo,2,38,147,25.85,8,17,0,0,0,81,0,0,38,0,0,0,0
p0642,I.E. BLANQUIZAL,13,8,amarillo,2,45,140,32.14,5,12,0,0,0,74,0,0,45,0,0,0,0
p0642,I.E. BLANQUIZAL,13,9,amarillo,2,41,152,26.97,5,14,0,0,0,89,0,0,41,0,0,0,0
p0642,I.E. BLANQUIZAL,13,10,amarillo,2,63,159,39.62,9,8,0,0,0,76,0,0,63,0,0,0,0
p0642,I.E. BLANQUIZAL,13,11,amarillo,2,47,148,31.76,8,15,0,0,0,73,0,0,47,0,0,0,0
p0642,I.E. BLANQUIZAL,13,12,amarillo,2,43,148,29.05,5,19,0,0,0,77,0,0,43,0,0,0,0
p0642,I.E. BLANQUIZAL,13,13,amarillo,2,75,195,38.46,8,16,0,0,0,91,0,0,75,0,0,0,0
p0642,I.E. BLANQUIZAL,13,14,amarillo,2,68,188,36.17,10,7,0,0,0,97,0,0,68,0,0,0,0
p0642,I.E. BLANQUIZAL,13,15,amarillo,2,73,200,36.5,6,5,0,0,0,113,0,0,73,0,0,0,0
p0642,I.E. BLANQUIZAL,13,16,verde,1,90,195,46.15,9,15,0,0,0,79,0,0,90,0,0,0,0
p0642,I.E. BLANQUIZAL,13,17,amarillo,2,55,172,31.98,13,22,0,0,0,79,0,0,55,0,0,0,0
p0642,I.E. BLANQUIZAL,13,18,amarillo,2,52,153,33.99,0,13,0,0,0,76,6,0,52,0,0,0,0
p0642,I.E. BLANQUIZAL,13,19,amarillo,2,51,145,35.17,8,18,0,0,0,65,0,0,51,0,0,0,0
p0642,I.E. BLANQUIZAL,13,20,amarillo,2,32,112,28.57,6,13,0,0,0,60,0,0,32,0,0,0,0
p0643,I.E. CAMILO C. RESTREPO,15,1,verde,1,138,212,65.09,35,7,0,0,0,30,0,0,138,0,0,0,0
p0643,I.E. CAMILO C. RESTREPO,15,2,verde,1,150,212,70.75,18,8,0,0,0,33,0,0,150,0,0,0,0
p0643,I.E. CAMILO C. RESTREPO,15,3,verde,1,159,242,65.7,30,18,0,0,0,32,0,0,159,0,0,0,0
p0643,I.E. CAMILO C. RESTREPO,15,4,verde,1,157,226,69.47,30,12,0,0,0,22,0,0,157,0,0,0,0
p0643,I.E. CAMILO C. RESTREPO,15,5,verde,1,172,247,69.64,32,17,0,0,0,21,0,0,172,0,0,0,0
p0643,I.E. CAMILO C. RESTREPO,15,6,verde,1,186,247,75.3,28,10,0,0,0,20,0,0,186,0,0,0,0
p0643,I.E. CAMILO C. RESTREPO,15,7,verde,1,151,227,66.52,31,15,0,0,0,27,0,0,151,0,0,0,0
p0643,I.E. CAMILO C. RESTREPO,15,8,verde,1,159,239,66.53,28,16,0,0,0,33,0,0,159,0,0,0,0
p0643,I.E. CAMILO C. RESTREPO,15,9,verde,1,152,229,66.38,23,15,0,0,0,37,0,0,152,0,0,0,0
p0643,I.E. CAMILO C. RESTREPO,15,10,verde,1,148,235,62.98,32,10,0,0,0,43,0,0,148,0,0,0,0
p0643,I.E. CAMILO C. RESTREPO,15,11,verde,1,166,241,68.88,33,11,0,0,0,28,0,0,166,0,0,0,0
p0643,I.E. CAMILO C. RESTREPO,15,12,verde,1,176,261,67.43,20,11,0,0,0,50,0,0,176,0,0,0,0
p0643,I.E. CAMILO C. RESTREPO,15,13,verde,1,121,214,56.54,16,17,0,0,0,57,0,0,121,0,0,0,0
p0643,I.E. CAMILO C. RESTREPO,15,14,amarillo,2,56,183,30.6,7,35,0,0,0,78,0,0,56,0,0,0,0
p0643,I.E. CAMILO C. RESTREPO,15,15,verde,1,94,180,52.22,7,25,0,0,0,53,0,0,94,0,0,0,0
p0643,I.E. CAMILO C. RESTREPO,15,16,verde,1,84,182,46.15,9,36,0,0,0,53,0,0,84,0,0,0,0
p0643,I.E. CAMILO C. RESTREPO,15,17,verde,1,121,236,51.27,14,24,0,0,0,74,0,0,121,0,0,0,0
p0643,I.E. CAMILO C. RESTREPO,15,18,verde,1,95,207,45.89,15,14,0,0,0,79,0,0,95,0,0,0,0
p0643,I.E. CAMILO C. RESTREPO,15,19,verde,1,116,200,58.0,12,20,0,0,0,49,0,0,116,0,0,0,0
p0643,I.E. CAMILO C. RESTREPO,15,20,verde,1,95,185,51.35,8,21,0,0,0,59,0,0,95,0,0,0,0
p0643,I.E. CAMILO C. RESTREPO,15,21,verde,1,82,172,47.67,7,36,0,0,0,46,0,0,82,0,0,0,0
p0644,I.E.CAMILO MORA CARRASQUILLA,07,1,verde,1,164,270,60.74,32,9,0,0,0,59,0,0,164,0,0,0,0
p0644,I.E.CAMILO MORA CARRASQUILLA,07,2,verde,1,175,272,64.34,24,16,0,0,0,52,0,0,175,0,0,0,0
p0644,I.E.CAMILO MORA CARRASQUILLA,07,3,verde,1,163,283,57.6,36,20,0,0,0,54,0,0,163,0,0,0,0
p0644,I.E.CAMILO MORA CARRASQUILLA,07,4,verde,1,101,204,49.51,14,18,0,0,0,66,0,0,101,0,0,0,0
p0644,I.E.CAMILO MORA CARRASQUILLA,07,5,amarillo,2,49,179,27.37,5,31,0,0,0,93,0,0,49,0,0,0,0
p0644,I.E.CAMILO MORA CARRASQUILLA,07,6,amarillo,2,68,188,36.17,5,23,0,0,0,88,0,0,68,0,0,0,0
p0644,I.E.CAMILO MORA CARRASQUILLA,07,7,amarillo,2,51,150,34.0,7,26,0,0,0,62,0,0,51,0,0,0,0
p0644,I.E.CAMILO MORA CARRASQUILLA,07,8,verde,1,79,192,41.15,6,26,0,0,0,77,0,0,79,0,0,0,0
p0644,I.E.CAMILO MORA CARRASQUILLA,07,9,amarillo,2,70,198,35.35,7,24,0,0,0,94,0,0,70,0,0,0,0
p0644,I.E.CAMILO MORA CARRASQUILLA,07,10,amarillo,2,80,210,38.1,6,23,0,0,0,96,0,0,80,0,0,0,0
p0644,I.E.CAMILO MORA CARRASQUILLA,07,11,verde,1,76,181,41.99,7,25,0,0,0,70,0,0,76,0,0,0,0
p0644,I.E.CAMILO MORA CARRASQUILLA,07,12,amarillo,2,14,42,33.33,0,8,0,0,0,20,0,0,14,0,0,0,0
p0645,I.E. CAMPO VALDES,04,1,verde,1,155,249,62.25,42,4,0,0,0,45,0,0,155,0,0,0,0
p0645,I.E. CAMPO VALDES,04,2,verde,1,143,240,59.58,27,8,0,0,0,60,0,0,143,0,0,0,0
p0645,I.E. CAMPO VALDES,04,3,verde,1,163,240,67.92,20,13,0,0,0,41,0,0,163,0,0,0,0
p0645,I.E. CAMPO VALDES,04,4,verde,1,153,250,61.2,28,18,0,0,0,47,0,0,153,0,0,0,0
p0645,I.E. CAMPO VALDES,04,5,verde,1,178,263,67.68,20,13,0,0,0,45,0,0,178,0,0,0,0
p0645,I.E. CAMPO VALDES,04,6,verde,1,164,239,68.62,23,12,0,0,0,36,0,0,164,0,0,0,0
p0645,I.E. CAMPO VALDES,04,7,verde,1,168,270,62.22,26,27,0,0,0,44,0,0,168,0,0,0,0
p0645,I.E. CAMPO VALDES,04,8,verde,1,172,262,65.65,25,23,0,0,0,41,0,0,172,0,0,0,0
p0645,I.E. CAMPO VALDES,04,9,verde,1,178,269,66.17,22,18,0,0,0,45,0,0,178,0,0,0,0
p0645,I.E. CAMPO VALDES,04,10,verde,1,158,268,58.96,26,29,0,0,0,48,0,0,158,0,0,0,0
p0645,I.E. CAMPO VALDES,04,11,verde,1,162,263,61.6,25,13,0,0,0,58,0,0,162,0,0,0,0
p0645,I.E. CAMPO VALDES,04,12,verde,1,160,268,59.7,24,9,0,0,0,67,0,0,160,0,0,0,0
p0645,I.E. CAMPO VALDES,04,13,verde,1,169,258,65.5,25,8,0,0,0,55,0,0,169,0,0,0,0
p0645,I.E. CAMPO VALDES,04,14,verde,1,175,260,67.31,19,10,0,0,0,55,0,0,175,0,0,0,0
p0645,I.E. CAMPO VALDES,04,15,verde,1,143,244,58.61,19,18,0,0,0,60,0,0,143,0,0,0,0
p0645,I.E. CAMPO VALDES,04,16,amarillo,2,59,189,31.22,6,34,0,0,0,88,0,0,59,0,0,0,0
p0645,I.E. CAMPO VALDES,04,17,amarillo,2,65,195,33.33,4,32,0,0,0,92,0,0,65,0,0,0,0
p0645,I.E. CAMPO VALDES,04,18,rojo,3,38,186,20.43,6,40,0,0,0,101,0,0,38,0,0,0,0
p0645,I.E. CAMPO VALDES,04,19,amarillo,2,54,164,32.93,4,27,0,0,0,76,0,0,54,0,0,0,0
p0645,I.E. CAMPO VALDES,04,20,amarillo,2,76,193,39.38,12,21,0,0,0,79,0,0,76,0,0,0,0
p0645,I.E. CAMPO VALDES,04,21,verde,1,80,193,41.45,9,32,0,0,0,69,0,0,80,0,0,0,0
p0645,I.E. CAMPO VALDES,04,22,amarillo,2,54,177,30.51,5,34,0,0,0,81,0,0,54,0,0,0,0
p0645,I.E. CAMPO VALDES,04,23,amarillo,2,72,202,35.64,7,37,0,0,0,84,0,0,72,0,0,0,0
p0645,I.E. CAMPO VALDES,04,24,verde,1,58,101,57.43,4,31,0,0,0,8,0,0,58,0,0,0,0
p0645,I.E. CAMPO VALDES,04,25,amarillo,2,71,196,36.22,6,35,0,0,0,80,0,0,71,0,0,0,0
p0645,I.E. CAMPO VALDES,04,26,verde,1,87,218,39.91,13,32,0,0,0,84,0,0,87,0,0,0,0
p0645,I.E. CAMPO VALDES,04,27,rojo,3,13,142,9.15,7,33,0,0,0,86,0,0,13,0,0,0,0
p0645,I.E. CAMPO VALDES,04,28,verde,1,98,227,43.17,12,26,0,0,0,84,0,0,98,0,0,0,0
p0645,I.E. CAMPO VALDES,04,29,amarillo,2,74,212,34.91,0,16,0,0,0,118,3,0,74,0,0,0,0
p0645,I.E. CAMPO VALDES,04,30,verde,1,87,197,44.16,6,18,0,0,0,81,0,0,87,0,0,0,0
p0645,I.E. CAMPO VALDES,04,31,verde,1,100,208,48.08,8,26,0,0,0,72,0,0,100,0,0,0,0
p0645,I.E. CAMPO VALDES,04,32,verde,1,80,187,42.78,5,26,0,0,0,73,0,0,80,0,0,0,0
p0645,I.E. CAMPO VALDES,04,33,amarillo,2,83,201,41.29,7,24,0,0,0,86,0,0,83,0,0,0,0
p0645,I.E. CAMPO VALDES,04,34,verde,1,90,215,41.86,9,31,0,0,0,82,0,0,90,0,0,0,0
p0645,I.E. CAMPO VALDES,04,35,amarillo,2,39,128,30.47,4,20,0,0,0,62,0,0,39,0,0,0,0
p0646,I.E. CAPILLA DEL ROSARIO,16,1,verde,1,212,300,70.67,24,9,0,0,0,52,0,0,212,0,0,0,0
p0646,I.E. CAPILLA DEL ROSARIO,16,2,verde,1,212,300,70.67,30,20,0,0,0,33,0,0,212,0,0,0,0
p0646,I.E. CAPILLA DEL ROSARIO,16,3,verde,1,221,308,71.75,33,20,0,0,0,33,0,0,221,0,0,0,0
p0646,I.E. CAPILLA DEL ROSARIO,16,4,verde,1,207,313,66.13,31,29,0,0,0,44,0,0,207,0,0,0,0
p0646,I.E. CAPILLA DEL ROSARIO,16,5,verde,1,203,305,66.56,25,18,0,0,0,56,0,0,203,0,0,0,0
p0646,I.E. CAPILLA DEL ROSARIO,16,6,verde,1,213,324,65.74,23,17,0,0,0,67,0,0,213,0,0,0,0
p0646,I.E. CAPILLA DEL ROSARIO,16,7,verde,1,93,236,39.41,11,50,0,0,0,80,0,0,93,0,0,0,0
p0646,I.E. CAPILLA DEL ROSARIO,16,8,verde,1,112,264,42.42,14,52,0,0,0,80,0,0,112,0,0,0,0
p0646,I.E. CAPILLA DEL ROSARIO,16,9,verde,1,100,234,42.74,14,52,0,0,0,63,0,0,100,0,0,0,0
p0646,I.E. CAPILLA DEL ROSARIO,16,10,verde,1,140,273,51.28,20,46,0,0,0,64,0,0,140,0,0,0,0
p0646,I.E. CAPILLA DEL ROSARIO,16,11,verde,1,115,269,42.75,17,43,0,0,0,91,0,0,115,0,0,0,0
p0646,I.E. CAPILLA DEL ROSARIO,16,12,verde,1,132,275,48.0,20,56,0,0,0,61,0,0,132,0,0,0,0
p0646,I.E. CAPILLA DEL ROSARIO,16,13,verde,1,86,184,46.74,12,29,0,0,0,57,0,0,86,0,0,0,0
p0647,I.E. CARLOS VIECO ORTIZ,13,1,verde,1,178,274,64.96,25,9,0,0,0,56,0,0,178,0,0,0,0
p0647,I.E. CARLOS VIECO ORTIZ,13,2,verde,1,152,262,58.02,33,15,0,0,0,54,0,0,152,0,0,0,0
p0647,I.E. CARLOS VIECO ORTIZ,13,3,verde,1,154,256,60.16,34,21,0,0,0,43,0,0,154,0,0,0,0
p0647,I.E. CARLOS VIECO ORTIZ,13,4,verde,1,175,266,65.79,21,19,0,0,0,46,0,0,175,0,0,0,0
p0647,I.E. CARLOS VIECO ORTIZ,13,5,verde,1,180,281,64.06,33,20,0,0,0,44,0,0,180,0,0,0,0
p0647,I.E. CARLOS VIECO ORTIZ,13,6,verde,1,185,271,68.27,27,9,0,0,0,42,0,0,185,0,0,0,0
p0647,I.E. CARLOS VIECO ORTIZ,13,7,amarillo,2,79,195,40.51,9,21,0,0,0,86,0,0,79,0,0,0,0
p0647,I.E. CARLOS VIECO ORTIZ,13,8,amarillo,2,53,175,30.29,7,27,0,0,0,87,0,0,53,0,0,0,0
p0647,I.E. CARLOS VIECO ORTIZ,13,9,amarillo,2,68,193,35.23,6,36,0,0,0,82,0,0,68,0,0,0,0
p0647,I.E. CARLOS VIECO ORTIZ,13,10,amarillo,2,57,174,32.76,4,33,0,0,0,77,0,0,57,0,0,0,0
p0647,I.E. CARLOS VIECO ORTIZ,13,11,amarillo,2,62,187,33.16,6,32,0,0,0,85,0,0,62,0,0,0,0
p0647,I.E. CARLOS VIECO ORTIZ,13,12,amarillo,2,68,205,33.17,7,33,0,0,0,93,0,0,68,0,0,0,0
p0647,I.E. CARLOS VIECO ORTIZ,13,13,amarillo,2,80,203,39.41,4,34,0,0,0,81,0,0,80,0,0,0,0
p0647,I.E. CARLOS VIECO ORTIZ,13,14,verde,1,91,212,42.92,8,33,0,0,0,77,0,0,91,0,0,0,0
p0647,I.E. CARLOS VIECO ORTIZ,13,15,verde,1,97,226,42.92,14,26,0,0,0,86,0,0,97,0,0,0,0
p0647,I.E. CARLOS VIECO ORTIZ,13,16,amarillo,2,68,180,37.78,10,11,0,0,0,87,0,0,68,0,0,0,0
p0647,I.E. CARLOS VIECO ORTIZ,13,17,verde,1,116,238,48.74,10,32,0,0,0,78,0,0,116,0,0,0,0
p0647,I.E. CARLOS VIECO ORTIZ,13,18,amarillo,2,71,206,34.47,7,37,0,0,0,89,0,0,71,0,0,0,0
p0647,I.E. CARLOS VIECO ORTIZ,13,19,amarillo,2,46,138,33.33,7,19,0,0,0,61,0,0,46,0,0,0,0
p0648,"I.E. CENTRO FORMATIVO DE ANTIOQUIA -
CEFA",10,1,verde,1,87,178,48.88,33,5,0,0,0,51,0,0,87,0,0,0,0
p0648,"I.E. CENTRO FORMATIVO DE ANTIOQUIA -
CEFA",10,2,verde,1,147,235,62.55,30,5,0,0,0,50,0,0,147,0,0,0,0
p0648,"I.E. CENTRO FORMATIVO DE ANTIOQUIA -
CEFA",10,3,verde,1,122,222,54.95,26,6,0,0,0,65,0,0,122,0,0,0,0
p0648,"I.E. CENTRO FORMATIVO DE ANTIOQUIA -
CEFA",10,4,verde,1,119,229,51.97,51,11,0,0,0,45,0,0,119,0,0,0,0
p0648,"I.E. CENTRO FORMATIVO DE ANTIOQUIA -
CEFA",10,5,verde,1,146,272,53.68,38,5,0,0,0,83,0,0,146,0,0,0,0
p0648,"I.E. CENTRO FORMATIVO DE ANTIOQUIA -
CEFA",10,6,verde,1,122,254,48.03,14,5,0,0,0,111,0,0,122,0,0,0,0
p0648,"I.E. CENTRO FORMATIVO DE ANTIOQUIA -
CEFA",10,7,verde,1,141,251,56.18,27,8,0,0,0,70,0,0,141,0,0,0,0
p0648,"I.E. CENTRO FORMATIVO DE ANTIOQUIA -
CEFA",10,8,verde,1,117,204,57.35,25,6,0,0,0,54,0,0,117,0,0,0,0
p0648,"I.E. CENTRO FORMATIVO DE ANTIOQUIA -
CEFA",10,9,verde,1,136,208,65.38,36,11,0,0,0,23,0,0,136,0,0,0,0
p0648,"I.E. CENTRO FORMATIVO DE ANTIOQUIA -
CEFA",10,10,verde,1,164,245,66.94,36,9,0,0,0,32,0,0,164,0,0,0,0
p0648,"I.E. CENTRO FORMATIVO DE ANTIOQUIA -
CEFA",10,11,verde,1,143,224,63.84,28,13,0,0,0,37,0,0,143,0,0,0,0
p0648,"I.E. CENTRO FORMATIVO DE ANTIOQUIA -
CEFA",10,12,verde,1,120,229,52.4,25,11,0,0,0,66,0,0,120,0,0,0,0
p0648,"I.E. CENTRO FORMATIVO DE ANTIOQUIA -
CEFA",10,13,verde,1,149,239,62.34,15,8,0,0,0,61,0,0,149,0,0,0,0
p0648,"I.E. CENTRO FORMATIVO DE ANTIOQUIA -
CEFA",10,14,verde,1,145,225,64.44,38,13,0,0,0,25,0,0,145,0,0,0,0
p0648,"I.E. CENTRO FORMATIVO DE ANTIOQUIA -
CEFA",10,15,verde,1,162,243,66.67,38,12,0,0,0,26,0,0,162,0,0,0,0
p0648,"I.E. CENTRO FORMATIVO DE ANTIOQUIA -
CEFA",10,16,verde,1,120,235,51.06,27,13,0,0,0,71,0,0,120,0,0,0,0
p0648,"I.E. CENTRO FORMATIVO DE ANTIOQUIA -
CEFA",10,17,verde,1,152,245,62.04,27,11,0,0,0,50,0,0,152,0,0,0,0
p0648,"I.E. CENTRO FORMATIVO DE ANTIOQUIA -
CEFA",10,18,verde,1,160,251,63.75,23,11,0,0,0,54,0,0,160,0,0,0,0
p0648,"I.E. CENTRO FORMATIVO DE ANTIOQUIA -
CEFA",10,19,verde,1,179,262,68.32,32,6,0,0,0,43,0,0,179,0,0,0,0
p0648,"I.E. CENTRO FORMATIVO DE ANTIOQUIA -
CEFA",10,20,verde,1,171,264,64.77,31,16,0,0,0,45,0,0,171,0,0,0,0
p0648,"I.E. CENTRO FORMATIVO DE ANTIOQUIA -
CEFA",10,21,verde,1,151,245,61.63,14,20,0,0,0,55,0,0,151,0,0,0,0
p0648,"I.E. CENTRO FORMATIVO DE ANTIOQUIA -
CEFA",10,22,verde,1,162,253,64.03,26,14,0,0,0,44,0,0,162,0,0,0,0
p0648,"I.E. CENTRO FORMATIVO DE ANTIOQUIA -
CEFA",10,23,verde,1,154,251,61.35,32,11,0,0,0,53,0,0,154,0,0,0,0
p0648,"I.E. CENTRO FORMATIVO DE ANTIOQUIA -
CEFA",10,24,verde,1,135,243,55.56,31,21,0,0,0,51,0,0,135,0,0,0,0
p0648,"I.E. CENTRO FORMATIVO DE ANTIOQUIA -
CEFA",10,25,verde,1,139,234,59.4,20,22,0,0,0,50,0,0,139,0,0,0,0
p0648,"I.E. CENTRO FORMATIVO DE ANTIOQUIA -
CEFA",10,26,verde,1,143,236,60.59,21,19,0,0,0,52,0,0,143,0,0,0,0
p0648,"I.E. CENTRO FORMATIVO DE ANTIOQUIA -
CEFA",10,27,verde,1,147,258,56.98,25,10,0,0,0,74,0,0,147,0,0,0,0
p0648,"I.E. CENTRO FORMATIVO DE ANTIOQUIA -
CEFA",10,28,verde,1,169,268,63.06,20,8,0,0,0,69,0,0,169,0,0,0,0
p0648,"I.E. CENTRO FORMATIVO DE ANTIOQUIA -
CEFA",10,29,verde,1,179,288,62.15,31,9,0,0,0,65,0,0,179,0,0,0,0
p0648,"I.E. CENTRO FORMATIVO DE ANTIOQUIA -
CEFA",10,30,verde,1,151,285,52.98,27,15,0,0,0,88,0,0,151,0,0,0,0
p0648,"I.E. CENTRO FORMATIVO DE ANTIOQUIA -
CEFA",10,31,verde,1,104,232,44.83,12,38,0,0,0,75,0,0,104,0,0,0,0
p0648,"I.E. CENTRO FORMATIVO DE ANTIOQUIA -
CEFA",10,32,amarillo,2,56,223,25.11,11,54,0,0,0,99,0,0,56,0,0,0,0
p0648,"I.E. CENTRO FORMATIVO DE ANTIOQUIA -
CEFA",10,33,amarillo,2,64,203,31.53,6,25,0,0,0,105,0,0,64,0,0,0,0
p0648,"I.E. CENTRO FORMATIVO DE ANTIOQUIA -
CEFA",10,34,amarillo,2,59,194,30.41,13,29,0,0,0,88,0,0,59,0,0,0,0
p0648,"I.E. CENTRO FORMATIVO DE ANTIOQUIA -
CEFA",10,35,verde,1,81,198,40.91,15,25,0,0,0,72,0,0,81,0,0,0,0
p0648,"I.E. CENTRO FORMATIVO DE ANTIOQUIA -
CEFA",10,36,amarillo,2,53,209,25.36,21,42,0,0,0,91,0,0,53,0,0,0,0
p0648,"I.E. CENTRO FORMATIVO DE ANTIOQUIA -
CEFA",10,37,amarillo,2,71,199,35.68,5,41,0,0,0,81,0,0,71,0,0,0,0
p0648,"I.E. CENTRO FORMATIVO DE ANTIOQUIA -
CEFA",10,38,amarillo,2,70,226,30.97,13,35,0,0,0,107,0,0,70,0,0,0,0
p0648,"I.E. CENTRO FORMATIVO DE ANTIOQUIA -
CEFA",10,39,amarillo,2,62,207,29.95,10,37,0,0,0,97,0,0,62,0,0,0,0
p0648,"I.E. CENTRO FORMATIVO DE ANTIOQUIA -
CEFA",10,40,amarillo,2,92,260,35.38,21,36,0,0,0,110,0,0,92,0,0,0,0
p0648,"I.E. CENTRO FORMATIVO DE ANTIOQUIA -
CEFA",10,41,amarillo,2,102,255,40.0,7,36,0,0,0,108,0,0,102,0,0,0,0
p0648,"I.E. CENTRO FORMATIVO DE ANTIOQUIA -
CEFA",10,42,amarillo,2,74,220,33.64,8,24,0,0,0,108,0,0,74,0,0,0,0
p0648,"I.E. CENTRO FORMATIVO DE ANTIOQUIA -
CEFA",10,43,amarillo,2,62,224,27.68,16,10,0,0,0,135,0,0,62,0,0,0,0
p0648,"I.E. CENTRO FORMATIVO DE ANTIOQUIA -
CEFA",10,44,amarillo,2,77,206,37.38,18,21,0,0,0,88,0,0,77,0,0,0,0
p0648,"I.E. CENTRO FORMATIVO DE ANTIOQUIA -
CEFA",10,45,amarillo,2,87,236,36.86,21,26,0,0,0,100,0,0,87,0,0,0,0
p0648,"I.E. CENTRO FORMATIVO DE ANTIOQUIA -
CEFA",10,46,amarillo,2,72,194,37.11,16,30,0,0,0,73,0,0,72,0,0,0,0
p0649,I.E. CIUDADELA LAS AMERICAS,06,1,verde,1,123,217,56.68,48,6,0,0,0,38,0,0,123,0,0,0,0
p0649,I.E. CIUDADELA LAS AMERICAS,06,2,verde,1,130,216,60.19,24,8,0,0,0,52,0,0,130,0,0,0,0
p0649,I.E. CIUDADELA LAS AMERICAS,06,3,verde,1,134,216,62.04,25,17,0,0,0,38,0,0,134,0,0,0,0
p0649,I.E. CIUDADELA LAS AMERICAS,06,4,verde,1,145,240,60.42,28,18,0,0,0,45,0,0,145,0,0,0,0
p0649,I.E. CIUDADELA LAS AMERICAS,06,5,verde,1,141,226,62.39,25,11,0,0,0,40,0,0,141,0,0,0,0
p0649,I.E. CIUDADELA LAS AMERICAS,06,6,verde,1,149,231,64.5,23,17,0,0,0,33,0,0,149,0,0,0,0
p0649,I.E. CIUDADELA LAS AMERICAS,06,7,verde,1,147,245,60.0,27,26,0,0,0,39,0,0,147,0,0,0,0
p0649,I.E. CIUDADELA LAS AMERICAS,06,8,verde,1,154,237,64.98,18,15,0,0,0,50,0,0,154,0,0,0,0
p0649,I.E. CIUDADELA LAS AMERICAS,06,9,verde,1,143,249,57.43,31,16,0,0,0,53,0,0,143,0,0,0,0
p0649,I.E. CIUDADELA LAS AMERICAS,06,10,verde,1,147,240,61.25,23,19,0,0,0,46,0,0,147,0,0,0,0
p0649,I.E. CIUDADELA LAS AMERICAS,06,11,verde,1,153,242,63.22,21,19,0,0,0,46,0,0,153,0,0,0,0
p0649,I.E. CIUDADELA LAS AMERICAS,06,12,verde,1,140,254,55.12,23,26,0,0,0,63,0,0,140,0,0,0,0
p0649,I.E. CIUDADELA LAS AMERICAS,06,13,verde,1,173,247,70.04,26,9,0,0,0,35,0,0,173,0,0,0,0
p0649,I.E. CIUDADELA LAS AMERICAS,06,14,verde,1,154,229,67.25,20,12,0,0,0,39,0,0,154,0,0,0,0
p0649,I.E. CIUDADELA LAS AMERICAS,06,15,verde,1,148,224,66.07,19,13,0,0,0,39,0,0,148,0,0,0,0
p0649,I.E. CIUDADELA LAS AMERICAS,06,16,verde,1,162,258,62.79,23,4,0,0,0,64,0,0,162,0,0,0,0
p0649,I.E. CIUDADELA LAS AMERICAS,06,17,rojo,4,3,98,3.06,15,17,0,0,0,62,0,0,3,0,0,0,0
p0649,I.E. CIUDADELA LAS AMERICAS,06,18,amarillo,2,68,197,34.52,6,35,0,0,0,86,0,0,68,0,0,0,0
p0649,I.E. CIUDADELA LAS AMERICAS,06,19,amarillo,2,72,195,36.92,2,30,0,0,0,87,0,0,72,0,0,0,0
p0649,I.E. CIUDADELA LAS AMERICAS,06,20,amarillo,2,60,176,34.09,3,18,0,0,0,93,0,0,60,0,0,0,0
p0649,I.E. CIUDADELA LAS AMERICAS,06,21,verde,1,95,182,52.2,8,20,0,0,0,56,0,0,95,0,0,0,0
p0649,I.E. CIUDADELA LAS AMERICAS,06,22,verde,1,85,164,51.83,13,16,0,0,0,48,0,0,85,0,0,0,0
p0649,I.E. CIUDADELA LAS AMERICAS,06,23,amarillo,2,69,176,39.2,8,20,0,0,0,78,0,0,69,0,0,0,0
p0649,I.E. CIUDADELA LAS AMERICAS,06,24,verde,1,111,228,48.68,11,27,0,0,0,76,0,0,111,0,0,0,0
p0649,I.E. CIUDADELA LAS AMERICAS,06,25,amarillo,2,67,198,33.84,8,38,0,0,0,81,0,0,67,0,0,0,0
p0649,I.E. CIUDADELA LAS AMERICAS,06,26,amarillo,2,83,217,38.25,7,25,0,0,0,95,0,0,83,0,0,0,0
p0649,I.E. CIUDADELA LAS AMERICAS,06,27,verde,1,105,222,47.3,7,35,0,0,0,74,0,0,105,0,0,0,0
p0649,I.E. CIUDADELA LAS AMERICAS,06,28,amarillo,2,92,216,42.59,6,12,0,0,0,102,0,0,92,0,0,0,0
p0649,I.E. CIUDADELA LAS AMERICAS,06,29,verde,1,95,178,53.37,16,17,0,0,0,45,0,0,95,0,0,0,0
p0649,I.E. CIUDADELA LAS AMERICAS,06,30,verde,1,102,203,50.25,7,22,0,0,0,68,0,0,102,0,0,0,0
p0649,I.E. CIUDADELA LAS AMERICAS,06,31,amarillo,2,73,184,39.67,9,18,0,0,0,83,0,0,73,0,0,0,0
p0649,I.E. CIUDADELA LAS AMERICAS,06,32,verde,1,67,163,41.1,4,21,0,0,0,65,0,0,67,0,0,0,0
p0649,I.E. CIUDADELA LAS AMERICAS,06,33,amarillo,2,59,176,33.52,9,38,0,0,0,67,0,0,59,0,0,0,0
p0649,I.E. CIUDADELA LAS AMERICAS,06,34,verde,1,62,141,43.97,8,19,0,0,0,52,0,0,62,0,0,0,0
p0650,I.E. CONCEJO DE MEDELLIN,12,1,verde,1,169,241,70.12,36,6,0,0,0,28,0,0,169,0,0,0,0
p0650,I.E. CONCEJO DE MEDELLIN,12,2,verde,1,166,270,61.48,29,14,0,0,0,55,0,0,166,0,0,0,0
p0650,I.E. CONCEJO DE MEDELLIN,12,3,verde,1,199,285,69.82,49,5,0,0,0,32,0,0,199,0,0,0,0
p0650,I.E. CONCEJO DE MEDELLIN,12,4,verde,1,166,274,60.58,27,13,0,0,0,64,0,0,166,0,0,0,0
p0650,I.E. CONCEJO DE MEDELLIN,12,5,verde,1,150,244,61.48,40,10,0,0,0,42,0,0,150,0,0,0,0
p0650,I.E. CONCEJO DE MEDELLIN,12,6,verde,1,199,245,81.22,26,8,0,0,0,11,0,0,199,0,0,0,0
p0650,I.E. CONCEJO DE MEDELLIN,12,7,verde,1,193,265,72.83,40,13,0,0,0,16,0,0,193,0,0,0,0
p0650,I.E. CONCEJO DE MEDELLIN,12,8,verde,1,204,267,76.4,31,4,0,0,0,26,0,0,204,0,0,0,0
p0650,I.E. CONCEJO DE MEDELLIN,12,9,verde,1,199,274,72.63,28,9,0,0,0,35,0,0,199,0,0,0,0
p0650,I.E. CONCEJO DE MEDELLIN,12,10,verde,1,187,267,70.04,29,21,0,0,0,27,0,0,187,0,0,0,0
p0650,I.E. CONCEJO DE MEDELLIN,12,11,verde,1,214,272,78.68,36,6,0,0,0,15,0,0,214,0,0,0,0
p0650,I.E. CONCEJO DE MEDELLIN,12,12,verde,1,220,291,75.6,37,4,0,0,0,29,0,0,220,0,0,0,0
p0650,I.E. CONCEJO DE MEDELLIN,12,13,verde,1,202,296,68.24,43,10,0,0,0,39,0,0,202,0,0,0,0
p0650,I.E. CONCEJO DE MEDELLIN,12,14,verde,1,193,277,69.68,37,16,0,0,0,30,0,0,193,0,0,0,0
p0650,I.E. CONCEJO DE MEDELLIN,12,15,verde,1,223,293,76.11,37,6,0,0,0,26,0,0,223,0,0,0,0
p0650,I.E. CONCEJO DE MEDELLIN,12,16,verde,1,236,302,78.15,32,7,0,0,0,24,0,0,236,0,0,0,0
p0650,I.E. CONCEJO DE MEDELLIN,12,17,verde,1,217,297,73.06,42,5,0,0,0,30,0,0,217,0,0,0,0
p0650,I.E. CONCEJO DE MEDELLIN,12,18,verde,1,182,276,65.94,32,17,0,0,0,43,0,0,182,0,0,0,0
p0650,I.E. CONCEJO DE MEDELLIN,12,19,verde,1,194,285,68.07,41,15,0,0,0,34,0,0,194,0,0,0,0
p0650,I.E. CONCEJO DE MEDELLIN,12,20,verde,1,196,272,72.06,31,17,0,0,0,27,0,0,196,0,0,0,0
p0650,I.E. CONCEJO DE MEDELLIN,12,21,verde,1,182,267,68.16,38,16,0,0,0,25,0,0,182,0,0,0,0
p0650,I.E. CONCEJO DE MEDELLIN,12,22,verde,1,190,271,70.11,29,22,0,0,0,29,0,0,190,0,0,0,0
p0650,I.E. CONCEJO DE MEDELLIN,12,23,verde,1,150,255,58.82,27,33,0,0,0,44,0,0,150,0,0,0,0
p0650,I.E. CONCEJO DE MEDELLIN,12,24,verde,1,203,295,68.81,30,15,0,0,0,46,0,0,203,0,0,0,0
p0650,I.E. CONCEJO DE MEDELLIN,12,25,verde,1,200,285,70.18,29,6,0,0,0,45,0,0,200,0,0,0,0
p0650,I.E. CONCEJO DE MEDELLIN,12,26,verde,1,207,286,72.38,22,14,0,0,0,38,0,0,207,0,0,0,0
p0650,I.E. CONCEJO DE MEDELLIN,12,27,verde,1,195,289,67.47,27,14,0,0,0,50,0,0,195,0,0,0,0
p0650,I.E. CONCEJO DE MEDELLIN,12,28,verde,1,202,294,68.71,34,4,0,0,0,53,0,0,202,0,0,0,0
p0650,I.E. CONCEJO DE MEDELLIN,12,29,verde,1,212,287,73.87,29,13,0,0,0,33,0,0,212,0,0,0,0
p0650,I.E. CONCEJO DE MEDELLIN,12,30,verde,1,190,277,68.59,29,15,0,0,0,41,0,0,190,0,0,0,0
p0650,I.E. CONCEJO DE MEDELLIN,12,31,verde,1,174,280,62.14,27,15,0,0,0,61,0,0,174,0,0,0,0
p0650,I.E. CONCEJO DE MEDELLIN,12,32,verde,1,175,257,68.09,31,9,0,0,0,42,0,0,175,0,0,0,0
p0650,I.E. CONCEJO DE MEDELLIN,12,33,verde,1,106,201,52.74,19,21,0,0,0,54,0,0,106,0,0,0,0
p0650,I.E. CONCEJO DE MEDELLIN,12,34,verde,1,128,211,60.66,13,33,0,0,0,35,0,0,128,0,0,0,0
p0650,I.E. CONCEJO DE MEDELLIN,12,35,verde,1,98,194,50.52,15,38,0,0,0,42,0,0,98,0,0,0,0
p0650,I.E. CONCEJO DE MEDELLIN,12,36,verde,1,85,215,39.53,17,49,0,0,0,64,0,0,85,0,0,0,0
p0650,I.E. CONCEJO DE MEDELLIN,12,37,verde,1,125,267,46.82,22,44,0,0,0,73,0,0,125,0,0,0,0
p0650,I.E. CONCEJO DE MEDELLIN,12,38,verde,1,123,271,45.39,28,39,0,0,0,76,0,0,123,0,0,0,0
p0650,I.E. CONCEJO DE MEDELLIN,12,39,verde,1,143,281,50.89,0,30,0,0,0,39,0,0,143,44,0,0,0
p0650,I.E. CONCEJO DE MEDELLIN,12,40,verde,1,136,224,60.71,21,23,0,0,0,42,0,0,136,0,0,0,0
p0650,I.E. CONCEJO DE MEDELLIN,12,41,verde,1,126,224,56.25,18,31,0,0,0,45,0,0,126,0,0,0,0
p0650,I.E. CONCEJO DE MEDELLIN,12,42,verde,1,121,233,51.93,30,30,0,0,0,51,0,0,121,0,0,0,0
p0650,I.E. CONCEJO DE MEDELLIN,12,43,verde,1,131,241,54.36,16,36,0,0,0,57,0,0,131,0,0,0,0
p0650,I.E. CONCEJO DE MEDELLIN,12,44,verde,1,124,241,51.45,12,48,0,0,0,54,0,0,124,0,0,0,0
p0650,I.E. CONCEJO DE MEDELLIN,12,45,verde,1,114,249,45.78,22,54,0,0,0,57,0,0,114,0,0,0,0
p0650,I.E. CONCEJO DE MEDELLIN,12,46,verde,1,101,219,46.12,16,52,0,0,0,49,0,0,101,0,0,0,0
p0650,I.E. CONCEJO DE MEDELLIN,12,47,verde,1,82,184,44.57,10,35,0,0,0,55,0,0,82,0,0,0,0
p0651,I.E.CRISTO REY,15,1,verde,1,145,213,68.08,34,11,0,0,0,21,0,0,145,0,0,0,0
p0651,I.E.CRISTO REY,15,2,verde,1,163,257,63.42,35,23,0,0,0,28,0,0,163,0,0,0,0
p0651,I.E.CRISTO REY,15,3,verde,1,168,245,68.57,24,6,0,0,0,47,0,0,168,0,0,0,0
p0651,I.E.CRISTO REY,15,4,verde,1,158,208,75.96,25,10,0,0,0,14,0,0,158,0,0,0,0
p0651,I.E.CRISTO REY,15,5,verde,1,180,236,76.27,25,8,0,0,0,21,0,0,180,0,0,0,0
p0651,I.E.CRISTO REY,15,6,verde,1,182,235,77.45,23,9,0,0,0,21,0,0,182,0,0,0,0
p0651,I.E.CRISTO REY,15,7,verde,1,186,246,75.61,24,8,0,0,0,26,0,0,186,0,0,0,0
p0651,I.E.CRISTO REY,15,8,verde,1,182,253,71.94,18,20,0,0,0,32,0,0,182,0,0,0,0
p0651,I.E.CRISTO REY,15,9,verde,1,192,260,73.85,21,18,0,0,0,24,0,0,192,0,0,0,0
p0651,I.E.CRISTO REY,15,10,verde,1,204,266,76.69,24,14,0,0,0,22,0,0,204,0,0,0,0
p0651,I.E.CRISTO REY,15,11,verde,1,186,268,69.4,29,12,0,0,0,37,0,0,186,0,0,0,0
p0651,I.E.CRISTO REY,15,12,verde,1,194,270,71.85,22,13,0,0,0,40,0,0,194,0,0,0,0
p0651,I.E.CRISTO REY,15,13,verde,1,190,253,75.1,20,15,0,0,0,28,0,0,190,0,0,0,0
p0651,I.E.CRISTO REY,15,14,verde,1,179,256,69.92,29,17,0,0,0,27,0,0,179,0,0,0,0
p0651,I.E.CRISTO REY,15,15,verde,1,175,258,67.83,29,4,0,0,0,49,0,0,175,0,0,0,0
p0651,I.E.CRISTO REY,15,16,verde,1,190,279,68.1,21,16,0,0,0,50,0,0,190,0,0,0,0
p0651,I.E.CRISTO REY,15,17,verde,1,185,270,68.52,21,10,0,0,0,52,0,0,185,0,0,0,0
p0651,I.E.CRISTO REY,15,18,verde,1,172,252,68.25,20,14,0,0,0,41,0,0,172,0,0,0,0
p0651,I.E.CRISTO REY,15,19,verde,1,191,260,73.46,24,10,0,0,0,33,0,0,191,0,0,0,0
p0651,I.E.CRISTO REY,15,20,verde,1,132,225,58.67,15,18,0,0,0,54,0,0,132,0,0,0,0
p0651,I.E.CRISTO REY,15,21,verde,1,105,204,51.47,19,25,0,0,0,51,0,0,105,0,0,0,0
p0651,I.E.CRISTO REY,15,22,verde,1,88,199,44.22,15,39,0,0,0,55,0,0,88,0,0,0,0
p0651,I.E.CRISTO REY,15,23,verde,1,130,248,52.42,24,31,0,0,0,61,0,0,130,0,0,0,0
p0651,I.E.CRISTO REY,15,24,verde,1,125,223,56.05,19,28,0,0,0,49,0,0,125,0,0,0,0
p0651,I.E.CRISTO REY,15,25,verde,1,119,207,57.49,17,25,0,0,0,41,0,0,119,0,0,0,0
p0651,I.E.CRISTO REY,15,26,verde,1,110,223,49.33,19,44,0,0,0,49,0,0,110,0,0,0,0
p0651,I.E.CRISTO REY,15,27,verde,1,96,210,45.71,13,42,0,0,0,59,0,0,96,0,0,0,0
p0651,I.E.CRISTO REY,15,28,verde,1,20,45,44.44,2,11,0,0,0,12,0,0,20,0,0,0,0
p0652,I.E. DEBORA ARANGO PEREZ,70,1,verde,1,95,189,50.26,29,8,0,0,0,51,0,0,95,0,0,0,0
p0652,I.E. DEBORA ARANGO PEREZ,70,2,verde,1,109,196,55.61,22,9,0,0,0,53,0,0,109,0,0,0,0
p0652,I.E. DEBORA ARANGO PEREZ,70,3,verde,1,121,209,57.89,19,7,0,0,0,53,0,0,121,0,0,0,0
p0652,I.E. DEBORA ARANGO PEREZ,70,4,verde,1,110,195,56.41,20,11,0,0,0,49,0,0,110,0,0,0,0
p0652,I.E. DEBORA ARANGO PEREZ,70,5,verde,1,139,218,63.76,26,15,0,0,0,32,0,0,139,0,0,0,0
p0652,I.E. DEBORA ARANGO PEREZ,70,6,verde,1,152,241,63.07,16,16,0,0,0,52,0,0,152,0,0,0,0
p0652,I.E. DEBORA ARANGO PEREZ,70,7,verde,1,138,227,60.79,19,14,0,0,0,48,0,0,138,0,0,0,0
p0652,I.E. DEBORA ARANGO PEREZ,70,8,verde,1,129,227,56.83,19,19,0,0,0,53,0,0,129,0,0,0,0
p0652,I.E. DEBORA ARANGO PEREZ,70,9,verde,1,131,228,57.46,23,8,0,0,0,52,0,0,131,0,0,0,0
p0652,I.E. DEBORA ARANGO PEREZ,70,10,verde,1,144,238,60.5,29,11,0,0,0,45,0,0,144,0,0,0,0
p0652,I.E. DEBORA ARANGO PEREZ,70,11,verde,1,149,233,63.95,19,0,0,0,0,54,6,0,149,0,0,0,0
p0652,I.E. DEBORA ARANGO PEREZ,70,12,verde,1,89,171,52.05,9,17,0,0,0,51,0,0,89,0,0,0,0
p0652,I.E. DEBORA ARANGO PEREZ,70,13,amarillo,2,51,157,32.48,4,22,0,0,0,78,0,0,51,0,0,0,0
p0652,I.E. DEBORA ARANGO PEREZ,70,14,amarillo,2,54,162,33.33,6,19,0,0,0,79,0,0,54,0,0,0,0
p0652,I.E. DEBORA ARANGO PEREZ,70,15,amarillo,2,53,149,35.57,0,17,0,0,0,71,5,0,53,0,0,0,0
p0652,I.E. DEBORA ARANGO PEREZ,70,16,verde,1,79,172,45.93,10,14,0,0,0,64,0,0,79,0,0,0,0
p0652,I.E. DEBORA ARANGO PEREZ,70,17,amarillo,2,55,167,32.93,0,22,0,0,0,82,5,0,55,0,0,0,0
p0652,I.E. DEBORA ARANGO PEREZ,70,18,amarillo,2,61,183,33.33,8,27,0,0,0,80,0,0,61,0,0,0,0
p0652,I.E. DEBORA ARANGO PEREZ,70,19,verde,1,81,173,46.82,3,11,0,0,0,75,0,0,81,0,0,0,0
p0652,I.E. DEBORA ARANGO PEREZ,70,20,amarillo,2,62,177,35.03,12,10,0,0,0,87,0,0,62,0,0,0,0
p0652,I.E. DEBORA ARANGO PEREZ,70,21,amarillo,2,84,190,44.21,6,7,0,0,0,86,0,0,84,0,0,0,0
p0652,I.E. DEBORA ARANGO PEREZ,70,22,verde,1,94,176,53.41,12,16,0,0,0,51,0,0,94,0,0,0,0
p0652,I.E. DEBORA ARANGO PEREZ,70,23,verde,1,73,164,44.51,7,14,0,0,0,65,0,0,73,0,0,0,0
p0652,I.E. DEBORA ARANGO PEREZ,70,24,verde,1,81,180,45.0,13,10,0,0,0,70,0,0,81,0,0,0,0
p0652,I.E. DEBORA ARANGO PEREZ,70,25,verde,1,92,170,54.12,6,18,0,0,0,51,0,0,92,0,0,0,0
p0652,I.E. DEBORA ARANGO PEREZ,70,26,verde,1,69,151,45.7,9,13,0,0,0,58,0,0,69,0,0,0,0
p0652,I.E. DEBORA ARANGO PEREZ,70,27,amarillo,2,51,137,37.23,5,12,0,0,0,66,0,0,51,0,0,0,0
p0653,I.E. DINAMARCA,05,1,verde,1,178,278,64.03,34,7,0,0,0,54,0,0,178,0,0,0,0
p0653,I.E. DINAMARCA,05,2,verde,1,185,279,66.31,32,14,0,0,0,47,0,0,185,0,0,0,0
p0653,I.E. DINAMARCA,05,3,verde,1,171,289,59.17,31,22,0,0,0,58,0,0,171,0,0,0,0
p0653,I.E. DINAMARCA,05,4,verde,1,184,294,62.59,27,18,0,0,0,60,0,0,184,0,0,0,0
p0653,I.E. DINAMARCA,05,5,verde,1,184,279,65.95,14,9,0,0,0,64,0,0,184,0,0,0,0
p0653,I.E. DINAMARCA,05,6,amarillo,2,83,228,36.4,16,32,0,0,0,96,0,0,83,0,0,0,0
p0653,I.E. DINAMARCA,05,7,amarillo,2,78,203,38.42,7,33,0,0,0,83,0,0,78,0,0,0,0
p0653,I.E. DINAMARCA,05,8,amarillo,2,52,210,24.76,9,34,0,0,0,113,0,0,52,0,0,0,0
p0653,I.E. DINAMARCA,05,9,amarillo,2,72,207,34.78,4,43,0,0,0,84,0,0,72,0,0,0,0
p0653,I.E. DINAMARCA,05,10,amarillo,2,67,205,32.68,6,48,0,0,0,82,0,0,67,0,0,0,0
p0653,I.E. DINAMARCA,05,11,verde,1,94,218,43.12,6,41,0,0,0,72,0,0,94,0,0,0,0
p0653,I.E. DINAMARCA,05,12,amarillo,2,64,198,32.32,8,36,0,0,0,87,0,0,64,0,0,0,0
p0653,I.E. DINAMARCA,05,13,verde,1,106,248,42.74,13,35,0,0,0,88,0,0,106,0,0,0,0
p0653,I.E. DINAMARCA,05,14,verde,1,108,228,47.37,12,20,0,0,0,86,0,0,108,0,0,0,0
p0653,I.E. DINAMARCA,05,15,amarillo,2,96,239,40.17,9,17,0,0,0,109,0,0,96,0,0,0,0
p0653,I.E. DINAMARCA,05,16,verde,1,96,223,43.05,11,29,0,0,0,83,0,0,96,0,0,0,0
p0653,I.E. DINAMARCA,05,17,amarillo,2,67,184,36.41,9,24,0,0,0,84,0,0,67,0,0,0,0
p0653,I.E. DINAMARCA,05,18,amarillo,2,43,132,32.58,0,25,0,0,0,61,2,0,43,0,0,0,0
p0654,I.E. DOCE DE OCTUBRE,06,1,verde,1,114,213,53.52,46,5,0,0,0,44,0,0,114,0,0,0,0
p0654,I.E. DOCE DE OCTUBRE,06,2,verde,1,116,222,52.25,39,6,0,0,0,52,0,0,116,0,0,0,0
p0654,I.E. DOCE DE OCTUBRE,06,3,verde,1,114,204,55.88,26,16,0,0,0,42,0,0,114,0,0,0,0
p0654,I.E. DOCE DE OCTUBRE,06,4,verde,1,120,204,58.82,24,19,0,0,0,34,0,0,120,0,0,0,0
p0654,I.E. DOCE DE OCTUBRE,06,5,verde,1,141,224,62.95,24,14,0,0,0,39,0,0,141,0,0,0,0
p0654,I.E. DOCE DE OCTUBRE,06,6,verde,1,139,228,60.96,39,10,0,0,0,30,0,0,139,0,0,0,0
p0654,I.E. DOCE DE OCTUBRE,06,7,verde,1,127,213,59.62,19,18,0,0,0,44,0,0,127,0,0,0,0
p0654,I.E. DOCE DE OCTUBRE,06,8,verde,1,136,238,57.14,23,24,0,0,0,52,0,0,136,0,0,0,0
p0654,I.E. DOCE DE OCTUBRE,06,9,verde,1,140,226,61.95,21,19,0,0,0,41,0,0,140,0,0,0,0
p0654,I.E. DOCE DE OCTUBRE,06,10,verde,1,125,224,55.8,30,20,0,0,0,46,0,0,125,0,0,0,0
p0654,I.E. DOCE DE OCTUBRE,06,11,verde,1,158,263,60.08,24,20,0,0,0,51,0,0,158,0,0,0,0
p0654,I.E. DOCE DE OCTUBRE,06,12,verde,1,147,242,60.74,32,21,0,0,0,40,0,0,147,0,0,0,0
p0654,I.E. DOCE DE OCTUBRE,06,13,verde,1,154,244,63.11,20,22,0,0,0,46,0,0,154,0,0,0,0
p0654,I.E. DOCE DE OCTUBRE,06,14,verde,1,130,234,55.56,28,15,0,0,0,58,0,0,130,0,0,0,0
p0654,I.E. DOCE DE OCTUBRE,06,15,verde,1,141,234,60.26,17,11,0,0,0,59,0,0,141,0,0,0,0
p0654,I.E. DOCE DE OCTUBRE,06,16,verde,1,143,236,60.59,32,14,0,0,0,44,0,0,143,0,0,0,0
p0654,I.E. DOCE DE OCTUBRE,06,17,verde,1,158,231,68.4,24,4,0,0,0,42,0,0,158,0,0,0,0
p0654,I.E. DOCE DE OCTUBRE,06,18,verde,1,153,260,58.85,26,18,0,0,0,59,0,0,153,0,0,0,0
p0654,I.E. DOCE DE OCTUBRE,06,19,verde,1,123,228,53.95,14,12,0,0,0,71,0,0,123,0,0,0,0
p0655,I.E.EDUARDO SANTOS,13,1,verde,1,172,282,60.99,35,8,0,0,0,58,0,0,172,0,0,0,0
p0655,I.E.EDUARDO SANTOS,13,2,verde,1,156,258,60.47,27,13,0,0,0,55,0,0,156,0,0,0,0
p0655,I.E.EDUARDO SANTOS,13,3,verde,1,171,266,64.29,21,20,0,0,0,45,0,0,171,0,0,0,0
p0655,I.E.EDUARDO SANTOS,13,4,verde,1,175,283,61.84,27,19,0,0,0,59,0,0,175,0,0,0,0
p0655,I.E.EDUARDO SANTOS,13,5,verde,1,186,284,65.49,22,7,0,0,0,60,0,0,186,0,0,0,0
p0655,I.E.EDUARDO SANTOS,13,6,amarillo,2,62,193,32.12,8,26,0,0,0,95,0,0,62,0,0,0,0
p0655,I.E.EDUARDO SANTOS,13,7,amarillo,2,62,196,31.63,11,25,0,0,0,97,0,0,62,0,0,0,0
p0655,I.E.EDUARDO SANTOS,13,8,amarillo,2,68,161,42.24,5,16,0,0,0,71,0,0,68,0,0,0,0
p0655,I.E.EDUARDO SANTOS,13,9,amarillo,2,55,182,30.22,6,37,0,0,0,82,0,0,55,0,0,0,0
p0655,I.E.EDUARDO SANTOS,13,10,amarillo,2,54,179,30.17,7,32,0,0,0,86,0,0,54,0,0,0,0
p0655,I.E.EDUARDO SANTOS,13,11,verde,1,97,240,40.42,18,24,0,0,0,95,0,0,97,0,0,0,0
p0655,I.E.EDUARDO SANTOS,13,12,amarillo,2,69,192,35.94,9,13,0,0,0,92,0,0,69,0,0,0,0
p0655,I.E.EDUARDO SANTOS,13,13,verde,1,106,237,44.73,27,19,0,0,0,81,0,0,106,0,0,0,0
p0655,I.E.EDUARDO SANTOS,13,14,amarillo,2,80,219,36.53,16,33,0,0,0,84,0,0,80,0,0,0,0
p0655,I.E.EDUARDO SANTOS,13,15,amarillo,2,9,25,36.0,1,3,0,0,0,10,0,0,9,0,0,0,0
p0656,I.E. EL BOSQUE,04,1,verde,1,133,246,54.07,27,14,0,0,0,67,0,0,133,0,0,0,0
p0656,I.E. EL BOSQUE,04,2,verde,1,133,235,56.6,25,11,0,0,0,60,0,0,133,0,0,0,0
p0656,I.E. EL BOSQUE,04,3,verde,1,132,252,52.38,28,21,0,0,0,69,0,0,132,0,0,0,0
p0656,I.E. EL BOSQUE,04,4,verde,1,120,242,49.59,23,12,0,0,0,83,0,0,120,0,0,0,0
p0656,I.E. EL BOSQUE,04,5,amarillo,2,43,167,25.75,5,23,0,0,0,94,0,0,43,0,0,0,0
p0656,I.E. EL BOSQUE,04,6,amarillo,2,36,157,22.93,8,15,0,0,0,93,0,0,36,0,0,0,0
p0656,I.E. EL BOSQUE,04,7,amarillo,2,47,153,30.72,0,12,0,0,0,87,5,0,47,0,0,0,0
p0656,I.E. EL BOSQUE,04,8,amarillo,2,47,161,29.19,5,14,0,0,0,91,0,0,47,0,0,0,0
p0656,I.E. EL BOSQUE,04,9,amarillo,2,42,154,27.27,6,17,0,0,0,87,0,0,42,0,0,0,0
p0656,I.E. EL BOSQUE,04,10,amarillo,2,86,210,40.95,13,12,0,0,0,97,0,0,86,0,0,0,0
p0656,I.E. EL BOSQUE,04,11,amarillo,2,53,180,29.44,2,6,0,0,0,117,0,0,53,0,0,0,0
p0656,I.E. EL BOSQUE,04,12,amarillo,2,72,183,39.34,7,14,0,0,0,86,0,0,72,0,0,0,0
p0656,I.E. EL BOSQUE,04,13,amarillo,2,47,182,25.82,3,27,0,0,0,103,0,0,47,0,0,0,0
p0656,I.E. EL BOSQUE,04,14,amarillo,2,18,67,26.87,3,6,0,0,0,40,0,0,18,0,0,0,0
p0657,I.E.EL CORAZON,13,1,verde,1,152,245,62.04,24,13,0,0,0,49,0,0,152,0,0,0,0
p0657,I.E.EL CORAZON,13,2,verde,1,148,249,59.44,31,15,0,0,0,45,0,0,148,0,0,0,0
p0657,I.E.EL CORAZON,13,3,verde,1,152,253,60.08,17,12,0,0,0,61,0,0,152,0,0,0,0
p0657,I.E.EL CORAZON,13,4,verde,1,95,193,49.22,9,12,0,0,0,67,0,0,95,0,0,0,0
p0657,I.E.EL CORAZON,13,5,amarillo,2,47,155,30.32,8,21,0,0,0,75,0,0,47,0,0,0,0
p0657,I.E.EL CORAZON,13,6,amarillo,2,55,167,32.93,5,21,0,0,0,84,0,0,55,0,0,0,0
p0657,I.E.EL CORAZON,13,7,verde,1,67,173,38.73,5,28,0,0,0,66,0,0,67,0,0,0,0
p0657,I.E.EL CORAZON,13,8,amarillo,2,46,163,28.22,8,18,0,0,0,85,0,0,46,0,0,0,0
p0657,I.E.EL CORAZON,13,9,amarillo,2,74,186,39.78,10,24,0,0,0,75,0,0,74,0,0,0,0
p0657,I.E.EL CORAZON,13,10,amarillo,2,84,216,38.89,12,18,0,0,0,94,0,0,84,0,0,0,0
p0657,I.E.EL CORAZON,13,11,amarillo,2,61,174,35.06,8,13,0,0,0,89,0,0,61,0,0,0,0
p0658,I.E.EL DIAMANTE (SEDE BTO),07,1,verde,1,181,283,63.96,25,5,0,0,0,68,0,0,181,0,0,0,0
p0658,I.E.EL DIAMANTE (SEDE BTO),07,2,verde,1,184,289,63.67,25,14,0,0,0,63,0,0,184,0,0,0,0
p0658,I.E.EL DIAMANTE (SEDE BTO),07,3,verde,1,181,284,63.73,19,22,0,0,0,59,0,0,181,0,0,0,0
p0658,I.E.EL DIAMANTE (SEDE BTO),07,4,verde,1,189,288,65.62,15,18,0,0,0,62,0,0,189,0,0,0,0
p0658,I.E.EL DIAMANTE (SEDE BTO),07,5,verde,1,181,294,61.56,25,13,0,0,0,71,0,0,181,0,0,0,0
p0658,I.E.EL DIAMANTE (SEDE BTO),07,6,amarillo,2,58,199,29.15,8,47,0,0,0,79,0,0,58,0,0,0,0
p0658,I.E.EL DIAMANTE (SEDE BTO),07,7,amarillo,2,75,210,35.71,6,33,0,0,0,93,0,0,75,0,0,0,0
p0658,I.E.EL DIAMANTE (SEDE BTO),07,8,amarillo,2,65,195,33.33,4,34,0,0,0,89,0,0,65,0,0,0,0
p0658,I.E.EL DIAMANTE (SEDE BTO),07,9,verde,1,92,212,43.4,11,33,0,0,0,75,0,0,92,0,0,0,0
p0658,I.E.EL DIAMANTE (SEDE BTO),07,10,verde,1,93,184,50.54,14,23,0,0,0,53,0,0,93,0,0,0,0
p0658,I.E.EL DIAMANTE (SEDE BTO),07,11,amarillo,2,78,203,38.42,10,28,0,0,0,79,0,0,78,0,0,0,0
p0658,I.E.EL DIAMANTE (SEDE BTO),07,12,verde,1,72,184,39.13,7,37,0,0,0,65,0,0,72,0,0,0,0
p0658,I.E.EL DIAMANTE (SEDE BTO),07,13,verde,1,89,203,43.84,8,33,0,0,0,71,0,0,89,0,0,0,0
p0658,I.E.EL DIAMANTE (SEDE BTO),07,14,amarillo,2,75,197,38.07,5,36,0,0,0,78,0,0,75,0,0,0,0
p0658,I.E.EL DIAMANTE (SEDE BTO),07,15,verde,1,83,220,37.73,5,44,0,0,0,81,0,0,83,0,0,0,0
p0658,I.E.EL DIAMANTE (SEDE BTO),07,16,verde,1,116,243,47.74,5,34,0,0,0,85,0,0,116,0,0,0,0
p0658,I.E.EL DIAMANTE (SEDE BTO),07,17,verde,1,102,237,43.04,14,28,0,0,0,88,0,0,102,0,0,0,0
p0658,I.E.EL DIAMANTE (SEDE BTO),07,18,amarillo,2,77,216,35.65,11,14,0,0,0,114,0,0,77,0,0,0,0
p0658,I.E.EL DIAMANTE (SEDE BTO),07,19,verde,1,99,191,51.83,11,17,0,0,0,62,0,0,99,0,0,0,0
p0658,I.E.EL DIAMANTE (SEDE BTO),07,20,verde,1,101,190,53.16,13,27,0,0,0,46,0,0,101,0,0,0,0
p0658,I.E.EL DIAMANTE (SEDE BTO),07,21,verde,1,103,199,51.76,9,22,0,0,0,61,0,0,103,0,0,0,0
p0658,I.E.EL DIAMANTE (SEDE BTO),07,22,verde,1,82,202,40.59,9,34,0,0,0,72,0,0,82,0,0,0,0
p0658,I.E.EL DIAMANTE (SEDE BTO),07,23,verde,1,99,229,43.23,12,37,0,0,0,77,0,0,99,0,0,0,0
p0658,I.E.EL DIAMANTE (SEDE BTO),07,24,amarillo,2,70,225,31.11,13,36,0,0,0,101,0,0,70,0,0,0,0
p0658,I.E.EL DIAMANTE (SEDE BTO),07,25,verde,1,88,203,43.35,8,25,0,0,0,76,0,0,88,0,0,0,0
p0658,I.E.EL DIAMANTE (SEDE BTO),07,26,verde,1,28,63,44.44,0,6,0,0,0,26,2,0,28,0,0,0,0
p0659,I.E. EL TRIUNFO SANTA TERESA,06,1,verde,1,158,273,57.88,35,8,0,0,0,69,0,0,158,0,0,0,0
p0659,I.E. EL TRIUNFO SANTA TERESA,06,2,verde,1,155,270,57.41,28,18,0,0,0,67,0,0,155,0,0,0,0
p0659,I.E. EL TRIUNFO SANTA TERESA,06,3,verde,1,166,273,60.81,21,10,0,0,0,70,0,0,166,0,0,0,0
p0659,I.E. EL TRIUNFO SANTA TERESA,06,4,amarillo,2,55,210,26.19,6,30,0,0,0,116,0,0,55,0,0,0,0
p0659,I.E. EL TRIUNFO SANTA TERESA,06,5,amarillo,2,58,184,31.52,5,19,0,0,0,101,0,0,58,0,0,0,0
p0659,I.E. EL TRIUNFO SANTA TERESA,06,6,amarillo,2,67,200,33.5,14,26,0,0,0,88,0,0,67,0,0,0,0
p0659,I.E. EL TRIUNFO SANTA TERESA,06,7,amarillo,2,64,209,30.62,0,45,0,0,0,91,5,0,64,0,0,0,0
p0659,I.E. EL TRIUNFO SANTA TERESA,06,8,amarillo,2,77,221,34.84,14,22,0,0,0,105,0,0,77,0,0,0,0
p0659,I.E. EL TRIUNFO SANTA TERESA,06,9,verde,1,100,219,45.66,5,21,0,0,0,90,0,0,100,0,0,0,0
p0659,I.E. EL TRIUNFO SANTA TERESA,06,10,verde,1,98,222,44.14,14,29,0,0,0,80,0,0,98,0,0,0,0
p0659,I.E. EL TRIUNFO SANTA TERESA,06,11,amarillo,2,42,140,30.0,6,16,0,0,0,72,0,0,42,0,0,0,0
p0660,I.E. FATIMA NUTIBARA,16,1,verde,1,196,270,72.59,31,15,0,0,0,25,0,0,196,0,0,0,0
p0660,I.E. FATIMA NUTIBARA,16,2,verde,1,189,270,70.0,33,7,0,0,0,40,0,0,189,0,0,0,0
p0660,I.E. FATIMA NUTIBARA,16,3,verde,1,189,252,75.0,18,8,0,0,0,36,0,0,189,0,0,0,0
p0660,I.E. FATIMA NUTIBARA,16,4,verde,1,211,265,79.62,34,10,0,0,0,7,0,0,211,0,0,0,0
p0660,I.E. FATIMA NUTIBARA,16,5,verde,1,201,271,74.17,25,9,0,0,0,33,0,0,201,0,0,0,0
p0660,I.E. FATIMA NUTIBARA,16,6,verde,1,228,285,80.0,26,12,0,0,0,19,0,0,228,0,0,0,0
p0660,I.E. FATIMA NUTIBARA,16,7,verde,1,230,296,77.7,28,12,0,0,0,24,0,0,230,0,0,0,0
p0660,I.E. FATIMA NUTIBARA,16,8,verde,1,195,287,67.94,33,15,0,0,0,42,0,0,195,0,0,0,0
p0660,I.E. FATIMA NUTIBARA,16,9,verde,1,225,300,75.0,35,20,0,0,0,19,0,0,225,0,0,0,0
p0660,I.E. FATIMA NUTIBARA,16,10,verde,1,234,312,75.0,21,18,0,0,0,27,0,0,234,0,0,0,0
p0660,I.E. FATIMA NUTIBARA,16,11,verde,1,195,277,70.4,38,16,0,0,0,27,0,0,195,0,0,0,0
p0660,I.E. FATIMA NUTIBARA,16,12,verde,1,188,272,69.12,37,18,0,0,0,27,0,0,188,0,0,0,0
p0660,I.E. FATIMA NUTIBARA,16,13,verde,1,206,284,72.54,28,19,0,0,0,30,0,0,206,0,0,0,0
p0660,I.E. FATIMA NUTIBARA,16,14,verde,1,200,300,66.67,40,8,0,0,0,51,0,0,200,0,0,0,0
p0660,I.E. FATIMA NUTIBARA,16,15,verde,1,207,286,72.38,26,12,0,0,0,37,0,0,207,0,0,0,0
p0660,I.E. FATIMA NUTIBARA,16,16,verde,1,208,292,71.23,30,15,0,0,0,38,0,0,208,0,0,0,0
p0660,I.E. FATIMA NUTIBARA,16,17,verde,1,203,292,69.52,34,16,0,0,0,38,0,0,203,0,0,0,0
p0660,I.E. FATIMA NUTIBARA,16,18,verde,1,185,283,65.37,22,14,0,0,0,59,0,0,185,0,0,0,0
p0660,I.E. FATIMA NUTIBARA,16,19,verde,1,167,266,62.78,25,34,0,0,0,36,0,0,167,0,0,0,0
p0660,I.E. FATIMA NUTIBARA,16,20,verde,1,100,238,42.02,14,55,0,0,0,65,0,0,100,0,0,0,0
p0660,I.E. FATIMA NUTIBARA,16,21,verde,1,129,245,52.65,19,53,0,0,0,43,0,0,129,0,0,0,0
p0660,I.E. FATIMA NUTIBARA,16,22,verde,1,121,252,48.02,11,65,0,0,0,51,0,0,121,0,0,0,0
p0660,I.E. FATIMA NUTIBARA,16,23,verde,1,172,299,57.53,19,41,0,0,0,61,0,0,172,0,0,0,0
p0660,I.E. FATIMA NUTIBARA,16,24,verde,1,107,245,43.67,19,35,0,0,0,80,0,0,107,0,0,0,0
p0660,I.E. FATIMA NUTIBARA,16,25,verde,1,142,246,57.72,21,29,0,0,0,52,0,0,142,0,0,0,0
p0660,I.E. FATIMA NUTIBARA,16,26,verde,1,130,241,53.94,27,29,0,0,0,55,0,0,130,0,0,0,0
p0660,I.E. FATIMA NUTIBARA,16,27,verde,1,132,262,50.38,21,59,0,0,0,49,0,0,132,0,0,0,0
p0660,I.E. FATIMA NUTIBARA,16,28,verde,1,40,93,43.01,2,21,0,0,0,29,0,0,40,0,0,0,0
p0661,I.E.FE Y ALEGRIA GRANIZAL,01,1,verde,1,97,206,47.09,19,6,0,0,0,73,0,0,97,0,0,0,0
p0661,I.E.FE Y ALEGRIA GRANIZAL,01,2,verde,1,124,225,55.11,26,9,0,0,0,60,0,0,124,0,0,0,0
p0661,I.E.FE Y ALEGRIA GRANIZAL,01,3,verde,1,97,199,48.74,14,12,0,0,0,69,0,0,97,0,0,0,0
p0661,I.E.FE Y ALEGRIA GRANIZAL,01,4,amarillo,2,30,138,21.74,0,17,0,0,0,86,3,0,30,0,0,0,0
p0661,I.E.FE Y ALEGRIA GRANIZAL,01,5,amarillo,2,29,120,24.17,0,8,0,0,0,79,3,0,29,0,0,0,0
p0661,I.E.FE Y ALEGRIA GRANIZAL,01,6,amarillo,2,32,120,26.67,5,15,0,0,0,67,0,0,32,0,0,0,0
p0661,I.E.FE Y ALEGRIA GRANIZAL,01,7,amarillo,2,32,135,23.7,2,16,0,0,0,83,0,0,32,0,0,0,0
p0661,I.E.FE Y ALEGRIA GRANIZAL,01,8,amarillo,2,47,153,30.72,5,17,0,0,0,80,0,0,47,0,0,0,0
p0661,I.E.FE Y ALEGRIA GRANIZAL,01,9,amarillo,2,33,125,26.4,7,10,0,0,0,71,0,0,33,0,0,0,0
p0661,I.E.FE Y ALEGRIA GRANIZAL,01,10,amarillo,2,32,121,26.45,0,14,0,0,0,68,5,0,32,0,0,0,0
p0661,I.E.FE Y ALEGRIA GRANIZAL,01,11,amarillo,2,39,137,28.47,7,12,0,0,0,75,0,0,39,0,0,0,0
p0661,I.E.FE Y ALEGRIA GRANIZAL,01,12,amarillo,2,67,191,35.08,7,15,0,0,0,101,0,0,67,0,0,0,0
p0661,I.E.FE Y ALEGRIA GRANIZAL,01,13,amarillo,2,55,150,36.67,6,9,0,0,0,74,0,0,55,0,0,0,0
p0661,I.E.FE Y ALEGRIA GRANIZAL,01,14,amarillo,2,47,136,34.56,5,10,0,0,0,71,0,0,47,0,0,0,0
p0661,I.E.FE Y ALEGRIA GRANIZAL,01,15,amarillo,2,26,84,30.95,0,10,0,0,0,48,0,0,26,0,0,0,0
p0662,I.E.FE Y ALEGRIA SAN JOSE,07,1,verde,1,145,282,51.42,27,11,0,0,0,90,0,0,145,0,0,0,0
p0662,I.E.FE Y ALEGRIA SAN JOSE,07,2,verde,1,143,263,54.37,30,15,0,0,0,64,0,0,143,0,0,0,0
p0662,I.E.FE Y ALEGRIA SAN JOSE,07,3,verde,1,144,262,54.96,23,19,0,0,0,67,0,0,144,0,0,0,0
p0662,I.E.FE Y ALEGRIA SAN JOSE,07,4,verde,1,149,273,54.58,26,25,0,0,0,61,0,0,149,0,0,0,0
p0662,I.E.FE Y ALEGRIA SAN JOSE,07,5,verde,1,145,271,53.51,29,25,0,0,0,65,0,0,145,0,0,0,0
p0662,I.E.FE Y ALEGRIA SAN JOSE,07,6,verde,1,148,268,55.22,23,12,0,0,0,79,0,0,148,0,0,0,0
p0662,I.E.FE Y ALEGRIA SAN JOSE,07,7,verde,1,162,297,54.55,24,10,0,0,0,93,0,0,162,0,0,0,0
p0662,I.E.FE Y ALEGRIA SAN JOSE,07,8,amarillo,2,75,211,35.55,10,22,0,0,0,98,0,0,75,0,0,0,0
p0662,I.E.FE Y ALEGRIA SAN JOSE,07,9,amarillo,2,65,214,30.37,9,33,0,0,0,102,0,0,65,0,0,0,0
p0662,I.E.FE Y ALEGRIA SAN JOSE,07,10,amarillo,2,69,206,33.5,12,23,0,0,0,97,0,0,69,0,0,0,0
p0662,I.E.FE Y ALEGRIA SAN JOSE,07,11,amarillo,2,77,213,36.15,5,27,0,0,0,98,0,0,77,0,0,0,0
p0662,I.E.FE Y ALEGRIA SAN JOSE,07,12,amarillo,2,58,191,30.37,7,36,0,0,0,85,0,0,58,0,0,0,0
p0662,I.E.FE Y ALEGRIA SAN JOSE,07,13,amarillo,2,100,242,41.32,0,31,0,0,0,102,0,0,100,4,0,0,0
p0662,I.E.FE Y ALEGRIA SAN JOSE,07,14,verde,1,86,140,61.43,10,13,0,0,0,21,0,0,86,0,0,0,0
p0662,I.E.FE Y ALEGRIA SAN JOSE,07,15,verde,1,86,144,59.72,4,9,0,0,0,39,0,0,86,0,0,0,0
p0662,I.E.FE Y ALEGRIA SAN JOSE,07,16,verde,1,89,139,64.03,6,29,0,0,0,8,0,0,89,0,0,0,0
p0662,I.E.FE Y ALEGRIA SAN JOSE,07,17,rojo,3,9,151,5.96,9,30,0,0,0,100,0,0,9,0,0,0,0
p0663,I.E.FEDERICO CARRASQUILLA,01,1,verde,1,126,233,54.08,30,4,0,0,0,62,0,0,126,0,0,0,0
p0663,I.E.FEDERICO CARRASQUILLA,01,2,verde,1,101,230,43.91,30,19,0,0,0,68,0,0,101,0,0,0,0
p0663,I.E.FEDERICO CARRASQUILLA,01,3,verde,1,124,225,55.11,24,13,0,0,0,57,0,0,124,0,0,0,0
p0663,I.E.FEDERICO CARRASQUILLA,01,4,verde,1,87,201,43.28,6,18,0,0,0,84,0,0,87,0,0,0,0
p0663,I.E.FEDERICO CARRASQUILLA,01,5,amarillo,2,43,148,29.05,7,17,0,0,0,77,0,0,43,0,0,0,0
p0663,I.E.FEDERICO CARRASQUILLA,01,6,amarillo,2,46,155,29.68,6,14,0,0,0,88,0,0,46,0,0,0,0
p0663,I.E.FEDERICO CARRASQUILLA,01,7,amarillo,2,40,171,23.39,2,23,0,0,0,103,0,0,40,0,0,0,0
p0663,I.E.FEDERICO CARRASQUILLA,01,8,amarillo,2,37,131,28.24,5,13,0,0,0,72,0,0,37,0,0,0,0
p0663,I.E.FEDERICO CARRASQUILLA,01,9,amarillo,2,44,134,32.84,3,16,0,0,0,71,0,0,44,0,0,0,0
p0663,I.E.FEDERICO CARRASQUILLA,01,10,amarillo,2,45,161,27.95,8,22,0,0,0,81,0,0,45,0,0,0,0
p0663,I.E.FEDERICO CARRASQUILLA,01,11,amarillo,2,44,151,29.14,4,18,0,0,0,82,0,0,44,0,0,0,0
p0663,I.E.FEDERICO CARRASQUILLA,01,12,amarillo,2,57,166,34.34,4,18,0,0,0,84,0,0,57,0,0,0,0
p0663,I.E.FEDERICO CARRASQUILLA,01,13,amarillo,2,56,189,29.63,9,23,0,0,0,92,0,0,56,0,0,0,0
p0663,I.E.FEDERICO CARRASQUILLA,01,14,amarillo,2,47,142,33.1,3,7,0,0,0,82,0,0,47,0,0,0,0
p0663,I.E.FEDERICO CARRASQUILLA,01,15,amarillo,2,52,181,28.73,6,23,0,0,0,98,0,0,52,0,0,0,0
p0663,I.E.FEDERICO CARRASQUILLA,01,16,amarillo,2,41,120,34.17,2,7,0,0,0,68,0,0,41,0,0,0,0
p0664,I.E.FRANCISCO ANTONIO ZEA,12,1,verde,1,218,313,69.65,32,12,0,0,0,49,0,0,218,0,0,0,0
p0664,I.E.FRANCISCO ANTONIO ZEA,12,2,verde,1,241,305,79.02,35,6,0,0,0,20,0,0,241,0,0,0,0
p0664,I.E.FRANCISCO ANTONIO ZEA,12,3,verde,1,230,313,73.48,36,18,0,0,0,26,0,0,230,0,0,0,0
p0664,I.E.FRANCISCO ANTONIO ZEA,12,4,verde,1,246,325,75.69,24,14,0,0,0,40,0,0,246,0,0,0,0
p0664,I.E.FRANCISCO ANTONIO ZEA,12,5,verde,1,242,320,75.62,29,13,0,0,0,35,0,0,242,0,0,0,0
p0664,I.E.FRANCISCO ANTONIO ZEA,12,6,verde,1,225,311,72.35,27,14,0,0,0,42,0,0,225,0,0,0,0
p0664,I.E.FRANCISCO ANTONIO ZEA,12,7,verde,1,255,317,80.44,14,14,0,0,0,34,0,0,255,0,0,0,0
p0664,I.E.FRANCISCO ANTONIO ZEA,12,8,verde,1,195,293,66.55,27,33,0,0,0,38,0,0,195,0,0,0,0
p0664,I.E.FRANCISCO ANTONIO ZEA,12,9,verde,1,121,258,46.9,16,71,0,0,0,49,0,0,121,0,0,0,0
p0664,I.E.FRANCISCO ANTONIO ZEA,12,10,verde,1,137,273,50.18,11,64,0,0,0,58,0,0,137,0,0,0,0
p0664,I.E.FRANCISCO ANTONIO ZEA,12,11,verde,1,149,282,52.84,13,59,0,0,0,59,0,0,149,0,0,0,0
p0664,I.E.FRANCISCO ANTONIO ZEA,12,12,verde,1,131,271,48.34,27,32,0,0,0,78,0,0,131,0,0,0,0
p0664,I.E.FRANCISCO ANTONIO ZEA,12,13,verde,1,163,272,59.93,20,48,0,0,0,37,0,0,163,0,0,0,0
p0664,I.E.FRANCISCO ANTONIO ZEA,12,14,verde,1,135,265,50.94,15,70,0,0,0,42,0,0,135,0,0,0,0
p0664,I.E.FRANCISCO ANTONIO ZEA,12,15,verde,1,46,123,37.4,8,39,0,0,0,30,0,0,46,0,0,0,0
p0665,I.E. FRANCISCO MIRANDA,04,1,verde,1,97,187,51.87,33,11,0,0,0,39,0,0,97,0,0,0,0
p0665,I.E. FRANCISCO MIRANDA,04,2,verde,1,107,194,55.15,15,7,0,0,0,60,0,0,107,0,0,0,0
p0665,I.E. FRANCISCO MIRANDA,04,3,verde,1,107,212,50.47,19,17,0,0,0,66,0,0,107,0,0,0,0
p0665,I.E. FRANCISCO MIRANDA,04,4,verde,1,121,207,58.45,19,8,0,0,0,52,0,0,121,0,0,0,0
p0665,I.E. FRANCISCO MIRANDA,04,5,verde,1,122,196,62.24,28,13,0,0,0,31,0,0,122,0,0,0,0
p0665,I.E. FRANCISCO MIRANDA,04,6,verde,1,111,185,60.0,28,10,0,0,0,34,0,0,111,0,0,0,0
p0665,I.E. FRANCISCO MIRANDA,04,7,verde,1,108,203,53.2,17,15,0,0,0,57,0,0,108,0,0,0,0
p0665,I.E. FRANCISCO MIRANDA,04,8,verde,1,106,190,55.79,23,22,0,0,0,34,0,0,106,0,0,0,0
p0665,I.E. FRANCISCO MIRANDA,04,9,verde,1,121,215,56.28,28,17,0,0,0,41,0,0,121,0,0,0,0
p0665,I.E. FRANCISCO MIRANDA,04,10,verde,1,114,217,52.53,23,16,0,0,0,58,0,0,114,0,0,0,0
p0665,I.E. FRANCISCO MIRANDA,04,11,verde,1,121,202,59.9,28,17,0,0,0,30,0,0,121,0,0,0,0
p0665,I.E. FRANCISCO MIRANDA,04,12,verde,1,123,215,57.21,21,14,0,0,0,52,0,0,123,0,0,0,0
p0665,I.E. FRANCISCO MIRANDA,04,13,verde,1,125,209,59.81,16,19,0,0,0,45,0,0,125,0,0,0,0
p0665,I.E. FRANCISCO MIRANDA,04,14,verde,1,135,235,57.45,30,20,0,0,0,46,0,0,135,0,0,0,0
p0665,I.E. FRANCISCO MIRANDA,04,15,verde,1,123,213,57.75,24,19,0,0,0,43,0,0,123,0,0,0,0
p0665,I.E. FRANCISCO MIRANDA,04,16,verde,1,134,225,59.56,22,14,0,0,0,52,0,0,134,0,0,0,0
p0665,I.E. FRANCISCO MIRANDA,04,17,verde,1,126,216,58.33,20,18,0,0,0,47,0,0,126,0,0,0,0
p0665,I.E. FRANCISCO MIRANDA,04,18,verde,1,110,215,51.16,20,22,0,0,0,55,0,0,110,0,0,0,0
p0665,I.E. FRANCISCO MIRANDA,04,19,verde,1,130,220,59.09,26,8,0,0,0,51,0,0,130,0,0,0,0
p0665,I.E. FRANCISCO MIRANDA,04,20,verde,1,150,224,66.96,21,7,0,0,0,42,0,0,150,0,0,0,0
p0665,I.E. FRANCISCO MIRANDA,04,21,verde,1,122,187,65.24,16,0,0,0,0,42,4,0,122,0,0,0,0
p0665,I.E. FRANCISCO MIRANDA,04,22,verde,1,130,232,56.03,32,10,0,0,0,55,0,0,130,0,0,0,0
p0665,I.E. FRANCISCO MIRANDA,04,23,verde,1,141,217,64.98,12,16,0,0,0,43,0,0,141,0,0,0,0
p0665,I.E. FRANCISCO MIRANDA,04,24,verde,1,144,241,59.75,20,5,0,0,0,67,0,0,144,0,0,0,0
p0665,I.E. FRANCISCO MIRANDA,04,25,verde,1,124,205,60.49,8,11,0,0,0,57,0,0,124,0,0,0,0
p0665,I.E. FRANCISCO MIRANDA,04,26,amarillo,2,50,140,35.71,9,12,0,0,0,65,0,0,50,0,0,0,0
p0665,I.E. FRANCISCO MIRANDA,04,27,verde,1,85,159,53.46,12,15,0,0,0,45,0,0,85,0,0,0,0
p0665,I.E. FRANCISCO MIRANDA,04,28,verde,1,77,159,48.43,10,15,0,0,0,55,0,0,77,0,0,0,0
p0665,I.E. FRANCISCO MIRANDA,04,29,verde,1,79,169,46.75,13,16,0,0,0,53,0,0,79,0,0,0,0
p0665,I.E. FRANCISCO MIRANDA,04,30,verde,1,79,178,44.38,8,27,0,0,0,62,0,0,79,0,0,0,0
p0665,I.E. FRANCISCO MIRANDA,04,31,verde,1,82,174,47.13,5,12,0,0,0,71,0,0,82,0,0,0,0
p0665,I.E. FRANCISCO MIRANDA,04,32,verde,1,89,166,53.61,12,12,0,0,0,48,0,0,89,0,0,0,0
p0665,I.E. FRANCISCO MIRANDA,04,33,verde,1,78,167,46.71,12,10,0,0,0,63,0,0,78,0,0,0,0
p0665,I.E. FRANCISCO MIRANDA,04,34,verde,1,92,174,52.87,3,15,0,0,0,62,0,0,92,0,0,0,0
p0665,I.E. FRANCISCO MIRANDA,04,35,amarillo,2,56,134,41.79,5,9,0,0,0,60,0,0,56,0,0,0,0
p0665,I.E. FRANCISCO MIRANDA,04,36,amarillo,2,63,159,39.62,10,18,0,0,0,65,0,0,63,0,0,0,0
p0665,I.E. FRANCISCO MIRANDA,04,37,verde,1,71,156,45.51,8,11,0,0,0,65,0,0,71,0,0,0,0
p0665,I.E. FRANCISCO MIRANDA,04,38,amarillo,2,74,192,38.54,0,11,0,0,0,90,0,0,74,0,0,9,0
p0665,I.E. FRANCISCO MIRANDA,04,39,verde,1,80,177,45.2,10,24,0,0,0,59,0,0,80,0,0,0,0
p0665,I.E. FRANCISCO MIRANDA,04,40,amarillo,2,83,203,40.89,5,22,0,0,0,90,0,0,83,0,0,0,0
p0665,I.E. FRANCISCO MIRANDA,04,41,amarillo,2,47,158,29.75,7,15,0,0,0,88,0,0,47,0,0,0,0
p0666,I.E FUNDADORES,13,1,verde,1,140,239,58.58,30,10,0,0,0,53,0,0,140,0,0,0,0
p0666,I.E FUNDADORES,13,2,verde,1,173,245,70.61,12,10,0,0,0,46,0,0,173,0,0,0,0
p0666,I.E FUNDADORES,13,3,verde,1,167,247,67.61,28,16,0,0,0,32,0,0,167,0,0,0,0
p0666,I.E FUNDADORES,13,4,verde,1,164,252,65.08,28,23,0,0,0,33,0,0,164,0,0,0,0
p0666,I.E FUNDADORES,13,5,verde,1,154,247,62.35,23,14,0,0,0,53,0,0,154,0,0,0,0
p0666,I.E FUNDADORES,13,6,verde,1,177,259,68.34,25,16,0,0,0,39,0,0,177,0,0,0,0
p0666,I.E FUNDADORES,13,7,verde,1,168,257,65.37,29,19,0,0,0,37,0,0,168,0,0,0,0
p0666,I.E FUNDADORES,13,8,verde,1,190,259,73.36,21,17,0,0,0,28,0,0,190,0,0,0,0
p0666,I.E FUNDADORES,13,9,verde,1,161,248,64.92,28,18,0,0,0,38,0,0,161,0,0,0,0
p0666,I.E FUNDADORES,13,10,verde,1,168,253,66.4,18,16,0,0,0,50,0,0,168,0,0,0,0
p0666,I.E FUNDADORES,13,11,verde,1,186,255,72.94,17,0,0,0,0,36,7,0,186,0,0,0,0
p0666,I.E FUNDADORES,13,12,verde,1,179,267,67.04,14,17,0,0,0,48,0,0,179,0,0,0,0
p0666,I.E FUNDADORES,13,13,verde,1,178,277,64.26,23,9,0,0,0,61,0,0,178,0,0,0,0
p0666,I.E FUNDADORES,13,14,verde,1,109,206,52.91,14,16,0,0,0,62,0,0,109,0,0,0,0
p0666,I.E FUNDADORES,13,15,amarillo,2,55,161,34.16,6,20,0,0,0,77,0,0,55,0,0,0,0
p0666,I.E FUNDADORES,13,16,amarillo,2,24,67,35.82,5,3,0,0,0,32,0,0,24,0,0,0,0
p0667,I.E. GABRIELA GOMEZ CARVAJAL,09,1,verde,1,162,249,65.06,27,14,0,0,0,40,0,0,162,0,0,0,0
p0667,I.E. GABRIELA GOMEZ CARVAJAL,09,2,verde,1,149,239,62.34,22,9,0,0,0,53,0,0,149,0,0,0,0
p0667,I.E. GABRIELA GOMEZ CARVAJAL,09,3,verde,1,142,252,56.35,23,19,0,0,0,61,0,0,142,0,0,0,0
p0667,I.E. GABRIELA GOMEZ CARVAJAL,09,4,verde,1,147,235,62.55,20,19,0,0,0,48,0,0,147,0,0,0,0
p0667,I.E. GABRIELA GOMEZ CARVAJAL,09,5,verde,1,182,261,69.73,20,16,0,0,0,35,0,0,182,0,0,0,0
p0667,I.E. GABRIELA GOMEZ CARVAJAL,09,6,verde,1,155,261,59.39,27,26,0,0,0,47,0,0,155,0,0,0,0
p0667,I.E. GABRIELA GOMEZ CARVAJAL,09,7,verde,1,171,270,63.33,32,20,0,0,0,44,0,0,171,0,0,0,0
p0667,I.E. GABRIELA GOMEZ CARVAJAL,09,8,verde,1,167,269,62.08,20,21,0,0,0,53,0,0,167,0,0,0,0
p0667,I.E. GABRIELA GOMEZ CARVAJAL,09,9,verde,1,157,269,58.36,28,22,0,0,0,56,0,0,157,0,0,0,0
p0667,I.E. GABRIELA GOMEZ CARVAJAL,09,10,verde,1,148,256,57.81,42,8,0,0,0,52,0,0,148,0,0,0,0
p0667,I.E. GABRIELA GOMEZ CARVAJAL,09,11,verde,1,151,262,57.63,28,17,0,0,0,64,0,0,151,0,0,0,0
p0667,I.E. GABRIELA GOMEZ CARVAJAL,09,12,verde,1,169,255,66.27,21,14,0,0,0,49,0,0,169,0,0,0,0
p0667,I.E. GABRIELA GOMEZ CARVAJAL,09,13,verde,1,164,259,63.32,12,11,0,0,0,66,0,0,164,0,0,0,0
p0667,I.E. GABRIELA GOMEZ CARVAJAL,09,14,verde,1,76,190,40.0,7,31,0,0,0,71,0,0,76,0,0,0,0
p0667,I.E. GABRIELA GOMEZ CARVAJAL,09,15,amarillo,2,72,194,37.11,6,29,0,0,0,84,0,0,72,0,0,0,0
p0667,I.E. GABRIELA GOMEZ CARVAJAL,09,16,amarillo,2,55,199,27.64,9,28,0,0,0,101,0,0,55,0,0,0,0
p0667,I.E. GABRIELA GOMEZ CARVAJAL,09,17,verde,1,89,196,45.41,12,24,0,0,0,65,0,0,89,0,0,0,0
p0667,I.E. GABRIELA GOMEZ CARVAJAL,09,18,verde,1,111,215,51.63,13,23,0,0,0,66,0,0,111,0,0,0,0
p0667,I.E. GABRIELA GOMEZ CARVAJAL,09,19,verde,1,88,230,38.26,17,34,0,0,0,86,0,0,88,0,0,0,0
p0667,I.E. GABRIELA GOMEZ CARVAJAL,09,20,verde,1,84,206,40.78,11,26,0,0,0,81,0,0,84,0,0,0,0
p0667,I.E. GABRIELA GOMEZ CARVAJAL,09,21,amarillo,2,52,198,26.26,5,32,0,0,0,99,0,0,52,0,0,0,0
p0667,I.E. GABRIELA GOMEZ CARVAJAL,09,22,verde,1,94,220,42.73,11,37,0,0,0,76,0,0,94,0,0,0,0
p0667,I.E. GABRIELA GOMEZ CARVAJAL,09,23,verde,1,139,281,49.47,14,26,0,0,0,97,0,0,139,0,0,0,0
p0667,I.E. GABRIELA GOMEZ CARVAJAL,09,24,verde,1,115,243,47.33,8,26,0,0,0,88,0,0,115,0,0,0,0
p0667,I.E. GABRIELA GOMEZ CARVAJAL,09,25,amarillo,2,93,242,38.43,9,21,0,0,0,118,0,0,93,0,0,0,0
p0667,I.E. GABRIELA GOMEZ CARVAJAL,09,26,verde,1,87,207,42.03,19,17,0,0,0,79,0,0,87,0,0,0,0
p0667,I.E. GABRIELA GOMEZ CARVAJAL,09,27,verde,1,99,188,52.66,11,15,0,0,0,58,0,0,99,0,0,0,0
p0667,I.E. GABRIELA GOMEZ CARVAJAL,09,28,amarillo,2,73,211,34.6,8,28,0,0,0,99,0,0,73,0,0,0,0
p0668,I.E. GILBERTO ALZATE AVENDAÑO,04,1,verde,1,104,200,52.0,34,15,0,0,0,44,0,0,104,0,0,0,0
p0668,I.E. GILBERTO ALZATE AVENDAÑO,04,2,verde,1,138,240,57.5,26,7,0,0,0,64,0,0,138,0,0,0,0
p0668,I.E. GILBERTO ALZATE AVENDAÑO,04,3,verde,1,134,193,69.43,20,11,0,0,0,24,0,0,134,0,0,0,0
p0668,I.E. GILBERTO ALZATE AVENDAÑO,04,4,verde,1,130,219,59.36,27,15,0,0,0,42,0,0,130,0,0,0,0
p0668,I.E. GILBERTO ALZATE AVENDAÑO,04,5,verde,1,139,214,64.95,34,9,0,0,0,30,0,0,139,0,0,0,0
p0668,I.E. GILBERTO ALZATE AVENDAÑO,04,6,verde,1,135,228,59.21,20,15,0,0,0,56,0,0,135,0,0,0,0
p0668,I.E. GILBERTO ALZATE AVENDAÑO,04,7,verde,1,159,245,64.9,34,11,0,0,0,40,0,0,159,0,0,0,0
p0668,I.E. GILBERTO ALZATE AVENDAÑO,04,8,verde,1,170,262,64.89,25,14,0,0,0,50,0,0,170,0,0,0,0
p0668,I.E. GILBERTO ALZATE AVENDAÑO,04,9,verde,1,150,241,62.24,28,15,0,0,0,45,0,0,150,0,0,0,0
p0668,I.E. GILBERTO ALZATE AVENDAÑO,04,10,verde,1,163,257,63.42,23,15,0,0,0,48,0,0,163,0,0,0,0
p0668,I.E. GILBERTO ALZATE AVENDAÑO,04,11,verde,1,143,231,61.9,19,23,0,0,0,44,0,0,143,0,0,0,0
p0668,I.E. GILBERTO ALZATE AVENDAÑO,04,12,verde,1,143,231,61.9,24,11,0,0,0,47,0,0,143,0,0,0,0
p0668,I.E. GILBERTO ALZATE AVENDAÑO,04,13,verde,1,147,237,62.03,33,8,0,0,0,45,0,0,147,0,0,0,0
p0668,I.E. GILBERTO ALZATE AVENDAÑO,04,14,verde,1,163,251,64.94,16,14,0,0,0,51,0,0,163,0,0,0,0
p0668,I.E. GILBERTO ALZATE AVENDAÑO,04,15,verde,1,151,241,62.66,19,6,0,0,0,59,0,0,151,0,0,0,0
p0668,I.E. GILBERTO ALZATE AVENDAÑO,04,16,amarillo,2,53,172,30.81,4,26,0,0,0,85,0,0,53,0,0,0,0
p0668,I.E. GILBERTO ALZATE AVENDAÑO,04,17,amarillo,2,47,172,27.33,0,22,0,0,0,97,4,0,47,0,0,0,0
p0668,I.E. GILBERTO ALZATE AVENDAÑO,04,18,amarillo,2,56,179,31.28,4,24,0,0,0,93,0,0,56,0,0,0,0
p0668,I.E. GILBERTO ALZATE AVENDAÑO,04,19,verde,1,75,158,47.47,4,20,0,0,0,55,0,0,75,0,0,0,0
p0668,I.E. GILBERTO ALZATE AVENDAÑO,04,20,verde,1,91,179,50.84,7,21,0,0,0,57,0,0,91,0,0,0,0
p0668,I.E. GILBERTO ALZATE AVENDAÑO,04,21,amarillo,2,80,200,40.0,7,30,0,0,0,81,0,0,80,0,0,0,0
p0668,I.E. GILBERTO ALZATE AVENDAÑO,04,22,verde,1,73,185,39.46,12,26,0,0,0,71,0,0,73,0,0,0,0
p0668,I.E. GILBERTO ALZATE AVENDAÑO,04,23,verde,1,108,229,47.16,9,23,0,0,0,87,0,0,108,0,0,0,0
p0668,I.E. GILBERTO ALZATE AVENDAÑO,04,24,verde,1,110,243,45.27,8,31,0,0,0,91,0,0,110,0,0,0,0
p0668,I.E. GILBERTO ALZATE AVENDAÑO,04,25,verde,1,103,196,52.55,11,18,0,0,0,57,0,0,103,0,0,0,0
p0668,I.E. GILBERTO ALZATE AVENDAÑO,04,26,verde,1,86,181,47.51,9,25,0,0,0,59,0,0,86,0,0,0,0
p0668,I.E. GILBERTO ALZATE AVENDAÑO,04,27,verde,1,91,175,52.0,0,10,0,0,0,69,3,0,91,0,0,0,0
p0668,I.E. GILBERTO ALZATE AVENDAÑO,04,28,verde,1,79,190,41.58,9,28,0,0,0,69,0,0,79,0,0,0,0
p0668,I.E. GILBERTO ALZATE AVENDAÑO,04,29,amarillo,2,68,178,38.2,7,24,0,0,0,77,0,0,68,0,0,0,0
p0668,I.E. GILBERTO ALZATE AVENDAÑO,04,30,amarillo,2,92,218,42.2,8,18,0,0,0,96,0,0,92,0,0,0,0
p0668,I.E. GILBERTO ALZATE AVENDAÑO,04,31,verde,1,80,196,40.82,5,30,0,0,0,77,0,0,80,0,0,0,0
p0668,I.E. GILBERTO ALZATE AVENDAÑO,04,32,amarillo,2,64,214,29.91,11,26,0,0,0,106,0,0,64,0,0,0,0
p0668,I.E. GILBERTO ALZATE AVENDAÑO,04,33,amarillo,2,25,73,34.25,3,16,0,0,0,28,0,0,25,0,0,0,0
p0669,I.E.GUADALUPANO LA SALLE,09,1,verde,1,115,208,55.29,31,7,0,0,0,48,0,0,115,0,0,0,0
p0669,I.E.GUADALUPANO LA SALLE,09,2,verde,1,114,223,51.12,41,8,0,0,0,56,0,0,114,0,0,0,0
p0669,I.E.GUADALUPANO LA SALLE,09,3,verde,1,123,195,63.08,26,9,0,0,0,32,0,0,123,0,0,0,0
p0669,I.E.GUADALUPANO LA SALLE,09,4,verde,1,144,222,64.86,23,12,0,0,0,38,0,0,144,0,0,0,0
p0669,I.E.GUADALUPANO LA SALLE,09,5,verde,1,146,239,61.09,24,20,0,0,0,46,0,0,146,0,0,0,0
p0669,I.E.GUADALUPANO LA SALLE,09,6,verde,1,144,216,66.67,26,14,0,0,0,28,0,0,144,0,0,0,0
p0669,I.E.GUADALUPANO LA SALLE,09,7,verde,1,136,231,58.87,35,12,0,0,0,47,0,0,136,0,0,0,0
p0669,I.E.GUADALUPANO LA SALLE,09,8,verde,1,166,258,64.34,32,19,0,0,0,36,0,0,166,0,0,0,0
p0669,I.E.GUADALUPANO LA SALLE,09,9,verde,1,168,262,64.12,29,16,0,0,0,43,0,0,168,0,0,0,0
p0669,I.E.GUADALUPANO LA SALLE,09,10,verde,1,169,261,64.75,30,17,0,0,0,40,0,0,169,0,0,0,0
p0669,I.E.GUADALUPANO LA SALLE,09,11,verde,1,144,242,59.5,36,22,0,0,0,36,0,0,144,0,0,0,0
p0669,I.E.GUADALUPANO LA SALLE,09,12,verde,1,156,253,61.66,19,18,0,0,0,56,0,0,156,0,0,0,0
p0669,I.E.GUADALUPANO LA SALLE,09,13,verde,1,144,239,60.25,19,21,0,0,0,53,0,0,144,0,0,0,0
p0669,I.E.GUADALUPANO LA SALLE,09,14,verde,1,142,245,57.96,31,11,0,0,0,54,0,0,142,0,0,0,0
p0669,I.E.GUADALUPANO LA SALLE,09,15,verde,1,165,251,65.74,18,14,0,0,0,45,0,0,165,0,0,0,0
p0669,I.E.GUADALUPANO LA SALLE,09,16,verde,1,168,240,70.0,20,4,0,0,0,42,0,0,168,0,0,0,0
p0669,I.E.GUADALUPANO LA SALLE,09,17,verde,1,178,259,68.73,14,14,0,0,0,49,0,0,178,0,0,0,0
p0669,I.E.GUADALUPANO LA SALLE,09,18,verde,1,151,240,62.92,20,10,0,0,0,54,0,0,151,0,0,0,0
p0669,I.E.GUADALUPANO LA SALLE,09,19,amarillo,2,67,186,36.02,10,27,0,0,0,76,0,0,67,0,0,0,0
p0669,I.E.GUADALUPANO LA SALLE,09,20,amarillo,2,72,204,35.29,7,39,0,0,0,82,0,0,72,0,0,0,0
p0669,I.E.GUADALUPANO LA SALLE,09,21,amarillo,2,55,179,30.73,8,28,0,0,0,86,0,0,55,0,0,0,0
p0669,I.E.GUADALUPANO LA SALLE,09,22,verde,1,114,214,53.27,14,21,0,0,0,60,0,0,114,0,0,0,0
p0669,I.E.GUADALUPANO LA SALLE,09,23,verde,1,98,202,48.51,11,31,0,0,0,59,0,0,98,0,0,0,0
p0669,I.E.GUADALUPANO LA SALLE,09,24,verde,1,86,176,48.86,7,14,0,0,0,65,0,0,86,0,0,0,0
p0669,I.E.GUADALUPANO LA SALLE,09,25,amarillo,2,65,174,37.36,7,20,0,0,0,79,0,0,65,0,0,0,0
p0669,I.E.GUADALUPANO LA SALLE,09,26,verde,1,99,200,49.5,10,24,0,0,0,65,0,0,99,0,0,0,0
p0669,I.E.GUADALUPANO LA SALLE,09,27,verde,1,133,248,53.63,11,28,0,0,0,74,0,0,133,0,0,0,0
p0669,I.E.GUADALUPANO LA SALLE,09,28,rojo,3,92,307,29.97,16,98,0,0,0,96,0,0,92,0,0,0,0
p0669,I.E.GUADALUPANO LA SALLE,09,29,verde,1,88,206,42.72,16,12,0,0,0,87,0,0,88,0,0,0,0
p0669,I.E.GUADALUPANO LA SALLE,09,30,verde,1,93,195,47.69,12,14,0,0,0,73,0,0,93,0,0,0,0
p0669,I.E.GUADALUPANO LA SALLE,09,31,verde,1,78,195,40.0,7,31,0,0,0,75,0,0,78,0,0,0,0
p0669,I.E.GUADALUPANO LA SALLE,09,32,amarillo,2,45,105,42.86,4,6,0,0,0,50,0,0,45,0,0,0,0
p0670,I.E.GUADALUPE,01,1,verde,1,120,232,51.72,30,11,0,0,0,61,0,0,120,0,0,0,0
p0670,I.E.GUADALUPE,01,2,verde,1,121,231,52.38,27,14,0,0,0,58,0,0,121,0,0,0,0
p0670,I.E.GUADALUPE,01,3,verde,1,141,260,54.23,37,7,0,0,0,65,0,0,141,0,0,0,0
p0670,I.E.GUADALUPE,01,4,verde,1,85,198,42.93,9,16,0,0,0,82,0,0,85,0,0,0,0
p0670,I.E.GUADALUPE,01,5,amarillo,2,39,152,25.66,5,19,0,0,0,87,0,0,39,0,0,0,0
p0670,I.E.GUADALUPE,01,6,amarillo,2,39,146,26.71,9,18,0,0,0,78,0,0,39,0,0,0,0
p0670,I.E.GUADALUPE,01,7,verde,1,61,123,49.59,7,10,0,0,0,41,0,0,61,0,0,0,0
p0670,I.E.GUADALUPE,01,8,verde,1,55,108,50.93,4,10,0,0,0,35,0,0,55,0,0,0,0
p0670,I.E.GUADALUPE,01,9,verde,1,59,129,45.74,8,14,0,0,0,44,0,0,59,0,0,0,0
p0670,I.E.GUADALUPE,01,10,amarillo,2,48,168,28.57,6,30,0,0,0,81,0,0,48,0,0,0,0
p0670,I.E.GUADALUPE,01,11,amarillo,2,49,153,32.03,6,24,0,0,0,70,0,0,49,0,0,0,0
p0670,I.E.GUADALUPE,01,12,amarillo,2,49,145,33.79,5,23,0,0,0,65,0,0,49,0,0,0,0
p0670,I.E.GUADALUPE,01,13,verde,1,89,216,41.2,15,22,0,0,0,87,0,0,89,0,0,0,0
p0670,I.E.GUADALUPE,01,14,amarillo,2,60,167,35.93,6,13,0,0,0,84,0,0,60,0,0,0,0
p0670,I.E.GUADALUPE,01,15,verde,1,66,130,50.77,12,10,0,0,0,38,0,0,66,0,0,0,0
p0670,I.E.GUADALUPE,01,16,verde,1,59,91,64.84,5,7,0,0,0,20,0,0,59,0,0,0,0
p0670,I.E.GUADALUPE,01,17,verde,1,70,128,54.69,7,12,0,0,0,35,0,0,70,0,0,0,0
p0670,I.E.GUADALUPE,01,18,verde,1,70,121,57.85,7,12,0,0,0,31,0,0,70,0,0,0,0
p0670,I.E.GUADALUPE,01,19,verde,1,53,104,50.96,10,7,0,0,0,30,0,0,53,0,0,0,0
p0670,I.E.GUADALUPE,01,20,verde,1,46,92,50.0,6,13,0,0,0,26,0,0,46,0,0,0,0
p0670,I.E.GUADALUPE,01,21,verde,1,40,86,46.51,6,6,0,0,0,33,0,0,40,0,0,0,0
p0670,I.E.GUADALUPE,01,22,verde,1,40,94,42.55,4,9,0,0,0,39,0,0,40,0,0,0,0
p0670,I.E.GUADALUPE,01,23,verde,1,73,156,46.79,8,18,0,0,0,56,0,0,73,0,0,0,0
p0670,I.E.GUADALUPE,01,24,verde,1,79,190,41.58,11,21,0,0,0,72,0,0,79,0,0,0,0
p0670,I.E.GUADALUPE,01,25,amarillo,2,18,42,42.86,1,3,0,0,0,19,0,0,18,0,0,0,0
p0671,I.E. GUILLERMO VALENCIA,16,1,verde,1,173,247,70.04,21,9,0,0,0,42,0,0,173,0,0,0,0
p0671,I.E. GUILLERMO VALENCIA,16,2,verde,1,178,258,68.99,26,8,0,0,0,43,0,0,178,0,0,0,0
p0671,I.E. GUILLERMO VALENCIA,16,3,verde,1,196,263,74.52,25,12,0,0,0,28,0,0,196,0,0,0,0
p0671,I.E. GUILLERMO VALENCIA,16,4,verde,1,220,271,81.18,23,6,0,0,0,21,0,0,220,0,0,0,0
p0671,I.E. GUILLERMO VALENCIA,16,5,verde,1,199,282,70.57,31,15,0,0,0,34,0,0,199,0,0,0,0
p0671,I.E. GUILLERMO VALENCIA,16,6,verde,1,215,287,74.91,18,18,0,0,0,35,0,0,215,0,0,0,0
p0671,I.E. GUILLERMO VALENCIA,16,7,verde,1,199,280,71.07,28,19,0,0,0,33,0,0,199,0,0,0,0
p0671,I.E. GUILLERMO VALENCIA,16,8,verde,1,195,270,72.22,29,13,0,0,0,29,0,0,195,0,0,0,0
p0671,I.E. GUILLERMO VALENCIA,16,9,verde,1,210,277,75.81,23,18,0,0,0,24,0,0,210,0,0,0,0
p0671,I.E. GUILLERMO VALENCIA,16,10,verde,1,177,268,66.04,28,12,0,0,0,48,0,0,177,0,0,0,0
p0671,I.E. GUILLERMO VALENCIA,16,11,verde,1,207,286,72.38,22,8,0,0,0,45,0,0,207,0,0,0,0
p0671,I.E. GUILLERMO VALENCIA,16,12,verde,1,188,273,68.86,19,4,0,0,0,57,0,0,188,0,0,0,0
p0671,I.E. GUILLERMO VALENCIA,16,13,verde,1,171,275,62.18,25,21,0,0,0,56,0,0,171,0,0,0,0
p0671,I.E. GUILLERMO VALENCIA,16,14,verde,1,89,204,43.63,9,48,0,0,0,57,0,0,89,0,0,0,0
p0671,I.E. GUILLERMO VALENCIA,16,15,verde,1,107,213,50.23,12,37,0,0,0,54,0,0,107,0,0,0,0
p0671,I.E. GUILLERMO VALENCIA,16,16,verde,1,111,219,50.68,12,36,0,0,0,55,0,0,111,0,0,0,0
p0671,I.E. GUILLERMO VALENCIA,16,17,verde,1,120,230,52.17,14,29,0,0,0,66,0,0,120,0,0,0,0
p0671,I.E. GUILLERMO VALENCIA,16,18,verde,1,143,232,61.64,12,32,0,0,0,43,0,0,143,0,0,0,0
p0671,I.E. GUILLERMO VALENCIA,16,19,verde,1,118,220,53.64,10,27,0,0,0,62,0,0,118,0,0,0,0
p0671,I.E. GUILLERMO VALENCIA,16,20,verde,1,111,223,49.78,20,28,0,0,0,59,0,0,111,0,0,0,0
p0671,I.E. GUILLERMO VALENCIA,16,21,verde,1,104,228,45.61,13,44,0,0,0,62,0,0,104,0,0,0,0
p0671,I.E. GUILLERMO VALENCIA,16,22,verde,1,98,211,46.45,11,44,0,0,0,56,0,0,98,0,0,0,0
p0671,I.E. GUILLERMO VALENCIA,16,23,verde,1,35,79,44.3,6,18,0,0,0,20,0,0,35,0,0,0,0
p0672,I.E. HECTOR ABAD GOMEZ,10,1,verde,1,144,275,52.36,27,11,0,0,0,90,0,0,144,0,0,0,0
p0672,I.E. HECTOR ABAD GOMEZ,10,2,verde,1,160,287,55.75,38,5,0,0,0,81,0,0,160,0,0,0,0
p0672,I.E. HECTOR ABAD GOMEZ,10,3,verde,1,180,282,63.83,27,9,0,0,0,64,0,0,180,0,0,0,0
p0672,I.E. HECTOR ABAD GOMEZ,10,4,verde,1,145,282,51.42,29,18,0,0,0,87,0,0,145,0,0,0,0
p0672,I.E. HECTOR ABAD GOMEZ,10,5,verde,1,180,292,61.64,28,14,0,0,0,67,0,0,180,0,0,0,0
p0672,I.E. HECTOR ABAD GOMEZ,10,6,verde,1,152,270,56.3,32,21,0,0,0,64,0,0,152,0,0,0,0
p0672,I.E. HECTOR ABAD GOMEZ,10,7,verde,1,118,258,45.74,31,11,0,0,0,92,0,0,118,0,0,0,0
p0672,I.E. HECTOR ABAD GOMEZ,10,8,verde,1,139,254,54.72,32,13,0,0,0,68,0,0,139,0,0,0,0
p0672,I.E. HECTOR ABAD GOMEZ,10,9,verde,1,155,259,59.85,35,5,0,0,0,60,0,0,155,0,0,0,0
p0672,I.E. HECTOR ABAD GOMEZ,10,10,verde,1,157,251,62.55,31,2,0,0,0,60,0,0,157,0,0,0,0
p0672,I.E. HECTOR ABAD GOMEZ,10,11,verde,1,160,260,61.54,22,9,0,0,0,63,0,0,160,0,0,0,0
p0672,I.E. HECTOR ABAD GOMEZ,10,12,verde,1,141,247,57.09,37,8,0,0,0,58,0,0,141,0,0,0,0
p0672,I.E. HECTOR ABAD GOMEZ,10,13,verde,1,148,243,60.91,28,3,0,0,0,63,0,0,148,0,0,0,0
p0672,I.E. HECTOR ABAD GOMEZ,10,14,verde,1,154,245,62.86,25,10,0,0,0,51,0,0,154,0,0,0,0
p0672,I.E. HECTOR ABAD GOMEZ,10,15,verde,1,128,237,54.01,29,13,0,0,0,66,0,0,128,0,0,0,0
p0672,I.E. HECTOR ABAD GOMEZ,10,16,verde,1,122,253,48.22,19,13,0,0,0,95,0,0,122,0,0,0,0
p0672,I.E. HECTOR ABAD GOMEZ,10,17,verde,1,161,242,66.53,16,7,0,0,0,55,0,0,161,0,0,0,0
p0672,I.E. HECTOR ABAD GOMEZ,10,18,verde,1,158,248,63.71,19,6,0,0,0,62,0,0,158,0,0,0,0
p0672,I.E. HECTOR ABAD GOMEZ,10,19,amarillo,2,65,217,29.95,9,42,0,0,0,99,0,0,65,0,0,0,0
p0672,I.E. HECTOR ABAD GOMEZ,10,20,amarillo,2,62,191,32.46,8,31,0,0,0,89,0,0,62,0,0,0,0
p0672,I.E. HECTOR ABAD GOMEZ,10,21,verde,1,92,197,46.7,17,24,0,0,0,60,0,0,92,0,0,0,0
p0672,I.E. HECTOR ABAD GOMEZ,10,22,verde,1,85,214,39.72,23,26,0,0,0,72,0,0,85,0,0,0,0
p0672,I.E. HECTOR ABAD GOMEZ,10,23,amarillo,2,67,197,34.01,8,44,0,0,0,76,0,0,67,0,0,0,0
p0672,I.E. HECTOR ABAD GOMEZ,10,24,amarillo,2,75,208,36.06,11,33,0,0,0,86,0,0,75,0,0,0,0
p0672,I.E. HECTOR ABAD GOMEZ,10,25,amarillo,2,87,245,35.51,13,34,0,0,0,108,0,0,87,0,0,0,0
p0672,I.E. HECTOR ABAD GOMEZ,10,26,verde,1,113,254,44.49,7,32,0,0,0,95,0,0,113,0,0,0,0
p0672,I.E. HECTOR ABAD GOMEZ,10,27,amarillo,2,82,227,36.12,0,22,0,0,0,123,0,0,82,0,0,0,0
p0672,I.E. HECTOR ABAD GOMEZ,10,28,verde,1,69,123,56.1,11,13,0,0,0,27,0,0,69,0,0,0,0
p0672,I.E. HECTOR ABAD GOMEZ,10,29,verde,1,103,219,47.03,22,19,0,0,0,71,0,0,103,0,0,0,0
p0672,I.E. HECTOR ABAD GOMEZ,10,30,amarillo,2,77,218,35.32,15,35,0,0,0,89,0,0,77,0,0,0,0
p0672,I.E. HECTOR ABAD GOMEZ,10,31,verde,1,28,70,40.0,4,9,0,0,0,28,0,0,28,0,0,0,0
p0673,I.E. HERNAN TORO AGUDELO,03,1,verde,1,121,211,57.35,38,9,0,0,0,43,0,0,121,0,0,0,0
p0673,I.E. HERNAN TORO AGUDELO,03,2,verde,1,160,244,65.57,36,5,0,0,0,36,0,0,160,0,0,0,0
p0673,I.E. HERNAN TORO AGUDELO,03,3,verde,1,130,203,64.04,18,10,0,0,0,42,0,0,130,0,0,0,0
p0673,I.E. HERNAN TORO AGUDELO,03,4,verde,1,148,224,66.07,23,22,0,0,0,25,0,0,148,0,0,0,0
p0673,I.E. HERNAN TORO AGUDELO,03,5,verde,1,155,233,66.52,18,20,0,0,0,40,0,0,155,0,0,0,0
p0673,I.E. HERNAN TORO AGUDELO,03,6,verde,1,143,209,68.42,38,2,0,0,0,23,0,0,143,0,0,0,0
p0673,I.E. HERNAN TORO AGUDELO,03,7,verde,1,155,242,64.05,23,11,0,0,0,50,0,0,155,0,0,0,0
p0673,I.E. HERNAN TORO AGUDELO,03,8,verde,1,164,253,64.82,25,18,0,0,0,41,0,0,164,0,0,0,0
p0673,I.E. HERNAN TORO AGUDELO,03,9,verde,1,153,255,60.0,42,21,0,0,0,36,0,0,153,0,0,0,0
p0673,I.E. HERNAN TORO AGUDELO,03,10,verde,1,159,253,62.85,30,25,0,0,0,34,0,0,159,0,0,0,0
p0673,I.E. HERNAN TORO AGUDELO,03,11,verde,1,155,255,60.78,27,23,0,0,0,49,0,0,155,0,0,0,0
p0673,I.E. HERNAN TORO AGUDELO,03,12,verde,1,159,262,60.69,32,26,0,0,0,44,0,0,159,0,0,0,0
p0673,I.E. HERNAN TORO AGUDELO,03,13,verde,1,157,266,59.02,23,24,0,0,0,55,0,0,157,0,0,0,0
p0673,I.E. HERNAN TORO AGUDELO,03,14,verde,1,147,249,59.04,22,17,0,0,0,57,0,0,147,0,0,0,0
p0673,I.E. HERNAN TORO AGUDELO,03,15,verde,1,132,257,51.36,36,16,0,0,0,65,0,0,132,0,0,0,0
p0673,I.E. HERNAN TORO AGUDELO,03,16,verde,1,167,257,64.98,22,11,0,0,0,56,0,0,167,0,0,0,0
p0673,I.E. HERNAN TORO AGUDELO,03,17,verde,1,151,255,59.22,22,14,0,0,0,64,0,0,151,0,0,0,0
p0673,I.E. HERNAN TORO AGUDELO,03,18,verde,1,148,250,59.2,31,12,0,0,0,55,0,0,148,0,0,0,0
p0673,I.E. HERNAN TORO AGUDELO,03,19,verde,1,173,272,63.6,30,13,0,0,0,52,0,0,173,0,0,0,0
p0673,I.E. HERNAN TORO AGUDELO,03,20,verde,1,162,254,63.78,22,13,0,0,0,54,0,0,162,0,0,0,0
p0673,I.E. HERNAN TORO AGUDELO,03,21,verde,1,150,248,60.48,27,17,0,0,0,50,0,0,150,0,0,0,0
p0673,I.E. HERNAN TORO AGUDELO,03,22,amarillo,2,63,153,41.18,8,0,0,0,0,80,2,0,63,0,0,0,0
p0673,I.E. HERNAN TORO AGUDELO,03,23,amarillo,2,47,193,24.35,6,40,0,0,0,96,0,0,47,0,0,0,0
p0673,I.E. HERNAN TORO AGUDELO,03,24,amarillo,2,67,194,34.54,8,36,0,0,0,79,0,0,67,0,0,0,0
p0673,I.E. HERNAN TORO AGUDELO,03,25,amarillo,2,54,184,29.35,11,39,0,0,0,79,0,0,54,0,0,0,0
p0673,I.E. HERNAN TORO AGUDELO,03,26,verde,1,86,197,43.65,18,29,0,0,0,59,0,0,86,0,0,0,0
p0673,I.E. HERNAN TORO AGUDELO,03,27,verde,1,99,219,45.21,8,29,0,0,0,81,0,0,99,0,0,0,0
p0673,I.E. HERNAN TORO AGUDELO,03,28,amarillo,2,63,188,33.51,6,27,0,0,0,88,0,0,63,0,0,0,0
p0673,I.E. HERNAN TORO AGUDELO,03,29,verde,1,69,176,39.2,3,38,0,0,0,62,0,0,69,0,0,0,0
p0673,I.E. HERNAN TORO AGUDELO,03,30,amarillo,2,67,184,36.41,12,35,0,0,0,69,0,0,67,0,0,0,0
p0673,I.E. HERNAN TORO AGUDELO,03,31,verde,1,105,225,46.67,7,31,0,0,0,82,0,0,105,0,0,0,0
p0673,I.E. HERNAN TORO AGUDELO,03,32,verde,1,119,255,46.67,6,35,0,0,0,90,0,0,119,0,0,0,0
p0673,I.E. HERNAN TORO AGUDELO,03,33,amarillo,2,78,228,34.21,12,31,0,0,0,100,0,0,78,0,0,0,0
p0673,I.E. HERNAN TORO AGUDELO,03,34,verde,1,94,220,42.73,7,27,0,0,0,91,0,0,94,0,0,0,0
p0673,I.E. HERNAN TORO AGUDELO,03,35,verde,1,100,213,46.95,17,26,0,0,0,66,0,0,100,0,0,0,0
p0673,I.E. HERNAN TORO AGUDELO,03,36,verde,1,89,190,46.84,11,22,0,0,0,61,0,0,89,0,0,0,0
p0673,I.E. HERNAN TORO AGUDELO,03,37,verde,1,94,228,41.23,9,33,0,0,0,91,0,0,94,0,0,0,0
p0673,I.E. HERNAN TORO AGUDELO,03,38,verde,1,87,216,40.28,8,35,0,0,0,86,0,0,87,0,0,0,0
p0673,I.E. HERNAN TORO AGUDELO,03,39,verde,1,29,64,45.31,5,11,0,0,0,19,0,0,29,0,0,0,0
p0674,I.E HORACIO MUÑOZ SUESCUN,16,1,verde,1,170,235,72.34,33,8,0,0,0,22,0,0,170,0,0,0,0
p0674,I.E HORACIO MUÑOZ SUESCUN,16,2,verde,1,183,261,70.11,26,4,0,0,0,44,0,0,183,0,0,0,0
p0674,I.E HORACIO MUÑOZ SUESCUN,16,3,verde,1,170,211,80.57,22,2,0,0,0,17,0,0,170,0,0,0,0
p0674,I.E HORACIO MUÑOZ SUESCUN,16,4,verde,1,169,226,74.78,26,12,0,0,0,19,0,0,169,0,0,0,0
p0674,I.E HORACIO MUÑOZ SUESCUN,16,5,verde,1,224,260,86.15,15,7,0,0,0,14,0,0,224,0,0,0,0
p0674,I.E HORACIO MUÑOZ SUESCUN,16,6,verde,1,184,263,69.96,33,12,0,0,0,32,0,0,184,0,0,0,0
p0674,I.E HORACIO MUÑOZ SUESCUN,16,7,verde,1,193,259,74.52,34,9,0,0,0,20,0,0,193,0,0,0,0
p0674,I.E HORACIO MUÑOZ SUESCUN,16,8,verde,1,188,272,69.12,34,13,0,0,0,33,0,0,188,0,0,0,0
p0674,I.E HORACIO MUÑOZ SUESCUN,16,9,verde,1,184,254,72.44,29,17,0,0,0,21,0,0,184,0,0,0,0
p0674,I.E HORACIO MUÑOZ SUESCUN,16,10,verde,1,175,244,71.72,19,23,0,0,0,27,0,0,175,0,0,0,0
p0674,I.E HORACIO MUÑOZ SUESCUN,16,11,verde,1,199,270,73.7,26,4,0,0,0,39,0,0,199,0,0,0,0
p0674,I.E HORACIO MUÑOZ SUESCUN,16,12,verde,1,190,253,75.1,20,11,0,0,0,32,0,0,190,0,0,0,0
p0674,I.E HORACIO MUÑOZ SUESCUN,16,13,verde,1,211,268,78.73,27,3,0,0,0,24,0,0,211,0,0,0,0
p0674,I.E HORACIO MUÑOZ SUESCUN,16,14,verde,1,176,246,71.54,20,12,0,0,0,37,0,0,176,0,0,0,0
p0674,I.E HORACIO MUÑOZ SUESCUN,16,15,verde,1,96,221,43.44,11,45,0,0,0,68,0,0,96,0,0,0,0
p0674,I.E HORACIO MUÑOZ SUESCUN,16,16,amarillo,2,66,185,35.68,9,27,0,0,0,83,0,0,66,0,0,0,0
p0674,I.E HORACIO MUÑOZ SUESCUN,16,17,verde,1,84,202,41.58,11,35,0,0,0,70,0,0,84,0,0,0,0
p0674,I.E HORACIO MUÑOZ SUESCUN,16,18,verde,1,110,240,45.83,12,34,0,0,0,80,0,0,110,0,0,0,0
p0674,I.E HORACIO MUÑOZ SUESCUN,16,19,verde,1,89,203,43.84,13,35,0,0,0,64,0,0,89,0,0,0,0
p0674,I.E HORACIO MUÑOZ SUESCUN,16,20,verde,1,119,213,55.87,25,29,0,0,0,38,0,0,119,0,0,0,0
p0674,I.E HORACIO MUÑOZ SUESCUN,16,21,verde,1,142,235,60.43,14,36,0,0,0,40,0,0,142,0,0,0,0
p0674,I.E HORACIO MUÑOZ SUESCUN,16,22,verde,1,105,232,45.26,9,47,0,0,0,69,0,0,105,0,0,0,0
p0674,I.E HORACIO MUÑOZ SUESCUN,16,23,verde,1,24,45,53.33,1,6,0,0,0,14,0,0,24,0,0,0,0
p0675,I.E. INEM JOSE FELIX DE RESTREPO,14,1,verde,1,227,307,73.94,38,9,0,0,0,30,0,0,227,0,0,0,0
p0675,I.E. INEM JOSE FELIX DE RESTREPO,14,2,verde,1,239,316,75.63,38,13,0,0,0,24,0,0,239,0,0,0,0
p0675,I.E. INEM JOSE FELIX DE RESTREPO,14,3,verde,1,236,308,76.62,43,8,0,0,0,18,0,0,236,0,0,0,0
p0675,I.E. INEM JOSE FELIX DE RESTREPO,14,4,verde,1,226,285,79.3,43,8,0,0,0,7,0,0,226,0,0,0,0
p0675,I.E. INEM JOSE FELIX DE RESTREPO,14,5,verde,1,210,283,74.2,49,14,0,0,0,8,0,0,210,0,0,0,0
p0675,I.E. INEM JOSE FELIX DE RESTREPO,14,6,verde,1,235,300,78.33,29,10,0,0,0,24,0,0,235,0,0,0,0
p0675,I.E. INEM JOSE FELIX DE RESTREPO,14,7,verde,1,252,315,80.0,41,7,0,0,0,14,0,0,252,0,0,0,0
p0675,I.E. INEM JOSE FELIX DE RESTREPO,14,8,verde,1,251,301,83.39,35,9,0,0,0,5,0,0,251,0,0,0,0
p0675,I.E. INEM JOSE FELIX DE RESTREPO,14,9,verde,1,225,283,79.51,30,15,0,0,0,11,0,0,225,0,0,0,0
p0675,I.E. INEM JOSE FELIX DE RESTREPO,14,10,verde,1,220,293,75.09,42,8,0,0,0,21,0,0,220,0,0,0,0
p0675,I.E. INEM JOSE FELIX DE RESTREPO,14,11,verde,1,230,276,83.33,26,7,0,0,0,13,0,0,230,0,0,0,0
p0675,I.E. INEM JOSE FELIX DE RESTREPO,14,12,verde,1,245,308,79.55,42,11,0,0,0,10,0,0,245,0,0,0,0
p0675,I.E. INEM JOSE FELIX DE RESTREPO,14,13,verde,1,240,294,81.63,29,10,0,0,0,15,0,0,240,0,0,0,0
p0675,I.E. INEM JOSE FELIX DE RESTREPO,14,14,verde,1,220,289,76.12,39,10,0,0,0,18,0,0,220,0,0,0,0
p0675,I.E. INEM JOSE FELIX DE RESTREPO,14,15,verde,1,222,283,78.45,32,9,0,0,0,19,0,0,222,0,0,0,0
p0675,I.E. INEM JOSE FELIX DE RESTREPO,14,16,verde,1,162,261,62.07,29,39,0,0,0,30,0,0,162,0,0,0,0
p0675,I.E. INEM JOSE FELIX DE RESTREPO,14,17,verde,1,131,250,52.4,31,38,0,0,0,46,0,0,131,0,0,0,0
p0675,I.E. INEM JOSE FELIX DE RESTREPO,14,18,verde,1,170,248,68.55,37,22,0,0,0,18,0,0,170,0,0,0,0
p0675,I.E. INEM JOSE FELIX DE RESTREPO,14,19,verde,1,148,238,62.18,34,32,0,0,0,21,0,0,148,0,0,0,0
p0675,I.E. INEM JOSE FELIX DE RESTREPO,14,20,verde,1,115,224,51.34,32,37,0,0,0,40,0,0,115,0,0,0,0
p0675,I.E. INEM JOSE FELIX DE RESTREPO,14,21,verde,1,179,265,67.55,43,22,0,0,0,20,0,0,179,0,0,0,0
p0675,I.E. INEM JOSE FELIX DE RESTREPO,14,22,verde,1,227,310,73.23,43,28,0,0,0,12,0,0,227,0,0,0,0
p0675,I.E. INEM JOSE FELIX DE RESTREPO,14,23,verde,1,185,289,64.01,48,35,0,0,0,20,0,0,185,0,0,0,0
p0675,I.E. INEM JOSE FELIX DE RESTREPO,14,24,verde,1,137,261,52.49,39,39,0,0,0,45,0,0,137,0,0,0,0
p0675,I.E. INEM JOSE FELIX DE RESTREPO,14,25,verde,1,173,270,64.07,39,35,0,0,0,23,0,0,173,0,0,0,0
p0675,I.E. INEM JOSE FELIX DE RESTREPO,14,26,verde,1,173,257,67.32,42,25,0,0,0,16,0,0,173,0,0,0,0
p0675,I.E. INEM JOSE FELIX DE RESTREPO,14,27,verde,1,159,245,64.9,36,28,0,0,0,22,0,0,159,0,0,0,0
p0675,I.E. INEM JOSE FELIX DE RESTREPO,14,28,verde,1,160,254,62.99,44,32,0,0,0,17,0,0,160,0,0,0,0
p0675,I.E. INEM JOSE FELIX DE RESTREPO,14,29,verde,1,156,257,60.7,53,30,0,0,0,16,0,0,156,0,0,0,0
p0675,I.E. INEM JOSE FELIX DE RESTREPO,14,30,verde,1,57,101,56.44,14,12,0,0,0,15,0,0,57,0,0,0,0
p0676,I.E. JAVIERA LONDOÑO,10,1,verde,1,150,278,53.96,34,7,0,0,0,85,0,0,150,0,0,0,0
p0676,I.E. JAVIERA LONDOÑO,10,2,verde,1,174,292,59.59,30,16,0,0,0,70,0,0,174,0,0,0,0
p0676,I.E. JAVIERA LONDOÑO,10,3,verde,1,186,308,60.39,23,21,0,0,0,75,0,0,186,0,0,0,0
p0676,I.E. JAVIERA LONDOÑO,10,4,verde,1,182,292,62.33,19,20,0,0,0,68,0,0,182,0,0,0,0
p0676,I.E. JAVIERA LONDOÑO,10,5,verde,1,174,317,54.89,23,10,0,0,0,103,0,0,174,0,0,0,0
p0676,I.E. JAVIERA LONDOÑO,10,6,verde,1,101,258,39.15,16,41,0,0,0,97,0,0,101,0,0,0,0
p0676,I.E. JAVIERA LONDOÑO,10,7,amarillo,2,69,252,27.38,9,48,0,0,0,124,0,0,69,0,0,0,0
p0676,I.E. JAVIERA LONDOÑO,10,8,amarillo,2,75,225,33.33,13,46,0,0,0,87,0,0,75,0,0,0,0
p0676,I.E. JAVIERA LONDOÑO,10,9,amarillo,2,92,266,34.59,9,44,0,0,0,116,0,0,92,0,0,0,0
p0676,I.E. JAVIERA LONDOÑO,10,10,amarillo,2,76,248,30.65,13,26,0,0,0,129,0,0,76,0,0,0,0
p0676,I.E. JAVIERA LONDOÑO,10,11,verde,1,108,261,41.38,8,38,0,0,0,106,0,0,108,0,0,0,0
p0676,I.E. JAVIERA LONDOÑO,10,12,amarillo,2,9,39,23.08,2,5,0,0,0,21,0,0,9,0,0,0,0
p0677,I.E. JAVIERA LONDOÑO SEVILLA,04,1,verde,1,116,208,55.77,22,5,0,0,0,62,0,0,116,0,0,0,0
p0677,I.E. JAVIERA LONDOÑO SEVILLA,04,2,verde,1,130,255,50.98,28,11,0,0,0,81,0,0,130,0,0,0,0
p0677,I.E. JAVIERA LONDOÑO SEVILLA,04,3,verde,1,107,210,50.95,27,7,0,0,0,64,0,0,107,0,0,0,0
p0677,I.E. JAVIERA LONDOÑO SEVILLA,04,4,verde,1,148,239,61.92,15,14,0,0,0,60,0,0,148,0,0,0,0
p0677,I.E. JAVIERA LONDOÑO SEVILLA,04,5,verde,1,142,225,63.11,24,12,0,0,0,44,0,0,142,0,0,0,0
p0677,I.E. JAVIERA LONDOÑO SEVILLA,04,6,verde,1,132,248,53.23,14,18,0,0,0,84,0,0,132,0,0,0,0
p0677,I.E. JAVIERA LONDOÑO SEVILLA,04,7,verde,1,155,261,59.39,32,15,0,0,0,53,0,0,155,0,0,0,0
p0677,I.E. JAVIERA LONDOÑO SEVILLA,04,8,verde,1,130,249,52.21,27,22,0,0,0,65,0,0,130,0,0,0,0
p0677,I.E. JAVIERA LONDOÑO SEVILLA,04,9,verde,1,160,249,64.26,22,15,0,0,0,47,0,0,160,0,0,0,0
p0677,I.E. JAVIERA LONDOÑO SEVILLA,04,10,verde,1,128,250,51.2,20,14,0,0,0,84,0,0,128,0,0,0,0
p0677,I.E. JAVIERA LONDOÑO SEVILLA,04,11,verde,1,154,262,58.78,21,9,0,0,0,68,0,0,154,0,0,0,0
p0677,I.E. JAVIERA LONDOÑO SEVILLA,04,12,verde,1,130,227,57.27,22,9,0,0,0,63,0,0,130,0,0,0,0
p0677,I.E. JAVIERA LONDOÑO SEVILLA,04,13,verde,1,168,252,66.67,12,7,0,0,0,55,0,0,168,0,0,0,0
p0677,I.E. JAVIERA LONDOÑO SEVILLA,04,14,verde,1,142,252,56.35,13,6,0,0,0,89,0,0,142,0,0,0,0
p0677,I.E. JAVIERA LONDOÑO SEVILLA,04,15,verde,1,92,220,41.82,13,23,0,0,0,88,0,0,92,0,0,0,0
p0677,I.E. JAVIERA LONDOÑO SEVILLA,04,16,amarillo,2,56,214,26.17,7,31,0,0,0,118,0,0,56,0,0,0,0
p0677,I.E. JAVIERA LONDOÑO SEVILLA,04,17,rojo,3,31,248,12.5,10,42,0,0,0,164,0,0,31,0,0,0,0
p0677,I.E. JAVIERA LONDOÑO SEVILLA,04,18,rojo,3,29,209,13.88,6,44,0,0,0,129,0,0,29,0,0,0,0
p0677,I.E. JAVIERA LONDOÑO SEVILLA,04,19,verde,1,84,200,42.0,11,24,0,0,0,77,0,0,84,0,0,0,0
p0677,I.E. JAVIERA LONDOÑO SEVILLA,04,20,amarillo,2,50,190,26.32,8,40,0,0,0,92,0,0,50,0,0,0,0
p0677,I.E. JAVIERA LONDOÑO SEVILLA,04,21,amarillo,2,59,218,27.06,9,40,0,0,0,107,0,0,59,0,0,0,0
p0677,I.E. JAVIERA LONDOÑO SEVILLA,04,22,amarillo,2,54,177,30.51,4,30,0,0,0,86,0,0,54,0,0,0,0
p0677,I.E. JAVIERA LONDOÑO SEVILLA,04,23,amarillo,2,70,233,30.04,14,36,0,0,0,107,0,0,70,0,0,0,0
p0677,I.E. JAVIERA LONDOÑO SEVILLA,04,24,amarillo,2,68,236,28.81,10,30,0,0,0,125,0,0,68,0,0,0,0
p0677,I.E. JAVIERA LONDOÑO SEVILLA,04,25,amarillo,2,54,241,22.41,9,33,0,0,0,142,0,0,54,0,0,0,0
p0677,I.E. JAVIERA LONDOÑO SEVILLA,04,26,amarillo,2,50,249,20.08,7,28,0,0,0,161,0,0,50,0,0,0,0
p0677,I.E. JAVIERA LONDOÑO SEVILLA,04,27,rojo,3,28,262,10.69,10,45,0,0,0,174,0,0,28,0,0,0,0
p0677,I.E. JAVIERA LONDOÑO SEVILLA,04,28,amarillo,2,48,263,18.25,9,41,0,0,0,162,0,0,48,0,0,0,0
p0677,I.E. JAVIERA LONDOÑO SEVILLA,04,29,amarillo,2,69,199,34.67,13,19,0,0,0,93,0,0,69,0,0,0,0
p0677,I.E. JAVIERA LONDOÑO SEVILLA,04,30,verde,1,100,212,47.17,11,18,0,0,0,80,0,0,100,0,0,0,0
p0677,I.E. JAVIERA LONDOÑO SEVILLA,04,31,amarillo,2,76,189,40.21,10,22,0,0,0,77,0,0,76,0,0,0,0
p0677,I.E. JAVIERA LONDOÑO SEVILLA,04,32,amarillo,2,73,208,35.1,5,31,0,0,0,98,0,0,73,0,0,0,0
p0677,I.E. JAVIERA LONDOÑO SEVILLA,04,33,amarillo,2,68,229,29.69,11,41,0,0,0,106,0,0,68,0,0,0,0
p0677,I.E. JAVIERA LONDOÑO SEVILLA,04,34,amarillo,2,48,220,21.82,13,39,0,0,0,111,0,0,48,0,0,0,0
p0677,I.E. JAVIERA LONDOÑO SEVILLA,04,35,amarillo,2,10,35,28.57,2,3,0,0,0,18,0,0,10,0,0,0,0
p0678,I.E. JESUS MARIA VALLE,06,1,verde,1,182,289,62.98,22,8,0,0,0,72,0,0,182,0,0,0,0
p0678,I.E. JESUS MARIA VALLE,06,2,verde,1,164,279,58.78,30,17,0,0,0,64,0,0,164,0,0,0,0
p0678,I.E. JESUS MARIA VALLE,06,3,verde,1,158,279,56.63,27,22,0,0,0,68,0,0,158,0,0,0,0
p0678,I.E. JESUS MARIA VALLE,06,4,verde,1,165,278,59.35,20,20,0,0,0,67,0,0,165,0,0,0,0
p0678,I.E. JESUS MARIA VALLE,06,5,verde,1,148,254,58.27,17,19,0,0,0,66,0,0,148,0,0,0,0
p0678,I.E. JESUS MARIA VALLE,06,6,amarillo,2,39,177,22.03,7,28,0,0,0,101,0,0,39,0,0,0,0
p0678,I.E. JESUS MARIA VALLE,06,7,amarillo,2,59,236,25.0,41,26,0,0,0,105,0,0,59,0,0,0,0
p0678,I.E. JESUS MARIA VALLE,06,8,amarillo,2,64,195,32.82,9,24,0,0,0,95,0,0,64,0,0,0,0
p0678,I.E. JESUS MARIA VALLE,06,9,amarillo,2,73,205,35.61,17,20,0,0,0,92,0,0,73,0,0,0,0
p0678,I.E. JESUS MARIA VALLE,06,10,amarillo,2,73,197,37.06,11,20,0,0,0,89,0,0,73,0,0,0,0
p0678,I.E. JESUS MARIA VALLE,06,11,amarillo,2,53,177,29.94,5,30,0,0,0,88,0,0,53,0,0,0,0
p0678,I.E. JESUS MARIA VALLE,06,12,verde,1,92,224,41.07,10,25,0,0,0,92,0,0,92,0,0,0,0
p0678,I.E. JESUS MARIA VALLE,06,13,verde,1,108,236,45.76,10,25,0,0,0,90,0,0,108,0,0,0,0
p0678,I.E. JESUS MARIA VALLE,06,14,amarillo,2,73,219,33.33,10,15,0,0,0,117,0,0,73,0,0,0,0
p0678,I.E. JESUS MARIA VALLE,06,15,verde,1,98,243,40.33,10,35,0,0,0,96,0,0,98,0,0,0,0
p0678,I.E. JESUS MARIA VALLE,06,16,amarillo,2,7,30,23.33,2,4,0,0,0,17,0,0,7,0,0,0,0
p0679,I.E. JORGE ELIECER GAITAN,06,1,verde,1,171,281,60.85,38,9,0,0,0,61,0,0,171,0,0,0,0
p0679,I.E. JORGE ELIECER GAITAN,06,2,verde,1,154,276,55.8,33,19,0,0,0,65,0,0,154,0,0,0,0
p0679,I.E. JORGE ELIECER GAITAN,06,3,verde,1,169,277,61.01,26,27,0,0,0,47,0,0,169,0,0,0,0
p0679,I.E. JORGE ELIECER GAITAN,06,4,verde,1,181,285,63.51,23,10,0,0,0,61,0,0,181,0,0,0,0
p0679,I.E. JORGE ELIECER GAITAN,06,5,verde,1,110,249,44.18,21,21,0,0,0,93,0,0,110,0,0,0,0
p0679,I.E. JORGE ELIECER GAITAN,06,6,amarillo,2,68,214,31.78,7,40,0,0,0,95,0,0,68,0,0,0,0
p0679,I.E. JORGE ELIECER GAITAN,06,7,amarillo,2,73,205,35.61,8,33,0,0,0,88,0,0,73,0,0,0,0
p0679,I.E. JORGE ELIECER GAITAN,06,8,verde,1,99,232,42.67,14,37,0,0,0,78,0,0,99,0,0,0,0
p0679,I.E. JORGE ELIECER GAITAN,06,9,amarillo,2,83,234,35.47,11,27,0,0,0,110,0,0,83,0,0,0,0
p0679,I.E. JORGE ELIECER GAITAN,06,10,verde,1,101,245,41.22,18,23,0,0,0,97,0,0,101,0,0,0,0
p0679,I.E. JORGE ELIECER GAITAN,06,11,amarillo,2,2,14,14.29,1,1,0,0,0,10,0,0,2,0,0,0,0
p0680,I.E. JORGE ROBLEDO,07,1,verde,1,120,205,58.54,33,5,0,0,0,43,0,0,120,0,0,0,0
p0680,I.E. JORGE ROBLEDO,07,2,verde,1,122,208,58.65,23,7,0,0,0,51,0,0,122,0,0,0,0
p0680,I.E. JORGE ROBLEDO,07,3,verde,1,137,231,59.31,17,14,0,0,0,60,0,0,137,0,0,0,0
p0680,I.E. JORGE ROBLEDO,07,4,verde,1,151,219,68.95,21,7,0,0,0,38,0,0,151,0,0,0,0
p0680,I.E. JORGE ROBLEDO,07,5,verde,1,130,195,66.67,22,9,0,0,0,31,0,0,130,0,0,0,0
p0680,I.E. JORGE ROBLEDO,07,6,verde,1,139,229,60.7,28,10,0,0,0,49,0,0,139,0,0,0,0
p0680,I.E. JORGE ROBLEDO,07,7,verde,1,144,208,69.23,20,13,0,0,0,29,0,0,144,0,0,0,0
p0680,I.E. JORGE ROBLEDO,07,8,verde,1,157,209,75.12,19,10,0,0,0,21,0,0,157,0,0,0,0
p0680,I.E. JORGE ROBLEDO,07,9,verde,1,128,229,55.9,21,12,0,0,0,64,0,0,128,0,0,0,0
p0680,I.E. JORGE ROBLEDO,07,10,verde,1,171,250,68.4,31,14,0,0,0,32,0,0,171,0,0,0,0
p0680,I.E. JORGE ROBLEDO,07,11,verde,1,152,237,64.14,34,11,0,0,0,35,0,0,152,0,0,0,0
p0680,I.E. JORGE ROBLEDO,07,12,verde,1,162,241,67.22,27,14,0,0,0,37,0,0,162,0,0,0,0
p0680,I.E. JORGE ROBLEDO,07,13,verde,1,158,232,68.1,22,12,0,0,0,39,0,0,158,0,0,0,0
p0680,I.E. JORGE ROBLEDO,07,14,verde,1,165,244,67.62,30,20,0,0,0,25,0,0,165,0,0,0,0
p0680,I.E. JORGE ROBLEDO,07,15,verde,1,176,263,66.92,20,22,0,0,0,42,0,0,176,0,0,0,0
p0680,I.E. JORGE ROBLEDO,07,16,verde,1,154,240,64.17,19,26,0,0,0,40,0,0,154,0,0,0,0
p0680,I.E. JORGE ROBLEDO,07,17,verde,1,128,236,54.24,25,16,0,0,0,64,0,0,128,0,0,0,0
p0680,I.E. JORGE ROBLEDO,07,18,verde,1,170,247,68.83,19,12,0,0,0,42,0,0,170,0,0,0,0
p0680,I.E. JORGE ROBLEDO,07,19,verde,1,163,237,68.78,17,7,0,0,0,43,0,0,163,0,0,0,0
p0680,I.E. JORGE ROBLEDO,07,20,verde,1,180,265,67.92,34,10,0,0,0,41,0,0,180,0,0,0,0
p0680,I.E. JORGE ROBLEDO,07,21,verde,1,153,239,64.02,25,10,0,0,0,45,0,0,153,0,0,0,0
p0680,I.E. JORGE ROBLEDO,07,22,verde,1,163,253,64.43,22,13,0,0,0,51,0,0,163,0,0,0,0
p0680,I.E. JORGE ROBLEDO,07,23,verde,1,155,237,65.4,14,6,0,0,0,61,0,0,155,0,0,0,0
p0680,I.E. JORGE ROBLEDO,07,24,verde,1,81,176,46.02,9,15,0,0,0,64,0,0,81,0,0,0,0
p0680,I.E. JORGE ROBLEDO,07,25,amarillo,2,50,160,31.25,5,18,0,0,0,85,0,0,50,0,0,0,0
p0680,I.E. JORGE ROBLEDO,07,26,verde,1,80,186,43.01,9,24,0,0,0,70,0,0,80,0,0,0,0
p0680,I.E. JORGE ROBLEDO,07,27,verde,1,83,206,40.29,8,44,0,0,0,70,0,0,83,0,0,0,0
p0680,I.E. JORGE ROBLEDO,07,28,amarillo,2,101,254,39.76,10,30,0,0,0,106,0,0,101,0,0,0,0
p0680,I.E. JORGE ROBLEDO,07,29,verde,1,100,210,47.62,6,16,0,0,0,80,0,0,100,0,0,0,0
p0680,I.E. JORGE ROBLEDO,07,30,verde,1,81,198,40.91,10,39,0,0,0,63,0,0,81,0,0,0,0
p0680,I.E. JORGE ROBLEDO,07,31,amarillo,2,63,181,34.81,13,27,0,0,0,76,0,0,63,0,0,0,0
p0680,I.E. JORGE ROBLEDO,07,32,verde,1,71,178,39.89,3,29,0,0,0,70,0,0,71,0,0,0,0
p0680,I.E. JORGE ROBLEDO,07,33,verde,1,33,88,37.5,4,16,0,0,0,32,0,0,33,0,0,0,0
p0681,I.E. JOSE ANTONIO GALAN,03,1,verde,1,121,192,63.02,19,6,0,0,0,44,0,0,121,0,0,0,0
p0681,I.E. JOSE ANTONIO GALAN,03,2,verde,1,104,195,53.33,39,7,0,0,0,43,0,0,104,0,0,0,0
p0681,I.E. JOSE ANTONIO GALAN,03,3,verde,1,118,171,69.01,21,4,0,0,0,24,0,0,118,0,0,0,0
p0681,I.E. JOSE ANTONIO GALAN,03,4,verde,1,142,206,68.93,24,7,0,0,0,29,0,0,142,0,0,0,0
p0681,I.E. JOSE ANTONIO GALAN,03,5,verde,1,136,199,68.34,20,14,0,0,0,23,0,0,136,0,0,0,0
p0681,I.E. JOSE ANTONIO GALAN,03,6,verde,1,128,204,62.75,16,11,0,0,0,45,0,0,128,0,0,0,0
p0681,I.E. JOSE ANTONIO GALAN,03,7,verde,1,135,214,63.08,21,17,0,0,0,34,0,0,135,0,0,0,0
p0681,I.E. JOSE ANTONIO GALAN,03,8,verde,1,139,219,63.47,25,10,0,0,0,43,0,0,139,0,0,0,0
p0681,I.E. JOSE ANTONIO GALAN,03,9,verde,1,145,233,62.23,24,14,0,0,0,42,0,0,145,0,0,0,0
p0681,I.E. JOSE ANTONIO GALAN,03,10,verde,1,144,235,61.28,20,18,0,0,0,44,0,0,144,0,0,0,0
p0681,I.E. JOSE ANTONIO GALAN,03,11,verde,1,131,223,58.74,24,20,0,0,0,42,0,0,131,0,0,0,0
p0681,I.E. JOSE ANTONIO GALAN,03,12,verde,1,147,234,62.82,25,14,0,0,0,43,0,0,147,0,0,0,0
p0681,I.E. JOSE ANTONIO GALAN,03,13,verde,1,130,223,58.3,13,23,0,0,0,55,0,0,130,0,0,0,0
p0681,I.E. JOSE ANTONIO GALAN,03,14,verde,1,124,227,54.63,27,10,0,0,0,65,0,0,124,0,0,0,0
p0681,I.E. JOSE ANTONIO GALAN,03,15,verde,1,123,222,55.41,18,12,0,0,0,61,0,0,123,0,0,0,0
p0681,I.E. JOSE ANTONIO GALAN,03,16,verde,1,142,230,61.74,17,10,0,0,0,55,0,0,142,0,0,0,0
p0681,I.E. JOSE ANTONIO GALAN,03,17,verde,1,137,218,62.84,30,6,0,0,0,42,0,0,137,0,0,0,0
p0681,I.E. JOSE ANTONIO GALAN,03,18,verde,1,158,237,66.67,21,8,0,0,0,48,0,0,158,0,0,0,0
p0681,I.E. JOSE ANTONIO GALAN,03,19,verde,1,142,216,65.74,20,7,0,0,0,45,0,0,142,0,0,0,0
p0681,I.E. JOSE ANTONIO GALAN,03,20,amarillo,2,53,176,30.11,8,26,0,0,0,89,0,0,53,0,0,0,0
p0681,I.E. JOSE ANTONIO GALAN,03,21,amarillo,2,44,158,27.85,0,28,0,0,0,78,4,0,44,0,0,0,0
p0681,I.E. JOSE ANTONIO GALAN,03,22,amarillo,2,45,150,30.0,5,11,0,0,0,88,0,0,45,0,0,0,0
p0681,I.E. JOSE ANTONIO GALAN,03,23,amarillo,2,54,151,35.76,5,19,0,0,0,72,0,0,54,0,0,0,0
p0681,I.E. JOSE ANTONIO GALAN,03,24,verde,1,111,192,57.81,9,13,0,0,0,57,0,0,111,0,0,0,0
p0681,I.E. JOSE ANTONIO GALAN,03,25,amarillo,2,69,183,37.7,5,23,0,0,0,83,0,0,69,0,0,0,0
p0681,I.E. JOSE ANTONIO GALAN,03,26,amarillo,2,66,189,34.92,10,29,0,0,0,81,0,0,66,0,0,0,0
p0681,I.E. JOSE ANTONIO GALAN,03,27,amarillo,2,48,169,28.4,6,32,0,0,0,83,0,0,48,0,0,0,0
p0681,I.E. JOSE ANTONIO GALAN,03,28,verde,1,166,294,56.46,5,37,0,0,0,82,0,0,166,0,0,0,0
p0681,I.E. JOSE ANTONIO GALAN,03,29,verde,1,79,194,40.72,14,23,0,0,0,75,0,0,79,0,0,0,0
p0681,I.E. JOSE ANTONIO GALAN,03,30,amarillo,2,76,202,37.62,6,20,0,0,0,94,0,0,76,0,0,0,0
p0681,I.E. JOSE ANTONIO GALAN,03,31,verde,1,86,184,46.74,8,16,0,0,0,73,0,0,86,0,0,0,0
p0681,I.E. JOSE ANTONIO GALAN,03,32,verde,1,79,179,44.13,6,21,0,0,0,69,0,0,79,0,0,0,0
p0681,I.E. JOSE ANTONIO GALAN,03,33,amarillo,2,75,180,41.67,4,10,0,0,0,88,0,0,75,0,0,0,0
p0681,I.E. JOSE ANTONIO GALAN,03,34,amarillo,2,57,155,36.77,6,15,0,0,0,74,0,0,57,0,0,0,0
p0682,I.E.JOSE CELESTINO MUTIS,08,1,verde,1,185,287,64.46,23,8,0,0,0,69,0,0,185,0,0,0,0
p0682,I.E.JOSE CELESTINO MUTIS,08,2,verde,1,205,304,67.43,33,21,0,0,0,43,0,0,205,0,0,0,0
p0682,I.E.JOSE CELESTINO MUTIS,08,3,verde,1,217,315,68.89,34,12,0,0,0,50,0,0,217,0,0,0,0
p0682,I.E.JOSE CELESTINO MUTIS,08,4,verde,1,221,310,71.29,28,12,0,0,0,44,0,0,221,0,0,0,0
p0682,I.E.JOSE CELESTINO MUTIS,08,5,verde,1,195,293,66.55,25,22,0,0,0,49,0,0,195,0,0,0,0
p0682,I.E.JOSE CELESTINO MUTIS,08,6,verde,1,211,316,66.77,24,15,0,0,0,64,0,0,211,0,0,0,0
p0682,I.E.JOSE CELESTINO MUTIS,08,7,verde,1,204,314,64.97,28,5,0,0,0,75,0,0,204,0,0,0,0
p0682,I.E.JOSE CELESTINO MUTIS,08,8,verde,1,108,249,43.37,10,53,0,0,0,76,0,0,108,0,0,0,0
p0682,I.E.JOSE CELESTINO MUTIS,08,9,amarillo,2,80,245,32.65,7,52,0,0,0,101,0,0,80,0,0,0,0
p0682,I.E.JOSE CELESTINO MUTIS,08,10,amarillo,2,74,205,36.1,7,37,0,0,0,82,0,0,74,0,0,0,0
p0682,I.E.JOSE CELESTINO MUTIS,08,11,verde,1,99,231,42.86,16,41,0,0,0,73,0,0,99,0,0,0,0
p0682,I.E.JOSE CELESTINO MUTIS,08,12,verde,1,124,264,46.97,13,28,0,0,0,97,0,0,124,0,0,0,0
p0682,I.E.JOSE CELESTINO MUTIS,08,13,verde,1,110,262,41.98,9,35,0,0,0,107,0,0,110,0,0,0,0
p0682,I.E.JOSE CELESTINO MUTIS,08,14,amarillo,2,115,279,41.22,9,27,0,0,0,124,0,0,115,0,0,0,0
p0682,I.E.JOSE CELESTINO MUTIS,08,15,verde,1,98,233,42.06,11,31,0,0,0,85,0,0,98,0,0,0,0
p0682,I.E.JOSE CELESTINO MUTIS,08,16,amarillo,2,27,82,32.93,8,14,0,0,0,33,0,0,27,0,0,0,0
p0683,I.E. JOSE EUSEBIO CARO,04,1,verde,1,196,303,64.69,37,13,0,0,0,56,0,0,196,0,0,0,0
p0683,I.E. JOSE EUSEBIO CARO,04,2,verde,1,200,291,68.73,16,21,0,0,0,48,0,0,200,0,0,0,0
p0683,I.E. JOSE EUSEBIO CARO,04,3,verde,1,188,302,62.25,22,15,0,0,0,72,0,0,188,0,0,0,0
p0683,I.E. JOSE EUSEBIO CARO,04,4,amarillo,2,76,242,31.4,1,45,0,0,0,119,0,0,76,0,0,0,0
p0683,I.E. JOSE EUSEBIO CARO,04,5,amarillo,2,84,224,37.5,6,33,0,0,0,97,0,0,84,0,0,0,0
p0683,I.E. JOSE EUSEBIO CARO,04,6,amarillo,2,83,228,36.4,8,45,0,0,0,91,0,0,83,0,0,0,0
p0683,I.E. JOSE EUSEBIO CARO,04,7,amarillo,2,73,217,33.64,8,40,0,0,0,93,0,0,73,0,0,0,0
p0683,I.E. JOSE EUSEBIO CARO,04,8,amarillo,2,87,223,39.01,6,34,0,0,0,94,0,0,87,0,0,0,0
p0683,I.E. JOSE EUSEBIO CARO,04,9,verde,1,114,250,45.6,15,28,0,0,0,89,0,0,114,0,0,0,0
p0683,I.E. JOSE EUSEBIO CARO,04,10,amarillo,2,91,243,37.45,10,33,0,0,0,107,0,0,91,0,0,0,0
p0684,I.E.JOSE MARIA BERNAL,16,1,verde,1,198,277,71.48,26,9,0,0,0,41,0,0,198,0,0,0,0
p0684,I.E.JOSE MARIA BERNAL,16,2,verde,1,208,279,74.55,28,7,0,0,0,29,0,0,208,0,0,0,0
p0684,I.E.JOSE MARIA BERNAL,16,3,verde,1,191,265,72.08,27,3,0,0,0,44,0,0,191,0,0,0,0
p0684,I.E.JOSE MARIA BERNAL,16,4,verde,1,202,261,77.39,29,6,0,0,0,21,0,0,202,0,0,0,0
p0684,I.E.JOSE MARIA BERNAL,16,5,verde,1,202,283,71.38,27,17,0,0,0,32,0,0,202,0,0,0,0
p0684,I.E.JOSE MARIA BERNAL,16,6,verde,1,212,266,79.7,27,9,0,0,0,18,0,0,212,0,0,0,0
p0684,I.E.JOSE MARIA BERNAL,16,7,verde,1,219,288,76.04,33,7,0,0,0,27,0,0,219,0,0,0,0
p0684,I.E.JOSE MARIA BERNAL,16,8,verde,1,227,294,77.21,19,19,0,0,0,27,0,0,227,0,0,0,0
p0684,I.E.JOSE MARIA BERNAL,16,9,verde,1,202,274,73.72,28,9,0,0,0,34,0,0,202,0,0,0,0
p0684,I.E.JOSE MARIA BERNAL,16,10,verde,1,218,283,77.03,33,12,0,0,0,19,0,0,218,0,0,0,0
p0684,I.E.JOSE MARIA BERNAL,16,11,verde,1,211,283,74.56,25,21,0,0,0,24,0,0,211,0,0,0,0
p0684,I.E.JOSE MARIA BERNAL,16,12,verde,1,214,280,76.43,28,13,0,0,0,25,0,0,214,0,0,0,0
p0684,I.E.JOSE MARIA BERNAL,16,13,verde,1,210,280,75.0,26,14,0,0,0,27,0,0,210,0,0,0,0
p0684,I.E.JOSE MARIA BERNAL,16,14,verde,1,189,281,67.26,25,16,0,0,0,49,0,0,189,0,0,0,0
p0684,I.E.JOSE MARIA BERNAL,16,15,verde,1,200,281,71.17,25,7,0,0,0,47,0,0,200,0,0,0,0
p0684,I.E.JOSE MARIA BERNAL,16,16,verde,1,198,272,72.79,23,6,0,0,0,43,0,0,198,0,0,0,0
p0684,I.E.JOSE MARIA BERNAL,16,17,verde,1,222,293,75.77,20,8,0,0,0,39,0,0,222,0,0,0,0
p0684,I.E.JOSE MARIA BERNAL,16,18,verde,1,215,275,78.18,19,8,0,0,0,32,0,0,215,0,0,0,0
p0684,I.E.JOSE MARIA BERNAL,16,19,verde,1,201,271,74.17,15,9,0,0,0,46,0,0,201,0,0,0,0
p0684,I.E.JOSE MARIA BERNAL,16,20,verde,1,156,256,60.94,20,39,0,0,0,37,0,0,156,0,0,0,0
p0684,I.E.JOSE MARIA BERNAL,16,21,verde,1,89,241,36.93,13,58,0,0,0,79,0,0,89,0,0,0,0
p0684,I.E.JOSE MARIA BERNAL,16,22,verde,1,121,243,49.79,13,45,0,0,0,64,0,0,121,0,0,0,0
p0684,I.E.JOSE MARIA BERNAL,16,23,verde,1,133,259,51.35,12,48,0,0,0,63,0,0,133,0,0,0,0
p0684,I.E.JOSE MARIA BERNAL,16,24,verde,1,127,251,50.6,14,53,0,0,0,55,0,0,127,0,0,0,0
p0684,I.E.JOSE MARIA BERNAL,16,25,verde,1,168,291,57.73,20,40,0,0,0,60,0,0,168,0,0,0,0
p0684,I.E.JOSE MARIA BERNAL,16,26,verde,1,135,262,51.53,20,30,0,0,0,75,0,0,135,0,0,0,0
p0684,I.E.JOSE MARIA BERNAL,16,27,verde,1,155,254,61.02,16,33,0,0,0,46,0,0,155,0,0,0,0
p0684,I.E.JOSE MARIA BERNAL,16,28,verde,1,142,256,55.47,9,39,0,0,0,64,0,0,142,0,0,0,0
p0684,I.E.JOSE MARIA BERNAL,16,29,verde,1,117,232,50.43,7,49,0,0,0,57,0,0,117,0,0,0,0
p0684,I.E.JOSE MARIA BERNAL,16,30,verde,1,87,177,49.15,10,41,0,0,0,36,0,0,87,0,0,0,0
p0685,I.E. JOSE MARIA BRAVO MARQUEZ,04,1,verde,1,141,239,59.0,34,14,0,0,0,48,0,0,141,0,0,0,0
p0685,I.E. JOSE MARIA BRAVO MARQUEZ,04,2,verde,1,129,208,62.02,30,5,0,0,0,40,0,0,129,0,0,0,0
p0685,I.E. JOSE MARIA BRAVO MARQUEZ,04,3,verde,1,148,232,63.79,32,7,0,0,0,41,0,0,148,0,0,0,0
p0685,I.E. JOSE MARIA BRAVO MARQUEZ,04,4,verde,1,168,259,64.86,18,18,0,0,0,49,0,0,168,0,0,0,0
p0685,I.E. JOSE MARIA BRAVO MARQUEZ,04,5,verde,1,155,242,64.05,24,14,0,0,0,44,0,0,155,0,0,0,0
p0685,I.E. JOSE MARIA BRAVO MARQUEZ,04,6,verde,1,168,256,65.62,26,18,0,0,0,40,0,0,168,0,0,0,0
p0685,I.E. JOSE MARIA BRAVO MARQUEZ,04,7,verde,1,148,248,59.68,21,23,0,0,0,52,0,0,148,0,0,0,0
p0685,I.E. JOSE MARIA BRAVO MARQUEZ,04,8,verde,1,157,250,62.8,25,15,0,0,0,50,0,0,157,0,0,0,0
p0685,I.E. JOSE MARIA BRAVO MARQUEZ,04,9,verde,1,172,260,66.15,24,11,0,0,0,47,0,0,172,0,0,0,0
p0685,I.E. JOSE MARIA BRAVO MARQUEZ,04,10,verde,1,163,263,61.98,22,12,0,0,0,60,0,0,163,0,0,0,0
p0685,I.E. JOSE MARIA BRAVO MARQUEZ,04,11,verde,1,124,228,54.39,7,13,0,0,0,77,0,0,124,0,0,0,0
p0685,I.E. JOSE MARIA BRAVO MARQUEZ,04,12,amarillo,2,51,176,28.98,6,30,0,0,0,86,0,0,51,0,0,0,0
p0685,I.E. JOSE MARIA BRAVO MARQUEZ,04,13,amarillo,2,49,180,27.22,6,25,0,0,0,99,0,0,49,0,0,0,0
p0685,I.E. JOSE MARIA BRAVO MARQUEZ,04,14,verde,1,101,188,53.72,11,31,0,0,0,43,0,0,101,0,0,0,0
p0685,I.E. JOSE MARIA BRAVO MARQUEZ,04,15,amarillo,2,73,187,39.04,5,26,0,0,0,80,0,0,73,0,0,0,0
p0685,I.E. JOSE MARIA BRAVO MARQUEZ,04,16,amarillo,2,66,194,34.02,9,42,0,0,0,76,0,0,66,0,0,0,0
p0685,I.E. JOSE MARIA BRAVO MARQUEZ,04,17,verde,1,96,219,43.84,10,37,0,0,0,72,0,0,96,0,0,0,0
p0685,I.E. JOSE MARIA BRAVO MARQUEZ,04,18,amarillo,2,63,219,28.77,13,29,0,0,0,108,0,0,63,0,0,0,0
p0685,I.E. JOSE MARIA BRAVO MARQUEZ,04,19,verde,1,91,216,42.13,13,27,0,0,0,81,0,0,91,0,0,0,0
p0685,I.E. JOSE MARIA BRAVO MARQUEZ,04,20,verde,1,96,213,45.07,7,24,0,0,0,84,0,0,96,0,0,0,0
p0685,I.E. JOSE MARIA BRAVO MARQUEZ,04,21,verde,1,85,192,44.27,8,26,0,0,0,71,0,0,85,0,0,0,0
p0685,I.E. JOSE MARIA BRAVO MARQUEZ,04,22,amarillo,2,57,155,36.77,12,25,0,0,0,60,0,0,57,0,0,0,0
p0686,I.E. JOSE MARIA ESPINOSA PRIETO - CASD,06,1,verde,1,168,269,62.45,26,15,0,0,0,55,0,0,168,0,0,0,0
p0686,I.E. JOSE MARIA ESPINOSA PRIETO - CASD,06,2,verde,1,202,298,67.79,15,21,0,0,0,57,0,0,202,0,0,0,0
p0686,I.E. JOSE MARIA ESPINOSA PRIETO - CASD,06,3,verde,1,103,222,46.4,11,20,0,0,0,84,0,0,103,0,0,0,0
p0686,I.E. JOSE MARIA ESPINOSA PRIETO - CASD,06,4,amarillo,2,49,194,25.26,5,31,0,0,0,108,0,0,49,0,0,0,0
p0686,I.E. JOSE MARIA ESPINOSA PRIETO - CASD,06,5,amarillo,2,50,191,26.18,4,35,0,0,0,100,0,0,50,0,0,0,0
p0686,I.E. JOSE MARIA ESPINOSA PRIETO - CASD,06,6,verde,1,79,213,37.09,6,51,0,0,0,74,0,0,79,0,0,0,0
p0686,I.E. JOSE MARIA ESPINOSA PRIETO - CASD,06,7,verde,1,95,229,41.48,10,36,0,0,0,81,0,0,95,0,0,0,0
p0686,I.E. JOSE MARIA ESPINOSA PRIETO - CASD,06,8,amarillo,2,72,225,32.0,14,28,0,0,0,105,0,0,72,0,0,0,0
p0686,I.E. JOSE MARIA ESPINOSA PRIETO - CASD,06,9,amarillo,2,27,69,39.13,2,11,0,0,0,28,0,0,27,0,0,0,0
p0687,I.E. JUAN DE DIOS CARVAJAL,08,1,verde,1,138,231,59.74,38,10,0,0,0,40,0,0,138,0,0,0,0
p0687,I.E. JUAN DE DIOS CARVAJAL,08,2,verde,1,146,216,67.59,22,5,0,0,0,38,0,0,146,0,0,0,0
p0687,I.E. JUAN DE DIOS CARVAJAL,08,3,verde,1,184,241,76.35,22,8,0,0,0,22,0,0,184,0,0,0,0
p0687,I.E. JUAN DE DIOS CARVAJAL,08,4,verde,1,170,240,70.83,23,20,0,0,0,24,0,0,170,0,0,0,0
p0687,I.E. JUAN DE DIOS CARVAJAL,08,5,verde,1,176,259,67.95,35,8,0,0,0,33,0,0,176,0,0,0,0
p0687,I.E. JUAN DE DIOS CARVAJAL,08,6,verde,1,192,257,74.71,22,11,0,0,0,29,0,0,192,0,0,0,0
p0687,I.E. JUAN DE DIOS CARVAJAL,08,7,verde,1,171,259,66.02,22,24,0,0,0,40,0,0,171,0,0,0,0
p0687,I.E. JUAN DE DIOS CARVAJAL,08,8,verde,1,170,254,66.93,27,19,0,0,0,38,0,0,170,0,0,0,0
p0687,I.E. JUAN DE DIOS CARVAJAL,08,9,verde,1,172,259,66.41,33,14,0,0,0,39,0,0,172,0,0,0,0
p0687,I.E. JUAN DE DIOS CARVAJAL,08,10,verde,1,153,239,64.02,27,14,0,0,0,41,0,0,153,0,0,0,0
p0687,I.E. JUAN DE DIOS CARVAJAL,08,11,verde,1,174,250,69.6,23,11,0,0,0,41,0,0,174,0,0,0,0
p0687,I.E. JUAN DE DIOS CARVAJAL,08,12,verde,1,174,264,65.91,28,8,0,0,0,53,0,0,174,0,0,0,0
p0687,I.E. JUAN DE DIOS CARVAJAL,08,13,verde,1,177,263,67.3,29,8,0,0,0,48,0,0,177,0,0,0,0
p0687,I.E. JUAN DE DIOS CARVAJAL,08,14,verde,1,174,253,68.77,19,14,0,0,0,45,0,0,174,0,0,0,0
p0687,I.E. JUAN DE DIOS CARVAJAL,08,15,amarillo,2,77,205,37.56,7,38,0,0,0,80,0,0,77,0,0,0,0
p0687,I.E. JUAN DE DIOS CARVAJAL,08,16,amarillo,2,59,170,34.71,7,27,0,0,0,77,0,0,59,0,0,0,0
p0687,I.E. JUAN DE DIOS CARVAJAL,08,17,verde,1,121,194,62.37,11,14,0,0,0,45,0,0,121,0,0,0,0
p0687,I.E. JUAN DE DIOS CARVAJAL,08,18,verde,1,102,191,53.4,8,19,0,0,0,55,0,0,102,0,0,0,0
p0687,I.E. JUAN DE DIOS CARVAJAL,08,19,verde,1,95,208,45.67,6,26,0,0,0,80,0,0,95,0,0,0,0
p0687,I.E. JUAN DE DIOS CARVAJAL,08,20,verde,1,67,185,36.22,0,42,0,0,0,67,5,0,67,0,0,0,0
p0687,I.E. JUAN DE DIOS CARVAJAL,08,21,verde,1,132,241,54.77,12,21,0,0,0,75,0,0,132,0,0,0,0
p0687,I.E. JUAN DE DIOS CARVAJAL,08,22,verde,1,110,204,53.92,9,23,0,0,0,59,0,0,110,0,0,0,0
p0687,I.E. JUAN DE DIOS CARVAJAL,08,23,verde,1,127,207,61.35,9,18,0,0,0,50,0,0,127,0,0,0,0
p0687,I.E. JUAN DE DIOS CARVAJAL,08,24,verde,1,106,218,48.62,10,32,0,0,0,70,0,0,106,0,0,0,0
p0687,I.E. JUAN DE DIOS CARVAJAL,08,25,verde,1,100,215,46.51,7,37,0,0,0,70,0,0,100,0,0,0,0
p0687,I.E. JUAN DE DIOS CARVAJAL,08,26,verde,1,65,152,42.76,7,25,0,0,0,53,0,0,65,0,0,0,0
p0688,I.E. JUAN DE LA CRUZ POSADA,08,1,verde,1,147,237,62.03,37,8,0,0,0,39,0,0,147,0,0,0,0
p0688,I.E. JUAN DE LA CRUZ POSADA,08,2,verde,1,175,234,74.79,30,7,0,0,0,20,0,0,175,0,0,0,0
p0688,I.E. JUAN DE LA CRUZ POSADA,08,3,verde,1,187,260,71.92,32,12,0,0,0,23,0,0,187,0,0,0,0
p0688,I.E. JUAN DE LA CRUZ POSADA,08,4,verde,1,173,263,65.78,30,15,0,0,0,41,0,0,173,0,0,0,0
p0688,I.E. JUAN DE LA CRUZ POSADA,08,5,verde,1,180,267,67.42,30,14,0,0,0,39,0,0,180,0,0,0,0
p0688,I.E. JUAN DE LA CRUZ POSADA,08,6,verde,1,163,268,60.82,30,26,0,0,0,44,0,0,163,0,0,0,0
p0688,I.E. JUAN DE LA CRUZ POSADA,08,7,verde,1,171,265,64.53,29,13,0,0,0,49,0,0,171,0,0,0,0
p0688,I.E. JUAN DE LA CRUZ POSADA,08,8,verde,1,194,264,73.48,19,8,0,0,0,39,0,0,194,0,0,0,0
p0688,I.E. JUAN DE LA CRUZ POSADA,08,9,verde,1,110,228,48.25,13,34,0,0,0,68,0,0,110,0,0,0,0
p0688,I.E. JUAN DE LA CRUZ POSADA,08,10,verde,1,93,223,41.7,17,32,0,0,0,76,0,0,93,0,0,0,0
p0688,I.E. JUAN DE LA CRUZ POSADA,08,11,verde,1,80,204,39.22,14,31,0,0,0,75,0,0,80,0,0,0,0
p0688,I.E. JUAN DE LA CRUZ POSADA,08,12,verde,1,123,242,50.83,13,32,0,0,0,72,0,0,123,0,0,0,0
p0688,I.E. JUAN DE LA CRUZ POSADA,08,13,verde,1,96,199,48.24,6,30,0,0,0,64,0,0,96,0,0,0,0
p0688,I.E. JUAN DE LA CRUZ POSADA,08,14,verde,1,36,100,36.0,5,23,0,0,0,36,0,0,36,0,0,0,0
p0689,I.E.JUAN MARIA CESPEDES,16,1,verde,1,136,213,63.85,42,7,0,0,0,27,0,0,136,0,0,0,0
p0689,I.E.JUAN MARIA CESPEDES,16,2,verde,1,182,268,67.91,38,12,0,0,0,35,0,0,182,0,0,0,0
p0689,I.E.JUAN MARIA CESPEDES,16,3,verde,1,185,266,69.55,49,7,0,0,0,25,0,0,185,0,0,0,0
p0689,I.E.JUAN MARIA CESPEDES,16,4,verde,1,207,283,73.14,30,8,0,0,0,34,0,0,207,0,0,0,0
p0689,I.E.JUAN MARIA CESPEDES,16,5,verde,1,188,263,71.48,30,12,0,0,0,30,0,0,188,0,0,0,0
p0689,I.E.JUAN MARIA CESPEDES,16,6,verde,1,166,222,74.77,29,9,0,0,0,17,0,0,166,0,0,0,0
p0689,I.E.JUAN MARIA CESPEDES,16,7,verde,1,197,255,77.25,27,4,0,0,0,27,0,0,197,0,0,0,0
p0689,I.E.JUAN MARIA CESPEDES,16,8,verde,1,194,258,75.19,36,6,0,0,0,20,0,0,194,0,0,0,0
p0689,I.E.JUAN MARIA CESPEDES,16,9,verde,1,206,258,79.84,18,8,0,0,0,25,0,0,206,0,0,0,0
p0689,I.E.JUAN MARIA CESPEDES,16,10,verde,1,208,279,74.55,31,13,0,0,0,24,0,0,208,0,0,0,0
p0689,I.E.JUAN MARIA CESPEDES,16,11,verde,1,217,269,80.67,30,7,0,0,0,13,0,0,217,0,0,0,0
p0689,I.E.JUAN MARIA CESPEDES,16,12,verde,1,214,272,78.68,27,3,0,0,0,26,0,0,214,0,0,0,0
p0689,I.E.JUAN MARIA CESPEDES,16,13,verde,1,222,290,76.55,33,9,0,0,0,23,0,0,222,0,0,0,0
p0689,I.E.JUAN MARIA CESPEDES,16,14,verde,1,186,266,69.92,22,16,0,0,0,35,0,0,186,0,0,0,0
p0689,I.E.JUAN MARIA CESPEDES,16,15,verde,1,234,299,78.26,19,12,0,0,0,33,0,0,234,0,0,0,0
p0689,I.E.JUAN MARIA CESPEDES,16,16,verde,1,233,297,78.45,35,11,0,0,0,18,0,0,233,0,0,0,0
p0689,I.E.JUAN MARIA CESPEDES,16,17,verde,1,223,296,75.34,40,10,0,0,0,21,0,0,223,0,0,0,0
p0689,I.E.JUAN MARIA CESPEDES,16,18,verde,1,212,282,75.18,31,14,0,0,0,25,0,0,212,0,0,0,0
p0689,I.E.JUAN MARIA CESPEDES,16,19,verde,1,171,243,70.37,25,12,0,0,0,30,0,0,171,0,0,0,0
p0689,I.E.JUAN MARIA CESPEDES,16,20,verde,1,205,267,76.78,29,9,0,0,0,23,0,0,205,0,0,0,0
p0689,I.E.JUAN MARIA CESPEDES,16,21,verde,1,194,257,75.49,24,17,0,0,0,21,0,0,194,0,0,0,0
p0689,I.E.JUAN MARIA CESPEDES,16,22,verde,1,183,256,71.48,35,13,0,0,0,21,0,0,183,0,0,0,0
p0689,I.E.JUAN MARIA CESPEDES,16,23,verde,1,182,260,70.0,24,29,0,0,0,24,0,0,182,0,0,0,0
p0689,I.E.JUAN MARIA CESPEDES,16,24,verde,1,184,284,64.79,46,7,0,0,0,46,0,0,184,0,0,0,0
p0689,I.E.JUAN MARIA CESPEDES,16,25,verde,1,206,277,74.37,24,9,0,0,0,37,0,0,206,0,0,0,0
p0689,I.E.JUAN MARIA CESPEDES,16,26,verde,1,205,275,74.55,22,8,0,0,0,38,0,0,205,0,0,0,0
p0689,I.E.JUAN MARIA CESPEDES,16,27,verde,1,209,286,73.08,30,11,0,0,0,33,0,0,209,0,0,0,0
p0689,I.E.JUAN MARIA CESPEDES,16,28,verde,1,214,288,74.31,30,5,0,0,0,38,0,0,214,0,0,0,0
p0689,I.E.JUAN MARIA CESPEDES,16,29,verde,1,192,265,72.45,32,8,0,0,0,30,0,0,192,0,0,0,0
p0689,I.E.JUAN MARIA CESPEDES,16,30,verde,1,199,272,73.16,25,8,0,0,0,40,0,0,199,0,0,0,0
p0689,I.E.JUAN MARIA CESPEDES,16,31,verde,1,196,263,74.52,25,11,0,0,0,30,0,0,196,0,0,0,0
p0689,I.E.JUAN MARIA CESPEDES,16,32,verde,1,186,254,73.23,18,7,0,0,0,40,0,0,186,0,0,0,0
p0689,I.E.JUAN MARIA CESPEDES,16,33,verde,1,112,194,57.73,13,25,0,0,0,44,0,0,112,0,0,0,0
p0689,I.E.JUAN MARIA CESPEDES,16,34,verde,1,109,225,48.44,21,46,0,0,0,47,0,0,109,0,0,0,0
p0689,I.E.JUAN MARIA CESPEDES,16,35,verde,1,129,247,52.23,25,43,0,0,0,49,0,0,129,0,0,0,0
p0689,I.E.JUAN MARIA CESPEDES,16,36,verde,1,132,215,61.4,23,19,0,0,0,38,0,0,132,0,0,0,0
p0689,I.E.JUAN MARIA CESPEDES,16,37,verde,1,153,232,65.95,22,20,0,0,0,36,0,0,153,0,0,0,0
p0689,I.E.JUAN MARIA CESPEDES,16,38,verde,1,127,204,62.25,13,27,0,0,0,34,0,0,127,0,0,0,0
p0689,I.E.JUAN MARIA CESPEDES,16,39,verde,1,138,237,58.23,18,35,0,0,0,46,0,0,138,0,0,0,0
p0689,I.E.JUAN MARIA CESPEDES,16,40,verde,1,124,235,52.77,29,33,0,0,0,47,0,0,124,0,0,0,0
p0689,I.E.JUAN MARIA CESPEDES,16,41,verde,1,120,233,51.5,22,52,0,0,0,37,0,0,120,0,0,0,0
p0689,I.E.JUAN MARIA CESPEDES,16,42,verde,1,95,193,49.22,21,39,0,0,0,35,0,0,95,0,0,0,0
p0690,I.E JUAN XXIII,13,1,verde,1,164,266,61.65,34,11,0,0,0,50,0,0,164,0,0,0,0
p0690,I.E JUAN XXIII,13,2,verde,1,180,275,65.45,28,14,0,0,0,46,0,0,180,0,0,0,0
p0690,I.E JUAN XXIII,13,3,verde,1,204,290,70.34,24,16,0,0,0,43,0,0,204,0,0,0,0
p0690,I.E JUAN XXIII,13,4,verde,1,176,284,61.97,22,8,0,0,0,75,0,0,176,0,0,0,0
p0690,I.E JUAN XXIII,13,5,verde,1,110,236,46.61,13,29,0,0,0,78,0,0,110,0,0,0,0
p0690,I.E JUAN XXIII,13,6,amarillo,2,51,170,30.0,5,23,0,0,0,89,0,0,51,0,0,0,0
p0690,I.E JUAN XXIII,13,7,amarillo,2,50,167,29.94,4,19,0,0,0,93,0,0,50,0,0,0,0
p0690,I.E JUAN XXIII,13,8,amarillo,2,57,168,33.93,8,28,0,0,0,73,0,0,57,0,0,0,0
p0690,I.E JUAN XXIII,13,9,amarillo,2,52,161,32.3,3,24,0,0,0,80,0,0,52,0,0,0,0
p0690,I.E JUAN XXIII,13,10,verde,1,72,173,41.62,9,19,0,0,0,72,0,0,72,0,0,0,0
p0690,I.E JUAN XXIII,13,11,verde,1,63,162,38.89,7,27,0,0,0,62,0,0,63,0,0,0,0
p0690,I.E JUAN XXIII,13,12,verde,1,81,205,39.51,11,32,0,0,0,76,0,0,81,0,0,0,0
p0690,I.E JUAN XXIII,13,13,verde,1,96,228,42.11,9,25,0,0,0,96,0,0,96,0,0,0,0
p0690,I.E JUAN XXIII,13,14,amarillo,2,62,183,33.88,4,20,0,0,0,96,0,0,62,0,0,0,0
p0690,I.E JUAN XXIII,13,15,verde,1,87,192,45.31,0,22,0,0,0,71,7,0,87,0,0,0,0
p0690,I.E JUAN XXIII,13,16,verde,1,103,225,45.78,16,24,0,0,0,79,0,0,103,0,0,0,0
p0690,I.E JUAN XXIII,13,17,amarillo,2,71,199,35.68,6,34,0,0,0,85,0,0,71,0,0,0,0
p0690,I.E JUAN XXIII,13,18,amarillo,2,28,82,34.15,1,14,0,0,0,38,0,0,28,0,0,0,0
p0691,I.E. JULIO CESAR GARCIA,05,1,verde,1,177,252,70.24,35,7,0,0,0,30,0,0,177,0,0,0,0
p0691,I.E. JULIO CESAR GARCIA,05,2,verde,1,166,252,65.87,30,8,0,0,0,45,0,0,166,0,0,0,0
p0691,I.E. JULIO CESAR GARCIA,05,3,verde,1,178,248,71.77,23,9,0,0,0,38,0,0,178,0,0,0,0
p0691,I.E. JULIO CESAR GARCIA,05,4,verde,1,193,256,75.39,29,13,0,0,0,20,0,0,193,0,0,0,0
p0691,I.E. JULIO CESAR GARCIA,05,5,verde,1,185,262,70.61,26,13,0,0,0,34,0,0,185,0,0,0,0
p0691,I.E. JULIO CESAR GARCIA,05,6,verde,1,174,249,69.88,24,17,0,0,0,30,0,0,174,0,0,0,0
p0691,I.E. JULIO CESAR GARCIA,05,7,verde,1,180,263,68.44,28,17,0,0,0,36,0,0,180,0,0,0,0
p0691,I.E. JULIO CESAR GARCIA,05,8,verde,1,215,284,75.7,18,16,0,0,0,34,0,0,215,0,0,0,0
p0691,I.E. JULIO CESAR GARCIA,05,9,verde,1,199,276,72.1,34,18,0,0,0,24,0,0,199,0,0,0,0
p0691,I.E. JULIO CESAR GARCIA,05,10,verde,1,190,266,71.43,22,23,0,0,0,29,0,0,190,0,0,0,0
p0691,I.E. JULIO CESAR GARCIA,05,11,verde,1,186,270,68.89,33,14,0,0,0,33,0,0,186,0,0,0,0
p0691,I.E. JULIO CESAR GARCIA,05,12,verde,1,185,267,69.29,26,20,0,0,0,35,0,0,185,0,0,0,0
p0691,I.E. JULIO CESAR GARCIA,05,13,verde,1,181,271,66.79,24,21,0,0,0,44,0,0,181,0,0,0,0
p0691,I.E. JULIO CESAR GARCIA,05,14,verde,1,185,264,70.08,22,26,0,0,0,30,0,0,185,0,0,0,0
p0691,I.E. JULIO CESAR GARCIA,05,15,verde,1,176,276,63.77,31,14,0,0,0,54,0,0,176,0,0,0,0
p0691,I.E. JULIO CESAR GARCIA,05,16,verde,1,179,264,67.8,24,21,0,0,0,36,0,0,179,0,0,0,0
p0691,I.E. JULIO CESAR GARCIA,05,17,verde,1,176,277,63.54,29,11,0,0,0,60,0,0,176,0,0,0,0
p0691,I.E. JULIO CESAR GARCIA,05,18,verde,1,177,260,68.08,23,11,0,0,0,49,0,0,177,0,0,0,0
p0691,I.E. JULIO CESAR GARCIA,05,19,verde,1,200,270,74.07,16,8,0,0,0,43,0,0,200,0,0,0,0
p0691,I.E. JULIO CESAR GARCIA,05,20,verde,1,155,258,60.08,17,31,0,0,0,48,0,0,155,0,0,0,0
p0691,I.E. JULIO CESAR GARCIA,05,21,amarillo,2,87,228,38.16,9,38,0,0,0,91,0,0,87,0,0,0,0
p0691,I.E. JULIO CESAR GARCIA,05,22,verde,1,119,224,53.12,11,27,0,0,0,66,0,0,119,0,0,0,0
p0691,I.E. JULIO CESAR GARCIA,05,23,verde,1,82,215,38.14,10,46,0,0,0,73,0,0,82,0,0,0,0
p0691,I.E. JULIO CESAR GARCIA,05,24,verde,1,118,206,57.28,6,5,0,0,0,73,0,0,118,0,0,0,0
p0691,I.E. JULIO CESAR GARCIA,05,25,verde,1,133,283,47.0,22,53,0,0,0,73,0,0,133,0,0,0,0
p0691,I.E. JULIO CESAR GARCIA,05,26,verde,1,124,257,48.25,8,21,0,0,0,98,0,0,124,0,0,0,0
p0691,I.E. JULIO CESAR GARCIA,05,27,verde,1,134,227,59.03,9,30,0,0,0,54,0,0,134,0,0,0,0
p0691,I.E. JULIO CESAR GARCIA,05,28,verde,1,111,234,47.44,18,33,0,0,0,70,0,0,111,0,0,0,0
p0691,I.E. JULIO CESAR GARCIA,05,29,verde,1,101,223,45.29,10,35,0,0,0,76,0,0,101,0,0,0,0
p0691,I.E. JULIO CESAR GARCIA,05,30,amarillo,2,70,190,36.84,7,41,0,0,0,72,0,0,70,0,0,0,0
p0692,I.E. KENNEDY,06,1,verde,1,122,202,60.4,34,3,0,0,0,42,0,0,122,0,0,0,0
p0692,I.E. KENNEDY,06,2,verde,1,125,226,55.31,40,9,0,0,0,47,0,0,125,0,0,0,0
p0692,I.E. KENNEDY,06,3,verde,1,148,242,61.16,29,9,0,0,0,50,0,0,148,0,0,0,0
p0692,I.E. KENNEDY,06,4,verde,1,133,213,62.44,25,14,0,0,0,40,0,0,133,0,0,0,0
p0692,I.E. KENNEDY,06,5,verde,1,147,203,72.41,21,8,0,0,0,26,0,0,147,0,0,0,0
p0692,I.E. KENNEDY,06,6,verde,1,121,197,61.42,23,7,0,0,0,46,0,0,121,0,0,0,0
p0692,I.E. KENNEDY,06,7,verde,1,125,202,61.88,20,22,0,0,0,32,0,0,125,0,0,0,0
p0692,I.E. KENNEDY,06,8,verde,1,131,199,65.83,26,13,0,0,0,22,0,0,131,0,0,0,0
p0692,I.E. KENNEDY,06,9,verde,1,159,240,66.25,29,10,0,0,0,41,0,0,159,0,0,0,0
p0692,I.E. KENNEDY,06,10,verde,1,143,229,62.45,29,16,0,0,0,35,0,0,143,0,0,0,0
p0692,I.E. KENNEDY,06,11,verde,1,148,237,62.45,32,16,0,0,0,34,0,0,148,0,0,0,0
p0692,I.E. KENNEDY,06,12,verde,1,155,235,65.96,18,22,0,0,0,35,0,0,155,0,0,0,0
p0692,I.E. KENNEDY,06,13,verde,1,145,233,62.23,21,20,0,0,0,39,0,0,145,0,0,0,0
p0692,I.E. KENNEDY,06,14,verde,1,154,231,66.67,31,16,0,0,0,27,0,0,154,0,0,0,0
p0692,I.E. KENNEDY,06,15,verde,1,142,245,57.96,25,25,0,0,0,51,0,0,142,0,0,0,0
p0692,I.E. KENNEDY,06,16,verde,1,148,236,62.71,19,19,0,0,0,47,0,0,148,0,0,0,0
p0692,I.E. KENNEDY,06,17,verde,1,147,239,61.51,32,15,0,0,0,41,0,0,147,0,0,0,0
p0692,I.E. KENNEDY,06,18,verde,1,159,239,66.53,24,17,0,0,0,37,0,0,159,0,0,0,0
p0692,I.E. KENNEDY,06,19,verde,1,133,226,58.85,26,17,0,0,0,49,0,0,133,0,0,0,0
p0692,I.E. KENNEDY,06,20,verde,1,150,241,62.24,33,6,0,0,0,49,0,0,150,0,0,0,0
p0692,I.E. KENNEDY,06,21,verde,1,130,224,58.04,14,12,0,0,0,62,0,0,130,0,0,0,0
p0692,I.E. KENNEDY,06,22,verde,1,163,241,67.63,31,6,0,0,0,37,0,0,163,0,0,0,0
p0692,I.E. KENNEDY,06,23,verde,1,141,242,58.26,28,10,0,0,0,56,0,0,141,0,0,0,0
p0692,I.E. KENNEDY,06,24,verde,1,148,246,60.16,21,7,0,0,0,64,0,0,148,0,0,0,0
p0692,I.E. KENNEDY,06,25,verde,1,153,248,61.69,15,10,0,0,0,65,0,0,153,0,0,0,0
p0692,I.E. KENNEDY,06,26,verde,1,137,228,60.09,19,12,0,0,0,57,0,0,137,0,0,0,0
p0692,I.E. KENNEDY,06,27,amarillo,2,76,200,38.0,15,25,0,0,0,80,0,0,76,0,0,0,0
p0692,I.E. KENNEDY,06,28,verde,1,74,204,36.27,13,38,0,0,0,73,0,0,74,0,0,0,0
p0692,I.E. KENNEDY,06,29,verde,1,108,236,45.76,16,17,0,0,0,87,0,0,108,0,0,0,0
p0692,I.E. KENNEDY,06,30,amarillo,2,73,195,37.44,9,29,0,0,0,78,0,0,73,0,0,0,0
p0692,I.E. KENNEDY,06,31,verde,1,58,146,39.73,10,20,0,0,0,53,0,0,58,0,0,0,0
p0693,I.E.LA ESPERANZA,06,1,verde,1,167,277,60.29,25,12,0,0,0,68,0,0,167,0,0,0,0
p0693,I.E.LA ESPERANZA,06,2,verde,1,149,264,56.44,36,16,0,0,0,57,0,0,149,0,0,0,0
p0693,I.E.LA ESPERANZA,06,3,verde,1,161,291,55.33,26,28,0,0,0,70,0,0,161,0,0,0,0
p0693,I.E.LA ESPERANZA,06,4,verde,1,164,271,60.52,17,18,0,0,0,66,0,0,164,0,0,0,0
p0693,I.E.LA ESPERANZA,06,5,verde,1,137,259,52.9,11,17,0,0,0,87,0,0,137,0,0,0,0
p0693,I.E.LA ESPERANZA,06,6,amarillo,2,64,196,32.65,9,28,0,0,0,94,0,0,64,0,0,0,0
p0693,I.E.LA ESPERANZA,06,7,amarillo,2,68,218,31.19,6,41,0,0,0,96,0,0,68,0,0,0,0
p0693,I.E.LA ESPERANZA,06,8,amarillo,2,75,197,38.07,2,29,0,0,0,89,0,0,75,0,0,0,0
p0693,I.E.LA ESPERANZA,06,9,verde,1,112,240,46.67,8,32,0,0,0,82,0,0,112,0,0,0,0
p0693,I.E.LA ESPERANZA,06,10,amarillo,2,102,258,39.53,14,29,0,0,0,105,0,0,102,0,0,0,0
p0693,I.E.LA ESPERANZA,06,11,amarillo,2,23,75,30.67,0,7,0,0,8,31,0,0,23,0,0,0,0
p0694,I.E.LA INDEPENDENCIA,13,1,verde,1,104,187,55.61,25,11,0,0,0,38,0,0,104,0,0,0,0
p0694,I.E.LA INDEPENDENCIA,13,2,verde,1,99,184,53.8,34,0,0,0,0,45,2,0,99,0,0,0,0
p0694,I.E.LA INDEPENDENCIA,13,3,verde,1,126,224,56.25,27,5,0,0,0,59,0,0,126,0,0,0,0
p0694,I.E.LA INDEPENDENCIA,13,4,verde,1,115,191,60.21,28,15,0,0,0,27,0,0,115,0,0,0,0
p0694,I.E.LA INDEPENDENCIA,13,5,verde,1,124,213,58.22,44,5,0,0,0,38,0,0,124,0,0,0,0
p0694,I.E.LA INDEPENDENCIA,13,6,verde,1,114,213,53.52,30,14,0,0,0,50,0,0,114,0,0,0,0
p0694,I.E.LA INDEPENDENCIA,13,7,verde,1,111,188,59.04,37,12,0,0,0,25,0,0,111,0,0,0,0
p0694,I.E.LA INDEPENDENCIA,13,8,verde,1,112,201,55.72,19,15,0,0,0,50,0,0,112,0,0,0,0
p0694,I.E.LA INDEPENDENCIA,13,9,verde,1,117,210,55.71,41,15,0,0,0,34,0,0,117,0,0,0,0
p0694,I.E.LA INDEPENDENCIA,13,10,verde,1,145,236,61.44,31,17,0,0,0,35,0,0,145,0,0,0,0
p0694,I.E.LA INDEPENDENCIA,13,11,verde,1,130,235,55.32,31,15,0,0,0,53,0,0,130,0,0,0,0
p0694,I.E.LA INDEPENDENCIA,13,12,verde,1,122,219,55.71,27,18,0,0,0,46,0,0,122,0,0,0,0
p0694,I.E.LA INDEPENDENCIA,13,13,verde,1,140,240,58.33,36,22,0,0,0,35,0,0,140,0,0,0,0
p0694,I.E.LA INDEPENDENCIA,13,14,verde,1,148,238,62.18,20,13,0,0,0,51,0,0,148,0,0,0,0
p0694,I.E.LA INDEPENDENCIA,13,15,verde,1,138,235,58.72,24,19,0,0,0,49,0,0,138,0,0,0,0
p0694,I.E.LA INDEPENDENCIA,13,16,verde,1,116,212,54.72,20,21,0,0,0,50,0,0,116,0,0,0,0
p0694,I.E.LA INDEPENDENCIA,13,17,verde,1,131,227,57.71,34,14,0,0,0,41,0,0,131,0,0,0,0
p0694,I.E.LA INDEPENDENCIA,13,18,verde,1,122,220,55.45,20,13,0,0,0,57,0,0,122,0,0,0,0
p0694,I.E.LA INDEPENDENCIA,13,19,verde,1,143,225,63.56,29,9,0,0,0,35,0,0,143,0,0,0,0
p0694,I.E.LA INDEPENDENCIA,13,20,verde,1,151,227,66.52,30,7,0,0,0,36,0,0,151,0,0,0,0
p0694,I.E.LA INDEPENDENCIA,13,21,verde,1,133,214,62.15,20,8,0,0,0,49,0,0,133,0,0,0,0
p0694,I.E.LA INDEPENDENCIA,13,22,verde,1,120,208,57.69,15,17,0,0,0,52,0,0,120,0,0,0,0
p0694,I.E.LA INDEPENDENCIA,13,23,amarillo,2,42,142,29.58,3,27,0,0,0,66,0,0,42,0,0,0,0
p0694,I.E.LA INDEPENDENCIA,13,24,amarillo,2,60,154,38.96,13,15,0,0,0,62,0,0,60,0,0,0,0
p0694,I.E.LA INDEPENDENCIA,13,25,verde,1,90,170,52.94,10,13,0,0,0,52,0,0,90,0,0,0,0
p0694,I.E.LA INDEPENDENCIA,13,26,verde,1,77,175,44.0,8,28,0,0,0,60,0,0,77,0,0,0,0
p0694,I.E.LA INDEPENDENCIA,13,27,verde,1,74,178,41.57,15,20,0,0,0,65,0,0,74,0,0,0,0
p0694,I.E.LA INDEPENDENCIA,13,28,verde,1,87,199,43.72,19,15,0,0,0,70,0,0,87,0,0,0,0
p0694,I.E.LA INDEPENDENCIA,13,29,verde,1,108,189,57.14,6,18,0,0,0,51,0,0,108,0,0,0,0
p0694,I.E.LA INDEPENDENCIA,13,30,verde,1,99,185,53.51,13,17,0,0,0,54,0,0,99,0,0,0,0
p0694,I.E.LA INDEPENDENCIA,13,31,verde,1,86,179,48.04,11,19,0,0,0,59,0,0,86,0,0,0,0
p0694,I.E.LA INDEPENDENCIA,13,32,verde,1,83,170,48.82,7,16,0,0,0,61,0,0,83,0,0,0,0
p0694,I.E.LA INDEPENDENCIA,13,33,verde,1,78,182,42.86,10,18,0,0,0,72,0,0,78,0,0,0,0
p0694,I.E.LA INDEPENDENCIA,13,34,verde,1,84,184,45.65,4,17,0,0,0,76,0,0,84,0,0,0,0
p0694,I.E.LA INDEPENDENCIA,13,35,amarillo,2,60,181,33.15,0,18,0,0,0,92,6,0,60,0,0,0,0
p0694,I.E.LA INDEPENDENCIA,13,36,amarillo,2,62,189,32.8,4,27,0,0,0,92,0,0,62,0,0,0,0
p0694,I.E.LA INDEPENDENCIA,13,37,amarillo,2,71,181,39.23,7,27,0,0,0,74,0,0,71,0,0,0,0
p0694,I.E.LA INDEPENDENCIA,13,38,amarillo,2,21,56,37.5,7,6,0,0,0,22,0,0,21,0,0,0,0
p0695,I.E. LA MILAGROSA,09,1,verde,1,127,216,58.8,49,6,0,0,0,31,0,0,127,0,0,0,0
p0695,I.E. LA MILAGROSA,09,2,verde,1,159,258,61.63,34,17,0,0,0,43,0,0,159,0,0,0,0
p0695,I.E. LA MILAGROSA,09,3,verde,1,160,254,62.99,27,5,0,0,0,55,0,0,160,0,0,0,0
p0695,I.E. LA MILAGROSA,09,4,verde,1,162,238,68.07,17,9,0,0,0,50,0,0,162,0,0,0,0
p0695,I.E. LA MILAGROSA,09,5,verde,1,141,220,64.09,26,16,0,0,0,31,0,0,141,0,0,0,0
p0695,I.E. LA MILAGROSA,09,6,verde,1,155,221,70.14,17,13,0,0,0,35,0,0,155,0,0,0,0
p0695,I.E. LA MILAGROSA,09,7,verde,1,162,245,66.12,23,10,0,0,0,45,0,0,162,0,0,0,0
p0695,I.E. LA MILAGROSA,09,8,verde,1,176,255,69.02,21,20,0,0,0,37,0,0,176,0,0,0,0
p0695,I.E. LA MILAGROSA,09,9,verde,1,181,253,71.54,38,9,0,0,0,24,0,0,181,0,0,0,0
p0695,I.E. LA MILAGROSA,09,10,verde,1,173,256,67.58,26,14,0,0,0,41,0,0,173,0,0,0,0
p0695,I.E. LA MILAGROSA,09,11,verde,1,149,243,61.32,28,20,0,0,0,41,0,0,149,0,0,0,0
p0695,I.E. LA MILAGROSA,09,12,verde,1,186,267,69.66,31,17,0,0,0,30,0,0,186,0,0,0,0
p0695,I.E. LA MILAGROSA,09,13,verde,1,199,285,69.82,21,15,0,0,0,48,0,0,199,0,0,0,0
p0695,I.E. LA MILAGROSA,09,14,verde,1,184,275,66.91,25,18,0,0,0,44,0,0,184,0,0,0,0
p0695,I.E. LA MILAGROSA,09,15,verde,1,178,270,65.93,19,24,0,0,0,45,0,0,178,0,0,0,0
p0695,I.E. LA MILAGROSA,09,16,verde,1,193,281,68.68,29,15,0,0,0,38,0,0,193,0,0,0,0
p0695,I.E. LA MILAGROSA,09,17,verde,1,187,269,69.52,28,10,0,0,0,42,0,0,187,0,0,0,0
p0695,I.E. LA MILAGROSA,09,18,verde,1,170,257,66.15,28,22,0,0,0,36,0,0,170,0,0,0,0
p0695,I.E. LA MILAGROSA,09,19,verde,1,192,273,70.33,16,24,0,0,0,37,0,0,192,0,0,0,0
p0695,I.E. LA MILAGROSA,09,20,verde,1,178,273,65.2,9,34,0,0,0,50,0,0,178,0,0,0,0
p0695,I.E. LA MILAGROSA,09,21,verde,1,153,271,56.46,32,20,0,0,0,61,0,0,153,0,0,0,0
p0695,I.E. LA MILAGROSA,09,22,verde,1,177,269,65.8,25,5,0,0,0,61,0,0,177,0,0,0,0
p0695,I.E. LA MILAGROSA,09,23,verde,1,177,261,67.82,28,10,0,0,0,44,0,0,177,0,0,0,0
p0695,I.E. LA MILAGROSA,09,24,verde,1,169,261,64.75,21,11,0,0,0,57,0,0,169,0,0,0,0
p0695,I.E. LA MILAGROSA,09,25,verde,1,177,275,64.36,22,15,0,0,0,58,0,0,177,0,0,0,0
p0695,I.E. LA MILAGROSA,09,26,verde,1,185,272,68.01,30,10,0,0,0,46,0,0,185,0,0,0,0
p0695,I.E. LA MILAGROSA,09,27,verde,1,171,261,65.52,24,11,0,0,0,54,0,0,171,0,0,0,0
p0695,I.E. LA MILAGROSA,09,28,verde,1,169,252,67.06,14,10,0,0,0,55,0,0,169,0,0,0,0
p0695,I.E. LA MILAGROSA,09,29,verde,1,170,251,67.73,14,13,0,0,0,52,0,0,170,0,0,0,0
p0695,I.E. LA MILAGROSA,09,30,verde,1,74,175,42.29,7,30,0,0,0,62,0,0,74,0,0,0,0
p0695,I.E. LA MILAGROSA,09,31,verde,1,96,184,52.17,13,13,0,0,0,60,0,0,96,0,0,0,0
p0695,I.E. LA MILAGROSA,09,32,verde,1,110,212,51.89,19,26,0,0,0,55,0,0,110,0,0,0,0
p0695,I.E. LA MILAGROSA,09,33,verde,1,113,213,53.05,15,19,0,0,0,63,0,0,113,0,0,0,0
p0695,I.E. LA MILAGROSA,09,34,verde,1,108,215,50.23,11,23,0,0,0,65,0,0,108,0,0,0,0
p0695,I.E. LA MILAGROSA,09,35,verde,1,107,228,46.93,10,37,0,0,0,72,0,0,107,0,0,0,0
p0695,I.E. LA MILAGROSA,09,36,verde,1,86,220,39.09,8,41,0,0,0,84,0,0,86,0,0,0,0
p0695,I.E. LA MILAGROSA,09,37,verde,1,77,182,42.31,9,33,0,0,0,62,0,0,77,0,0,0,0
p0695,I.E. LA MILAGROSA,09,38,verde,1,84,208,40.38,9,47,0,0,0,66,0,0,84,0,0,0,0
p0695,I.E. LA MILAGROSA,09,39,amarillo,2,63,183,34.43,9,34,0,0,0,71,0,0,63,0,0,0,0
p0695,I.E. LA MILAGROSA,09,40,verde,1,113,232,48.71,8,35,0,0,0,72,0,0,113,0,0,0,0
p0695,I.E. LA MILAGROSA,09,41,verde,1,121,255,47.45,14,37,0,0,0,78,0,0,121,0,0,0,0
p0695,I.E. LA MILAGROSA,09,42,verde,1,101,191,52.88,6,16,0,0,0,63,0,0,101,0,0,0,0
p0695,I.E. LA MILAGROSA,09,43,verde,1,102,183,55.74,12,19,0,0,0,49,0,0,102,0,0,0,0
p0695,I.E. LA MILAGROSA,09,44,verde,1,110,205,53.66,9,24,0,0,0,61,0,0,110,0,0,0,0
p0695,I.E. LA MILAGROSA,09,45,verde,1,95,213,44.6,13,29,0,0,0,75,0,0,95,0,0,0,0
p0695,I.E. LA MILAGROSA,09,46,verde,1,94,230,40.87,11,41,0,0,0,81,0,0,94,0,0,0,0
p0695,I.E. LA MILAGROSA,09,47,amarillo,2,76,205,37.07,10,34,0,0,0,84,0,0,76,0,0,0,0
p0696,I.E. LA PIEDAD,12,1,verde,1,150,257,58.37,47,8,0,0,0,48,0,0,150,0,0,0,0
p0696,I.E. LA PIEDAD,12,2,verde,1,142,245,57.96,26,10,0,0,0,62,0,0,142,0,0,0,0
p0696,I.E. LA PIEDAD,12,3,verde,1,152,229,66.38,28,9,0,0,0,38,0,0,152,0,0,0,0
p0696,I.E. LA PIEDAD,12,4,verde,1,168,243,69.14,15,12,0,0,0,43,0,0,168,0,0,0,0
p0696,I.E. LA PIEDAD,12,5,verde,1,182,268,67.91,38,16,0,0,0,28,0,0,182,0,0,0,0
p0696,I.E. LA PIEDAD,12,6,verde,1,165,258,63.95,23,19,0,0,0,45,0,0,165,0,0,0,0
p0696,I.E. LA PIEDAD,12,7,verde,1,166,253,65.61,25,14,0,0,0,39,0,0,166,0,0,0,0
p0696,I.E. LA PIEDAD,12,8,verde,1,147,240,61.25,30,15,0,0,0,44,0,0,147,0,0,0,0
p0696,I.E. LA PIEDAD,12,9,verde,1,147,249,59.04,29,18,0,0,0,49,0,0,147,0,0,0,0
p0696,I.E. LA PIEDAD,12,10,verde,1,163,235,69.36,20,10,0,0,0,40,0,0,163,0,0,0,0
p0696,I.E. LA PIEDAD,12,11,verde,1,159,253,62.85,24,8,0,0,0,55,0,0,159,0,0,0,0
p0696,I.E. LA PIEDAD,12,12,verde,1,162,256,63.28,20,7,0,0,0,63,0,0,162,0,0,0,0
p0696,I.E. LA PIEDAD,12,13,verde,1,168,254,66.14,25,10,0,0,0,50,0,0,168,0,0,0,0
p0696,I.E. LA PIEDAD,12,14,verde,1,162,249,65.06,21,21,0,0,0,43,0,0,162,0,0,0,0
p0696,I.E. LA PIEDAD,12,15,amarillo,2,72,191,37.7,8,30,0,0,0,79,0,0,72,0,0,0,0
p0696,I.E. LA PIEDAD,12,16,amarillo,2,67,186,36.02,13,28,0,0,0,74,0,0,67,0,0,0,0
p0696,I.E. LA PIEDAD,12,17,verde,1,99,214,46.26,11,37,0,0,0,62,0,0,99,0,0,0,0
p0696,I.E. LA PIEDAD,12,18,verde,1,126,235,53.62,19,31,0,0,0,57,0,0,126,0,0,0,0
p0696,I.E. LA PIEDAD,12,19,verde,1,120,233,51.5,22,27,0,0,0,60,0,0,120,0,0,0,0
p0696,I.E. LA PIEDAD,12,20,verde,1,106,188,56.38,17,21,0,0,0,40,0,0,106,0,0,0,0
p0696,I.E. LA PIEDAD,12,21,verde,1,113,198,57.07,15,17,0,0,0,50,0,0,113,0,0,0,0
p0696,I.E. LA PIEDAD,12,22,verde,1,112,231,48.48,12,30,0,0,0,74,0,0,112,0,0,0,0
p0696,I.E. LA PIEDAD,12,23,verde,1,99,217,45.62,14,38,0,0,0,64,0,0,99,0,0,0,0
p0696,I.E. LA PIEDAD,12,24,verde,1,78,185,42.16,10,17,0,0,0,78,0,0,78,0,0,0,0
p0697,I.E. LA SALLE DE CAMPOAMOR,15,1,verde,1,221,303,72.94,36,5,0,0,0,40,0,0,221,0,0,0,0
p0697,I.E. LA SALLE DE CAMPOAMOR,15,2,verde,1,216,280,77.14,27,7,0,0,0,29,0,0,216,0,0,0,0
p0697,I.E. LA SALLE DE CAMPOAMOR,15,3,verde,1,232,290,80.0,20,14,0,0,0,22,0,0,232,0,0,0,0
p0697,I.E. LA SALLE DE CAMPOAMOR,15,4,verde,1,214,307,69.71,42,11,0,0,0,36,0,0,214,0,0,0,0
p0697,I.E. LA SALLE DE CAMPOAMOR,15,5,verde,1,237,317,74.76,24,12,0,0,0,42,0,0,237,0,0,0,0
p0697,I.E. LA SALLE DE CAMPOAMOR,15,6,verde,1,236,310,76.13,26,19,0,0,0,27,0,0,236,0,0,0,0
p0697,I.E. LA SALLE DE CAMPOAMOR,15,7,verde,1,245,308,79.55,18,21,0,0,0,22,0,0,245,0,0,0,0
p0697,I.E. LA SALLE DE CAMPOAMOR,15,8,verde,1,202,303,66.67,24,20,0,0,0,50,0,0,202,0,0,0,0
p0697,I.E. LA SALLE DE CAMPOAMOR,15,9,verde,1,221,315,70.16,26,17,0,0,0,47,0,0,221,0,0,0,0
p0697,I.E. LA SALLE DE CAMPOAMOR,15,10,verde,1,204,297,68.69,25,11,0,0,0,55,0,0,204,0,0,0,0
p0697,I.E. LA SALLE DE CAMPOAMOR,15,11,verde,1,183,277,66.06,16,30,0,0,0,43,0,0,183,0,0,0,0
p0697,I.E. LA SALLE DE CAMPOAMOR,15,12,verde,1,104,249,41.77,17,65,0,0,0,59,0,0,104,0,0,0,0
p0697,I.E. LA SALLE DE CAMPOAMOR,15,13,verde,1,110,263,41.83,15,53,0,0,0,80,0,0,110,0,0,0,0
p0697,I.E. LA SALLE DE CAMPOAMOR,15,14,verde,1,115,253,45.45,12,60,0,0,0,65,0,0,115,0,0,0,0
p0697,I.E. LA SALLE DE CAMPOAMOR,15,15,verde,1,103,246,41.87,10,68,0,0,0,61,0,0,103,0,0,0,0
p0697,I.E. LA SALLE DE CAMPOAMOR,15,16,verde,1,155,280,55.36,25,40,0,0,0,59,0,0,155,0,0,0,0
p0697,I.E. LA SALLE DE CAMPOAMOR,15,17,verde,1,136,284,47.89,15,56,0,0,0,74,0,0,136,0,0,0,0
p0697,I.E. LA SALLE DE CAMPOAMOR,15,18,verde,1,145,261,55.56,11,38,0,0,0,64,0,0,145,0,0,0,0
p0697,I.E. LA SALLE DE CAMPOAMOR,15,19,verde,1,104,238,43.7,15,35,0,0,0,78,0,0,104,0,0,0,0
p0697,I.E. LA SALLE DE CAMPOAMOR,15,20,verde,1,128,258,49.61,14,45,0,0,0,67,0,0,128,0,0,0,0
p0697,I.E. LA SALLE DE CAMPOAMOR,15,21,verde,1,59,138,42.75,3,27,0,0,0,46,0,0,59,0,0,0,0
p0698,I.E. LUCRECIO JARAMILLO VELEZ,11,1,verde,1,186,253,73.52,46,6,0,0,0,14,0,0,186,0,0,0,0
p0698,I.E. LUCRECIO JARAMILLO VELEZ,11,2,verde,1,172,246,69.92,41,10,0,0,0,21,0,0,172,0,0,0,0
p0698,I.E. LUCRECIO JARAMILLO VELEZ,11,3,verde,1,222,312,71.15,53,10,0,0,0,26,0,0,222,0,0,0,0
p0698,I.E. LUCRECIO JARAMILLO VELEZ,11,4,verde,1,195,272,71.69,41,10,0,0,0,26,0,0,195,0,0,0,0
p0698,I.E. LUCRECIO JARAMILLO VELEZ,11,5,verde,1,180,239,75.31,28,6,0,0,0,22,0,0,180,0,0,0,0
p0698,I.E. LUCRECIO JARAMILLO VELEZ,11,6,verde,1,188,231,81.39,32,2,0,0,0,8,0,0,188,0,0,0,0
p0698,I.E. LUCRECIO JARAMILLO VELEZ,11,7,verde,1,212,267,79.4,34,3,0,0,0,16,0,0,212,0,0,0,0
p0698,I.E. LUCRECIO JARAMILLO VELEZ,11,8,verde,1,223,271,82.29,32,5,0,0,0,10,0,0,223,0,0,0,0
p0698,I.E. LUCRECIO JARAMILLO VELEZ,11,9,verde,1,221,276,80.07,36,6,0,0,0,13,0,0,221,0,0,0,0
p0698,I.E. LUCRECIO JARAMILLO VELEZ,11,10,verde,1,217,267,81.27,28,8,0,0,0,14,0,0,217,0,0,0,0
p0698,I.E. LUCRECIO JARAMILLO VELEZ,11,11,verde,1,237,286,82.87,33,3,0,0,0,12,0,0,237,0,0,0,0
p0698,I.E. LUCRECIO JARAMILLO VELEZ,11,12,verde,1,249,311,80.06,37,8,0,0,0,17,0,0,249,0,0,0,0
p0698,I.E. LUCRECIO JARAMILLO VELEZ,11,13,verde,1,246,307,80.13,35,5,0,0,0,21,0,0,246,0,0,0,0
p0698,I.E. LUCRECIO JARAMILLO VELEZ,11,14,verde,1,210,276,76.09,32,13,0,0,0,19,0,0,210,0,0,0,0
p0698,I.E. LUCRECIO JARAMILLO VELEZ,11,15,verde,1,257,307,83.71,27,9,0,0,0,12,0,0,257,0,0,0,0
p0698,I.E. LUCRECIO JARAMILLO VELEZ,11,16,verde,1,231,301,76.74,34,11,0,0,0,22,0,0,231,0,0,0,0
p0698,I.E. LUCRECIO JARAMILLO VELEZ,11,17,verde,1,230,295,77.97,26,12,0,0,0,24,0,0,230,0,0,0,0
p0698,I.E. LUCRECIO JARAMILLO VELEZ,11,18,verde,1,220,286,76.92,38,6,0,0,0,22,0,0,220,0,0,0,0
p0698,I.E. LUCRECIO JARAMILLO VELEZ,11,19,verde,1,223,293,76.11,46,9,0,0,0,13,0,0,223,0,0,0,0
p0698,I.E. LUCRECIO JARAMILLO VELEZ,11,20,verde,1,225,290,77.59,42,0,0,0,0,10,0,0,225,0,6,0,0
p0698,I.E. LUCRECIO JARAMILLO VELEZ,11,21,verde,1,214,268,79.85,29,10,0,0,0,10,0,0,214,0,0,0,0
p0698,I.E. LUCRECIO JARAMILLO VELEZ,11,22,verde,1,220,285,77.19,27,11,0,0,0,26,0,0,220,0,0,0,0
p0698,I.E. LUCRECIO JARAMILLO VELEZ,11,23,verde,1,221,300,73.67,40,9,0,0,0,27,0,0,221,0,0,0,0
p0698,I.E. LUCRECIO JARAMILLO VELEZ,11,24,verde,1,220,279,78.85,23,13,0,0,0,20,0,0,220,0,0,0,0
p0698,I.E. LUCRECIO JARAMILLO VELEZ,11,25,verde,1,197,279,70.61,35,11,0,0,0,36,0,0,197,0,0,0,0
p0698,I.E. LUCRECIO JARAMILLO VELEZ,11,26,verde,1,224,281,79.72,28,7,0,0,0,21,0,0,224,0,0,0,0
p0698,I.E. LUCRECIO JARAMILLO VELEZ,11,27,verde,1,219,269,81.41,23,10,0,0,0,13,0,0,219,0,0,0,0
p0698,I.E. LUCRECIO JARAMILLO VELEZ,11,28,verde,1,207,269,76.95,21,9,0,0,0,27,0,0,207,0,0,0,0
p0698,I.E. LUCRECIO JARAMILLO VELEZ,11,29,verde,1,185,248,74.6,25,15,0,0,0,20,0,0,185,0,0,0,0
p0698,I.E. LUCRECIO JARAMILLO VELEZ,11,30,verde,1,152,219,69.41,18,19,0,0,0,29,0,0,152,0,0,0,0
p0698,I.E. LUCRECIO JARAMILLO VELEZ,11,31,verde,1,130,219,59.36,28,33,0,0,0,27,0,0,130,0,0,0,0
p0698,I.E. LUCRECIO JARAMILLO VELEZ,11,32,verde,1,141,255,55.29,38,36,0,0,0,38,0,0,141,0,0,0,0
p0698,I.E. LUCRECIO JARAMILLO VELEZ,11,33,verde,1,153,237,64.56,20,38,0,0,0,23,0,0,153,0,0,0,0
p0698,I.E. LUCRECIO JARAMILLO VELEZ,11,34,verde,1,147,241,61.0,34,25,0,0,0,31,0,0,147,0,0,0,0
p0698,I.E. LUCRECIO JARAMILLO VELEZ,11,35,verde,1,129,208,62.02,22,27,0,0,0,27,0,0,129,0,0,0,0
p0698,I.E. LUCRECIO JARAMILLO VELEZ,11,36,verde,1,134,220,60.91,13,31,0,0,0,38,0,0,134,0,0,0,0
p0698,I.E. LUCRECIO JARAMILLO VELEZ,11,37,verde,1,165,256,64.45,25,38,0,0,0,28,0,0,165,0,0,0,0
p0698,I.E. LUCRECIO JARAMILLO VELEZ,11,38,verde,1,143,242,59.09,19,40,0,0,0,38,0,0,143,0,0,0,0
p0698,I.E. LUCRECIO JARAMILLO VELEZ,11,39,verde,1,56,105,53.33,11,11,0,0,0,27,0,0,56,0,0,0,0
p0699,I.E. LUIS CARLOS GALAN SARMIENTO,08,1,verde,1,146,262,55.73,20,6,0,0,0,83,0,0,146,0,0,0,0
p0699,I.E. LUIS CARLOS GALAN SARMIENTO,08,2,verde,1,132,268,49.25,35,6,0,0,0,88,0,0,132,0,0,0,0
p0699,I.E. LUIS CARLOS GALAN SARMIENTO,08,3,verde,1,175,285,61.4,18,18,0,0,0,71,0,0,175,0,0,0,0
p0699,I.E. LUIS CARLOS GALAN SARMIENTO,08,4,verde,1,108,224,48.21,9,12,0,0,0,90,0,0,108,0,0,0,0
p0699,I.E. LUIS CARLOS GALAN SARMIENTO,08,5,amarillo,2,39,171,22.81,5,18,0,0,0,105,0,0,39,0,0,0,0
p0699,I.E. LUIS CARLOS GALAN SARMIENTO,08,6,amarillo,2,46,183,25.14,6,21,0,0,0,109,0,0,46,0,0,0,0
p0699,I.E. LUIS CARLOS GALAN SARMIENTO,08,7,amarillo,2,47,176,26.7,0,6,0,0,0,113,6,0,47,0,0,0,0
p0699,I.E. LUIS CARLOS GALAN SARMIENTO,08,8,amarillo,2,52,156,33.33,4,22,0,0,0,75,0,0,52,0,0,0,0
p0699,I.E. LUIS CARLOS GALAN SARMIENTO,08,9,amarillo,2,42,180,23.33,0,20,0,0,0,108,5,0,42,0,0,0,0
p0699,I.E. LUIS CARLOS GALAN SARMIENTO,08,10,amarillo,2,47,162,29.01,0,33,0,0,0,73,5,0,47,0,0,0,0
p0699,I.E. LUIS CARLOS GALAN SARMIENTO,08,11,amarillo,2,38,157,24.2,0,22,0,0,0,91,3,0,38,0,0,0,0
p0699,I.E. LUIS CARLOS GALAN SARMIENTO,08,12,amarillo,2,43,157,27.39,7,12,0,0,0,93,0,0,43,0,0,0,0
p0699,I.E. LUIS CARLOS GALAN SARMIENTO,08,13,amarillo,2,87,227,38.33,5,17,0,0,0,110,0,0,87,0,0,0,0
p0699,I.E. LUIS CARLOS GALAN SARMIENTO,08,14,amarillo,2,56,172,32.56,7,15,0,0,0,87,0,0,56,0,0,0,0
p0699,I.E. LUIS CARLOS GALAN SARMIENTO,08,15,amarillo,2,43,197,21.83,5,5,0,0,0,141,0,0,43,0,0,0,0
p0699,I.E. LUIS CARLOS GALAN SARMIENTO,08,16,amarillo,2,71,186,38.17,17,18,0,0,0,78,0,0,71,0,0,0,0
p0699,I.E. LUIS CARLOS GALAN SARMIENTO,08,17,amarillo,2,15,54,27.78,3,9,0,0,0,27,0,0,15,0,0,0,0
p0700,I.E.MAESTRO FERNANDO BOTERO,06,1,verde,1,120,210,57.14,27,13,0,0,0,49,0,0,120,0,0,0,0
p0700,I.E.MAESTRO FERNANDO BOTERO,06,2,verde,1,142,247,57.49,31,17,0,0,0,54,0,0,142,0,0,0,0
p0700,I.E.MAESTRO FERNANDO BOTERO,06,3,verde,1,119,193,61.66,16,0,0,0,0,18,0,0,119,22,0,0,0
p0700,I.E.MAESTRO FERNANDO BOTERO,06,4,verde,1,147,229,64.19,26,12,0,0,0,41,0,0,147,0,0,0,0
p0700,I.E.MAESTRO FERNANDO BOTERO,06,5,verde,1,153,218,70.18,27,12,0,0,0,23,0,0,153,0,0,0,0
p0700,I.E.MAESTRO FERNANDO BOTERO,06,6,verde,1,156,256,60.94,33,17,0,0,0,45,0,0,156,0,0,0,0
p0700,I.E.MAESTRO FERNANDO BOTERO,06,7,verde,1,158,259,61.0,27,21,0,0,0,47,0,0,158,0,0,0,0
p0700,I.E.MAESTRO FERNANDO BOTERO,06,8,verde,1,166,262,63.36,21,28,0,0,0,42,0,0,166,0,0,0,0
p0700,I.E.MAESTRO FERNANDO BOTERO,06,9,verde,1,165,255,64.71,23,22,0,0,0,40,0,0,165,0,0,0,0
p0700,I.E.MAESTRO FERNANDO BOTERO,06,10,verde,1,149,259,57.53,30,24,0,0,0,48,0,0,149,0,0,0,0
p0700,I.E.MAESTRO FERNANDO BOTERO,06,11,verde,1,161,250,64.4,27,18,0,0,0,41,0,0,161,0,0,0,0
p0700,I.E.MAESTRO FERNANDO BOTERO,06,12,verde,1,157,244,64.34,30,17,0,0,0,35,0,0,157,0,0,0,0
p0700,I.E.MAESTRO FERNANDO BOTERO,06,13,verde,1,147,235,62.55,16,30,0,0,0,40,0,0,147,0,0,0,0
p0700,I.E.MAESTRO FERNANDO BOTERO,06,14,verde,1,149,268,55.6,38,12,0,0,0,62,0,0,149,0,0,0,0
p0700,I.E.MAESTRO FERNANDO BOTERO,06,15,verde,1,131,219,59.82,22,6,0,0,0,56,0,0,131,0,0,0,0
p0700,I.E.MAESTRO FERNANDO BOTERO,06,16,verde,1,156,259,60.23,25,13,0,0,0,60,0,0,156,0,0,0,0
p0700,I.E.MAESTRO FERNANDO BOTERO,06,17,verde,1,150,244,61.48,25,11,0,0,0,51,0,0,150,0,0,0,0
p0700,I.E.MAESTRO FERNANDO BOTERO,06,18,verde,1,166,246,67.48,13,11,0,0,0,49,0,0,166,0,0,0,0
p0700,I.E.MAESTRO FERNANDO BOTERO,06,19,verde,1,160,240,66.67,19,8,0,0,0,50,0,0,160,0,0,0,0
p0700,I.E.MAESTRO FERNANDO BOTERO,06,20,verde,1,89,184,48.37,6,15,0,0,0,68,0,0,89,0,0,0,0
p0700,I.E.MAESTRO FERNANDO BOTERO,06,21,verde,1,92,212,43.4,11,25,0,0,0,77,0,0,92,0,0,0,0
p0700,I.E.MAESTRO FERNANDO BOTERO,06,22,verde,1,117,236,49.58,9,38,0,0,0,68,0,0,117,0,0,0,0
p0700,I.E.MAESTRO FERNANDO BOTERO,06,23,verde,1,103,232,44.4,17,34,0,0,0,75,0,0,103,0,0,0,0
p0700,I.E.MAESTRO FERNANDO BOTERO,06,24,verde,1,124,211,58.77,5,24,0,0,0,54,0,0,124,0,0,0,0
p0700,I.E.MAESTRO FERNANDO BOTERO,06,25,verde,1,107,216,49.54,6,28,0,0,0,73,0,0,107,0,0,0,0
p0700,I.E.MAESTRO FERNANDO BOTERO,06,26,verde,1,94,200,47.0,7,33,0,0,0,64,0,0,94,0,0,0,0
p0700,I.E.MAESTRO FERNANDO BOTERO,06,27,verde,1,92,226,40.71,8,40,0,0,0,83,0,0,92,0,0,0,0
p0700,I.E.MAESTRO FERNANDO BOTERO,06,28,verde,1,51,122,41.8,6,20,0,0,0,41,0,0,51,0,0,0,0
p0701,I.E. MANUEL J. BETANCUR,80,1,verde,1,168,259,64.86,26,6,0,0,0,51,0,0,168,0,0,0,0
p0701,I.E. MANUEL J. BETANCUR,80,2,verde,1,153,255,60.0,29,22,0,0,0,47,0,0,153,0,0,0,0
p0701,I.E. MANUEL J. BETANCUR,80,3,verde,1,142,244,58.2,17,22,0,0,0,57,0,0,142,0,0,0,0
p0701,I.E. MANUEL J. BETANCUR,80,4,verde,1,146,226,64.6,22,9,0,0,0,41,0,0,146,0,0,0,0
p0701,I.E. MANUEL J. BETANCUR,80,5,verde,1,163,248,65.73,28,8,0,0,0,44,0,0,163,0,0,0,0
p0701,I.E. MANUEL J. BETANCUR,80,6,verde,1,158,237,66.67,19,12,0,0,0,43,0,0,158,0,0,0,0
p0701,I.E. MANUEL J. BETANCUR,80,7,verde,1,154,236,65.25,15,14,0,0,0,50,0,0,154,0,0,0,0
p0701,I.E. MANUEL J. BETANCUR,80,8,verde,1,172,248,69.35,20,6,0,0,0,43,0,0,172,0,0,0,0
p0701,I.E. MANUEL J. BETANCUR,80,9,verde,1,156,218,71.56,15,6,0,0,0,39,0,0,156,0,0,0,0
p0701,I.E. MANUEL J. BETANCUR,80,10,verde,1,138,223,61.88,18,11,0,0,0,52,0,0,138,0,0,0,0
p0701,I.E. MANUEL J. BETANCUR,80,11,verde,1,139,235,59.15,22,7,0,0,0,62,0,0,139,0,0,0,0
p0701,I.E. MANUEL J. BETANCUR,80,12,verde,1,164,255,64.31,21,8,0,0,0,56,0,0,164,0,0,0,0
p0701,I.E. MANUEL J. BETANCUR,80,13,verde,1,152,224,67.86,19,9,0,0,0,39,0,0,152,0,0,0,0
p0701,I.E. MANUEL J. BETANCUR,80,14,verde,1,165,236,69.92,15,11,0,0,0,40,0,0,165,0,0,0,0
p0701,I.E. MANUEL J. BETANCUR,80,15,verde,1,157,240,65.42,13,12,0,0,0,48,0,0,157,0,0,0,0
p0701,I.E. MANUEL J. BETANCUR,80,16,amarillo,2,50,172,29.07,0,27,0,0,0,84,6,0,50,0,0,0,0
p0701,I.E. MANUEL J. BETANCUR,80,17,amarillo,2,54,179,30.17,4,27,0,0,0,89,0,0,54,0,0,0,0
p0701,I.E. MANUEL J. BETANCUR,80,18,verde,1,78,179,43.58,14,20,0,0,0,64,0,0,78,0,0,0,0
p0701,I.E. MANUEL J. BETANCUR,80,19,verde,1,125,248,50.4,19,23,0,0,0,75,0,0,125,0,0,0,0
p0701,I.E. MANUEL J. BETANCUR,80,20,verde,1,124,247,50.2,13,31,0,0,0,71,0,0,124,0,0,0,0
p0701,I.E. MANUEL J. BETANCUR,80,21,verde,1,111,204,54.41,12,19,0,0,0,57,0,0,111,0,0,0,0
p0701,I.E. MANUEL J. BETANCUR,80,22,verde,1,123,211,58.29,12,19,0,0,0,55,0,0,123,0,0,0,0
p0701,I.E. MANUEL J. BETANCUR,80,23,verde,1,99,186,53.23,13,17,0,0,0,52,0,0,99,0,0,0,0
p0701,I.E. MANUEL J. BETANCUR,80,24,verde,1,95,193,49.22,13,22,0,0,0,61,0,0,95,0,0,0,0
p0701,I.E. MANUEL J. BETANCUR,80,25,verde,1,97,180,53.89,0,21,0,0,0,52,5,0,97,0,0,0,0
p0701,I.E. MANUEL J. BETANCUR,80,26,verde,1,103,203,50.74,10,22,0,0,0,66,0,0,103,0,0,0,0
p0701,I.E. MANUEL J. BETANCUR,80,27,verde,1,105,199,52.76,13,24,0,0,0,54,0,0,105,0,0,0,0
p0701,I.E. MANUEL J. BETANCUR,80,28,verde,1,104,208,50.0,8,27,0,0,0,68,0,0,104,0,0,0,0
p0701,I.E. MANUEL J. BETANCUR,80,29,verde,1,114,236,48.31,9,26,0,0,0,82,0,0,114,0,0,0,0
p0701,I.E. MANUEL J. BETANCUR,80,30,amarillo,2,79,198,39.9,8,23,0,0,0,84,0,0,79,0,0,0,0
p0701,I.E. MANUEL J. BETANCUR,80,31,verde,1,89,221,40.27,8,41,0,0,0,79,0,0,89,0,0,0,0
p0701,I.E. MANUEL J. BETANCUR,80,32,amarillo,2,77,206,37.38,12,19,0,0,0,92,0,0,77,0,0,0,0
p0701,I.E. MANUEL J. BETANCUR,80,33,amarillo,2,83,215,38.6,6,21,0,0,0,101,0,0,83,0,0,0,0
p0701,I.E. MANUEL J. BETANCUR,80,34,verde,1,85,199,42.71,5,33,0,0,0,72,0,0,85,0,0,0,0
p0701,I.E. MANUEL J. BETANCUR,80,35,amarillo,2,73,197,37.06,9,34,0,0,0,81,0,0,73,0,0,0,0
p0701,I.E. MANUEL J. BETANCUR,80,36,amarillo,2,77,290,26.55,9,25,0,0,0,176,0,0,77,0,0,0,0
p0701,I.E. MANUEL J. BETANCUR,80,37,amarillo,2,68,191,35.6,13,18,0,0,0,91,0,0,68,0,0,0,0
p0701,I.E. MANUEL J. BETANCUR,80,38,amarillo,2,58,210,27.62,7,29,0,0,0,114,0,0,58,0,0,0,0
p0701,I.E. MANUEL J. BETANCUR,80,39,amarillo,2,56,203,27.59,4,37,0,0,0,102,0,0,56,0,0,0,0
p0701,I.E. MANUEL J. BETANCUR,80,40,amarillo,2,50,145,34.48,0,12,0,0,0,71,6,0,50,0,0,0,0
p0702,I.E. MANUEL JOSÉ CAYZEDO,09,1,verde,1,140,245,57.14,30,10,0,0,0,62,0,0,140,0,0,0,0
p0702,I.E. MANUEL JOSÉ CAYZEDO,09,2,verde,1,171,247,69.23,26,3,0,0,0,42,0,0,171,0,0,0,0
p0702,I.E. MANUEL JOSÉ CAYZEDO,09,3,verde,1,178,257,69.26,29,10,0,0,0,38,0,0,178,0,0,0,0
p0702,I.E. MANUEL JOSÉ CAYZEDO,09,4,verde,1,155,239,64.85,19,9,0,0,0,53,0,0,155,0,0,0,0
p0702,I.E. MANUEL JOSÉ CAYZEDO,09,5,verde,1,186,276,67.39,25,15,0,0,0,49,0,0,186,0,0,0,0
p0702,I.E. MANUEL JOSÉ CAYZEDO,09,6,verde,1,176,253,69.57,28,17,0,0,0,30,0,0,176,0,0,0,0
p0702,I.E. MANUEL JOSÉ CAYZEDO,09,7,verde,1,151,237,63.71,21,16,0,0,0,46,0,0,151,0,0,0,0
p0702,I.E. MANUEL JOSÉ CAYZEDO,09,8,verde,1,183,269,68.03,29,5,0,0,0,49,0,0,183,0,0,0,0
p0702,I.E. MANUEL JOSÉ CAYZEDO,09,9,verde,1,191,263,72.62,16,7,0,0,0,47,0,0,191,0,0,0,0
p0702,I.E. MANUEL JOSÉ CAYZEDO,09,10,verde,1,98,185,52.97,12,19,0,0,0,52,0,0,98,0,0,0,0
p0702,I.E. MANUEL JOSÉ CAYZEDO,09,11,amarillo,2,42,162,25.93,3,32,0,0,0,83,0,0,42,0,0,0,0
p0702,I.E. MANUEL JOSÉ CAYZEDO,09,12,amarillo,2,43,151,28.48,4,28,0,0,0,74,0,0,43,0,0,0,0
p0702,I.E. MANUEL JOSÉ CAYZEDO,09,13,amarillo,2,53,169,31.36,4,28,0,0,0,82,0,0,53,0,0,0,0
p0702,I.E. MANUEL JOSÉ CAYZEDO,09,14,verde,1,65,145,44.83,7,16,0,0,0,57,0,0,65,0,0,0,0
p0702,I.E. MANUEL JOSÉ CAYZEDO,09,15,verde,1,80,150,53.33,11,11,0,0,0,45,0,0,80,0,0,0,0
p0702,I.E. MANUEL JOSÉ CAYZEDO,09,16,verde,1,92,185,49.73,0,17,0,0,0,65,6,0,92,0,0,0,0
p0702,I.E. MANUEL JOSÉ CAYZEDO,09,17,verde,1,69,171,40.35,7,23,0,0,0,67,0,0,69,0,0,0,0
p0702,I.E. MANUEL JOSÉ CAYZEDO,09,18,amarillo,2,55,150,36.67,4,14,0,0,0,77,0,0,55,0,0,0,0
p0702,I.E. MANUEL JOSÉ CAYZEDO,09,19,amarillo,2,57,160,35.62,9,18,0,0,0,73,0,0,57,0,0,0,0
p0702,I.E. MANUEL JOSÉ CAYZEDO,09,20,amarillo,2,56,172,32.56,10,25,0,0,0,79,0,0,56,0,0,0,0
p0702,I.E. MANUEL JOSÉ CAYZEDO,09,21,amarillo,2,69,188,36.7,4,28,0,0,0,84,0,0,69,0,0,0,0
p0702,I.E. MANUEL JOSÉ CAYZEDO,09,22,verde,1,107,246,43.5,19,30,0,0,0,83,0,0,107,0,0,0,0
p0702,I.E. MANUEL JOSÉ CAYZEDO,09,23,amarillo,2,67,194,34.54,8,17,0,0,0,98,0,0,67,0,0,0,0
p0702,I.E. MANUEL JOSÉ CAYZEDO,09,24,verde,1,74,162,45.68,11,18,0,0,0,55,0,0,74,0,0,0,0
p0702,I.E. MANUEL JOSÉ CAYZEDO,09,25,verde,1,65,155,41.94,10,18,0,0,0,57,0,0,65,0,0,0,0
p0702,I.E. MANUEL JOSÉ CAYZEDO,09,26,verde,1,89,187,47.59,9,14,0,0,0,74,0,0,89,0,0,0,0
p0702,I.E. MANUEL JOSÉ CAYZEDO,09,27,amarillo,2,68,164,41.46,4,16,0,0,0,73,0,0,68,0,0,0,0
p0702,I.E. MANUEL JOSÉ CAYZEDO,09,28,amarillo,2,37,106,34.91,3,13,0,0,0,51,0,0,37,0,0,0,0
p0703,I.E. MANUELA BELTRAN,03,1,verde,1,88,162,54.32,32,5,0,0,0,32,0,0,88,0,0,0,0
p0703,I.E. MANUELA BELTRAN,03,2,verde,1,104,188,55.32,18,5,0,0,0,59,0,0,104,0,0,0,0
p0703,I.E. MANUELA BELTRAN,03,3,verde,1,101,210,48.1,41,11,0,0,0,50,0,0,101,0,0,0,0
p0703,I.E. MANUELA BELTRAN,03,4,verde,1,105,221,47.51,27,4,0,0,0,76,0,0,105,0,0,0,0
p0703,I.E. MANUELA BELTRAN,03,5,verde,1,87,173,50.29,21,12,0,0,0,50,0,0,87,0,0,0,0
p0703,I.E. MANUELA BELTRAN,03,6,verde,1,105,191,54.97,33,11,0,0,0,31,0,0,105,0,0,0,0
p0703,I.E. MANUELA BELTRAN,03,7,verde,1,114,183,62.3,25,8,0,0,0,30,0,0,114,0,0,0,0
p0703,I.E. MANUELA BELTRAN,03,8,verde,1,103,199,51.76,31,9,0,0,0,47,0,0,103,0,0,0,0
p0703,I.E. MANUELA BELTRAN,03,9,verde,1,115,206,55.83,26,17,0,0,0,41,0,0,115,0,0,0,0
p0703,I.E. MANUELA BELTRAN,03,10,verde,1,105,176,59.66,23,13,0,0,0,28,0,0,105,0,0,0,0
p0703,I.E. MANUELA BELTRAN,03,11,verde,1,136,205,66.34,26,14,0,0,0,21,0,0,136,0,0,0,0
p0703,I.E. MANUELA BELTRAN,03,12,verde,1,114,204,55.88,23,0,0,0,0,58,0,0,114,5,0,0,0
p0703,I.E. MANUELA BELTRAN,03,13,verde,1,113,210,53.81,31,20,0,0,0,37,0,0,113,0,0,0,0
p0703,I.E. MANUELA BELTRAN,03,14,verde,1,137,212,64.62,22,16,0,0,0,30,0,0,137,0,0,0,0
p0703,I.E. MANUELA BELTRAN,03,15,verde,1,147,250,58.8,30,26,0,0,0,39,0,0,147,0,0,0,0
p0703,I.E. MANUELA BELTRAN,03,16,verde,1,121,233,51.93,30,20,0,0,0,53,0,0,121,0,0,0,0
p0703,I.E. MANUELA BELTRAN,03,17,verde,1,135,225,60.0,24,13,0,0,0,47,0,0,135,0,0,0,0
p0703,I.E. MANUELA BELTRAN,03,18,verde,1,140,230,60.87,18,22,0,0,0,44,0,0,140,0,0,0,0
p0703,I.E. MANUELA BELTRAN,03,19,verde,1,136,213,63.85,22,14,0,0,0,38,0,0,136,0,0,0,0
p0703,I.E. MANUELA BELTRAN,03,20,verde,1,129,222,58.11,22,25,0,0,0,39,0,0,129,0,0,0,0
p0703,I.E. MANUELA BELTRAN,03,21,verde,1,123,221,55.66,22,20,0,0,0,46,0,0,123,0,0,0,0
p0703,I.E. MANUELA BELTRAN,03,22,verde,1,140,232,60.34,24,18,0,0,0,43,0,0,140,0,0,0,0
p0703,I.E. MANUELA BELTRAN,03,23,verde,1,134,220,60.91,30,15,0,0,0,35,0,0,134,0,0,0,0
p0703,I.E. MANUELA BELTRAN,03,24,verde,1,124,226,54.87,26,23,0,0,0,48,0,0,124,0,0,0,0
p0703,I.E. MANUELA BELTRAN,03,25,verde,1,17,27,62.96,0,3,0,0,0,7,0,0,17,0,0,0,0
p0704,I.E. MARCO FIDEL SUAREZ,11,1,verde,1,144,243,59.26,40,15,0,0,0,43,0,0,144,0,0,0,0
p0704,I.E. MARCO FIDEL SUAREZ,11,2,verde,1,139,231,60.17,34,10,0,0,0,44,0,0,139,0,0,0,0
p0704,I.E. MARCO FIDEL SUAREZ,11,3,verde,1,152,244,62.3,16,5,0,0,0,69,0,0,152,0,0,0,0
p0704,I.E. MARCO FIDEL SUAREZ,11,4,verde,1,193,264,73.11,33,9,0,0,0,28,0,0,193,0,0,0,0
p0704,I.E. MARCO FIDEL SUAREZ,11,5,verde,1,179,275,65.09,43,10,0,0,0,40,0,0,179,0,0,0,0
p0704,I.E. MARCO FIDEL SUAREZ,11,6,verde,1,197,264,74.62,29,13,0,0,0,23,0,0,197,0,0,0,0
p0704,I.E. MARCO FIDEL SUAREZ,11,7,verde,1,195,280,69.64,25,9,0,0,0,45,0,0,195,0,0,0,0
p0704,I.E. MARCO FIDEL SUAREZ,11,8,verde,1,199,290,68.62,31,22,0,0,0,36,0,0,199,0,0,0,0
p0704,I.E. MARCO FIDEL SUAREZ,11,9,verde,1,197,279,70.61,26,16,0,0,0,38,0,0,197,0,0,0,0
p0704,I.E. MARCO FIDEL SUAREZ,11,10,verde,1,182,266,68.42,26,15,0,0,0,42,0,0,182,0,0,0,0
p0704,I.E. MARCO FIDEL SUAREZ,11,11,verde,1,159,232,68.53,23,15,0,0,0,31,0,0,159,0,0,0,0
p0704,I.E. MARCO FIDEL SUAREZ,11,12,verde,1,185,280,66.07,31,8,0,0,0,55,0,0,185,0,0,0,0
p0704,I.E. MARCO FIDEL SUAREZ,11,13,verde,1,135,205,65.85,18,14,0,0,0,34,0,0,135,0,0,0,0
p0704,I.E. MARCO FIDEL SUAREZ,11,14,verde,1,171,257,66.54,21,14,0,0,0,48,0,0,171,0,0,0,0
p0704,I.E. MARCO FIDEL SUAREZ,11,15,verde,1,157,241,65.15,22,8,0,0,0,51,0,0,157,0,0,0,0
p0704,I.E. MARCO FIDEL SUAREZ,11,16,verde,1,168,250,67.2,14,11,0,0,0,53,0,0,168,0,0,0,0
p0704,I.E. MARCO FIDEL SUAREZ,11,17,verde,1,108,199,54.27,10,33,0,0,0,47,0,0,108,0,0,0,0
p0704,I.E. MARCO FIDEL SUAREZ,11,18,verde,1,121,208,58.17,18,23,0,0,0,44,0,0,121,0,0,0,0
p0704,I.E. MARCO FIDEL SUAREZ,11,19,verde,1,101,214,47.2,15,47,0,0,0,51,0,0,101,0,0,0,0
p0704,I.E. MARCO FIDEL SUAREZ,11,20,verde,1,114,236,48.31,20,30,0,0,0,70,0,0,114,0,0,0,0
p0704,I.E. MARCO FIDEL SUAREZ,11,21,verde,1,109,244,44.67,24,32,0,0,0,76,0,0,109,0,0,0,0
p0704,I.E. MARCO FIDEL SUAREZ,11,22,verde,1,123,223,55.16,18,23,0,0,0,56,0,0,123,0,0,0,0
p0704,I.E. MARCO FIDEL SUAREZ,11,23,verde,1,128,228,56.14,21,27,0,0,0,50,0,0,128,0,0,0,0
p0704,I.E. MARCO FIDEL SUAREZ,11,24,verde,1,120,221,54.3,23,35,0,0,0,41,0,0,120,0,0,0,0
p0704,I.E. MARCO FIDEL SUAREZ,11,25,verde,1,121,225,53.78,25,33,0,0,0,44,0,0,121,0,0,0,0
p0704,I.E. MARCO FIDEL SUAREZ,11,26,verde,1,91,209,43.54,14,43,0,0,0,61,0,0,91,0,0,0,0
p0704,I.E. MARCO FIDEL SUAREZ,11,27,rojo,3,11,46,23.91,2,15,0,0,0,17,0,0,11,0,0,0,0
p0705,I.E. MARIA MONTESSORI,05,1,verde,1,152,258,58.91,42,7,0,0,0,52,0,0,152,0,0,0,0
p0705,I.E. MARIA MONTESSORI,05,2,verde,1,165,254,64.96,31,8,0,0,0,48,0,0,165,0,0,0,0
p0705,I.E. MARIA MONTESSORI,05,3,verde,1,140,228,61.4,30,12,0,0,0,42,0,0,140,0,0,0,0
p0705,I.E. MARIA MONTESSORI,05,4,verde,1,172,257,66.93,29,12,0,0,0,36,0,0,172,0,0,0,0
p0705,I.E. MARIA MONTESSORI,05,5,verde,1,154,247,62.35,34,13,0,0,0,40,0,0,154,0,0,0,0
p0705,I.E. MARIA MONTESSORI,05,6,verde,1,141,240,58.75,28,16,0,0,0,48,0,0,141,0,0,0,0
p0705,I.E. MARIA MONTESSORI,05,7,verde,1,170,251,67.73,32,13,0,0,0,31,0,0,170,0,0,0,0
p0705,I.E. MARIA MONTESSORI,05,8,verde,1,153,251,60.96,32,14,0,0,0,49,0,0,153,0,0,0,0
p0705,I.E. MARIA MONTESSORI,05,9,verde,1,178,268,66.42,25,13,0,0,0,47,0,0,178,0,0,0,0
p0705,I.E. MARIA MONTESSORI,05,10,verde,1,160,268,59.7,32,22,0,0,0,49,0,0,160,0,0,0,0
p0705,I.E. MARIA MONTESSORI,05,11,verde,1,165,264,62.5,27,22,0,0,0,43,0,0,165,0,0,0,0
p0705,I.E. MARIA MONTESSORI,05,12,verde,1,159,273,58.24,28,34,0,0,0,47,0,0,159,0,0,0,0
p0705,I.E. MARIA MONTESSORI,05,13,verde,1,177,270,65.56,21,21,0,0,0,46,0,0,177,0,0,0,0
p0705,I.E. MARIA MONTESSORI,05,14,verde,1,169,271,62.36,23,22,0,0,0,50,0,0,169,0,0,0,0
p0705,I.E. MARIA MONTESSORI,05,15,verde,1,156,255,61.18,23,25,0,0,0,47,0,0,156,0,0,0,0
p0705,I.E. MARIA MONTESSORI,05,16,verde,1,161,259,62.16,30,17,0,0,0,43,0,0,161,0,0,0,0
p0705,I.E. MARIA MONTESSORI,05,17,verde,1,174,258,67.44,25,5,0,0,0,47,0,0,174,0,0,0,0
p0705,I.E. MARIA MONTESSORI,05,18,verde,1,149,256,58.2,27,7,0,0,0,70,0,0,149,0,0,0,0
p0705,I.E. MARIA MONTESSORI,05,19,verde,1,163,256,63.67,27,15,0,0,0,48,0,0,163,0,0,0,0
p0705,I.E. MARIA MONTESSORI,05,20,verde,1,151,265,56.98,26,19,0,0,0,66,0,0,151,0,0,0,0
p0705,I.E. MARIA MONTESSORI,05,21,verde,1,192,281,68.33,21,9,0,0,0,55,0,0,192,0,0,0,0
p0705,I.E. MARIA MONTESSORI,05,22,verde,1,144,235,61.28,16,14,0,0,0,55,0,0,144,0,0,0,0
p0705,I.E. MARIA MONTESSORI,05,23,amarillo,2,58,203,28.57,9,42,0,0,0,94,0,0,58,0,0,0,0
p0705,I.E. MARIA MONTESSORI,05,24,amarillo,2,68,207,32.85,10,32,0,0,0,95,0,0,68,0,0,0,0
p0705,I.E. MARIA MONTESSORI,05,25,amarillo,2,72,192,37.5,5,29,0,0,0,85,0,0,72,0,0,0,0
p0705,I.E. MARIA MONTESSORI,05,26,verde,1,105,218,48.17,10,20,0,0,0,79,0,0,105,0,0,0,0
p0705,I.E. MARIA MONTESSORI,05,27,amarillo,2,68,203,33.5,6,41,0,0,0,86,0,0,68,0,0,0,0
p0705,I.E. MARIA MONTESSORI,05,28,verde,1,105,237,44.3,8,34,0,0,0,87,0,0,105,0,0,0,0
p0705,I.E. MARIA MONTESSORI,05,29,verde,1,85,213,39.91,10,28,0,0,0,85,0,0,85,0,0,0,0
p0705,I.E. MARIA MONTESSORI,05,30,verde,1,109,232,46.98,9,23,0,0,0,88,0,0,109,0,0,0,0
p0705,I.E. MARIA MONTESSORI,05,31,verde,1,124,254,48.82,15,32,0,0,0,78,0,0,124,0,0,0,0
p0705,I.E. MARIA MONTESSORI,05,32,amarillo,2,90,228,39.47,15,26,0,0,0,92,0,0,90,0,0,0,0
p0705,I.E. MARIA MONTESSORI,05,33,verde,1,96,224,42.86,11,21,0,0,0,91,0,0,96,0,0,0,0
p0705,I.E. MARIA MONTESSORI,05,34,verde,1,109,236,46.19,15,29,0,0,0,81,0,0,109,0,0,0,0
p0705,I.E. MARIA MONTESSORI,05,35,verde,1,112,228,49.12,12,27,0,0,0,73,0,0,112,0,0,0,0
p0705,I.E. MARIA MONTESSORI,05,36,verde,1,89,210,42.38,12,33,0,0,0,73,0,0,89,0,0,0,0
p0705,I.E. MARIA MONTESSORI,05,37,verde,1,85,223,38.12,7,43,0,0,0,85,0,0,85,0,0,0,0
p0705,I.E. MARIA MONTESSORI,05,38,verde,1,59,155,38.06,14,25,0,0,0,54,0,0,59,0,0,0,0
p0706,I.E.MARISCAL ROBLEDO,07,1,verde,1,189,289,65.4,23,10,0,0,0,64,0,0,189,0,0,0,0
p0706,I.E.MARISCAL ROBLEDO,07,2,verde,1,164,272,60.29,22,20,0,0,0,60,0,0,164,0,0,0,0
p0706,I.E.MARISCAL ROBLEDO,07,3,amarillo,2,68,177,38.42,6,19,0,0,0,82,0,0,68,0,0,0,0
p0706,I.E.MARISCAL ROBLEDO,07,4,verde,1,99,183,54.1,22,14,0,0,0,46,0,0,99,0,0,0,0
p0706,I.E.MARISCAL ROBLEDO,07,5,verde,1,95,184,51.63,4,15,0,0,0,64,0,0,95,0,0,0,0
p0706,I.E.MARISCAL ROBLEDO,07,6,verde,1,81,190,42.63,10,28,0,0,0,69,0,0,81,0,0,0,0
p0706,I.E.MARISCAL ROBLEDO,07,7,verde,1,87,201,43.28,11,27,0,0,0,71,0,0,87,0,0,0,0
p0706,I.E.MARISCAL ROBLEDO,07,8,verde,1,96,218,44.04,14,20,0,0,0,85,0,0,96,0,0,0,0
p0706,I.E.MARISCAL ROBLEDO,07,9,verde,1,109,201,54.23,16,25,0,0,0,51,0,0,109,0,0,0,0
p0706,I.E.MARISCAL ROBLEDO,07,10,verde,1,107,191,56.02,10,14,0,0,0,55,0,0,107,0,0,0,0
p0706,I.E.MARISCAL ROBLEDO,07,11,verde,1,90,169,53.25,17,13,0,0,0,46,0,0,90,0,0,0,0
p0706,I.E.MARISCAL ROBLEDO,07,12,verde,1,110,170,64.71,19,6,0,0,0,33,0,0,110,0,0,0,0
p0706,I.E.MARISCAL ROBLEDO,07,13,verde,1,89,191,46.6,11,25,0,0,0,59,0,0,89,0,0,0,0
p0706,I.E.MARISCAL ROBLEDO,07,14,verde,1,37,78,47.44,1,8,0,0,0,32,0,0,37,0,0,0,0
p0706,I.E.MARISCAL ROBLEDO,07,15,verde,1,99,203,48.77,14,17,0,0,0,71,0,0,99,0,0,0,0
p0706,I.E.MARISCAL ROBLEDO,07,16,verde,1,93,203,45.81,12,32,0,0,0,65,0,0,93,0,0,0,0
p0706,I.E.MARISCAL ROBLEDO,07,17,verde,1,97,199,48.74,7,26,0,0,0,68,0,0,97,0,0,0,0
p0706,I.E.MARISCAL ROBLEDO,07,18,verde,1,89,171,52.05,7,18,0,0,0,54,0,0,89,0,0,0,0
p0706,I.E.MARISCAL ROBLEDO,07,19,verde,1,83,175,47.43,9,22,0,0,0,58,0,0,83,0,0,0,0
p0706,I.E.MARISCAL ROBLEDO,07,20,verde,1,42,101,41.58,4,16,0,0,0,39,0,0,42,0,0,0,0
p0707,I.E. MATER DEI,11,1,verde,1,186,261,71.26,44,8,0,0,0,22,0,0,186,0,0,0,0
p0707,I.E. MATER DEI,11,2,verde,1,202,276,73.19,34,9,0,0,0,28,0,0,202,0,0,0,0
p0707,I.E. MATER DEI,11,3,verde,1,181,260,69.62,24,9,0,0,0,45,0,0,181,0,0,0,0
p0707,I.E. MATER DEI,11,4,verde,1,170,220,77.27,28,9,0,0,0,12,0,0,170,0,0,0,0
p0707,I.E. MATER DEI,11,5,verde,1,222,275,80.73,22,5,0,0,0,25,0,0,222,0,0,0,0
p0707,I.E. MATER DEI,11,6,verde,1,180,263,68.44,34,24,0,0,0,22,0,0,180,0,0,0,0
p0707,I.E. MATER DEI,11,7,verde,1,222,292,76.03,38,12,0,0,0,19,0,0,222,0,0,0,0
p0707,I.E. MATER DEI,11,8,verde,1,221,287,77.0,35,5,0,0,0,24,0,0,221,0,0,0,0
p0707,I.E. MATER DEI,11,9,verde,1,208,277,75.09,33,11,0,0,0,25,0,0,208,0,0,0,0
p0707,I.E. MATER DEI,11,10,verde,1,213,282,75.53,38,10,0,0,0,20,0,0,213,0,0,0,0
p0707,I.E. MATER DEI,11,11,verde,1,228,294,77.55,29,7,0,0,0,27,0,0,228,0,0,0,0
p0707,I.E. MATER DEI,11,12,verde,1,191,274,69.71,46,12,0,0,0,24,0,0,191,0,0,0,0
p0707,I.E. MATER DEI,11,13,verde,1,174,243,71.6,36,10,0,0,0,23,0,0,174,0,0,0,0
p0707,I.E. MATER DEI,11,14,verde,1,196,263,74.52,24,18,0,0,0,24,0,0,196,0,0,0,0
p0707,I.E. MATER DEI,11,15,verde,1,207,280,73.93,28,9,0,0,0,35,0,0,207,0,0,0,0
p0707,I.E. MATER DEI,11,16,verde,1,189,261,72.41,30,5,0,0,0,36,0,0,189,0,0,0,0
p0707,I.E. MATER DEI,11,17,verde,1,183,259,70.66,30,15,0,0,0,29,0,0,183,0,0,0,0
p0707,I.E. MATER DEI,11,18,verde,1,208,273,76.19,33,6,0,0,0,25,0,0,208,0,0,0,0
p0707,I.E. MATER DEI,11,19,verde,1,177,252,70.24,26,12,0,0,0,32,0,0,177,0,0,0,0
p0707,I.E. MATER DEI,11,20,verde,1,179,250,71.6,19,23,0,0,0,28,0,0,179,0,0,0,0
p0707,I.E. MATER DEI,11,21,verde,1,118,235,50.21,28,43,0,0,0,46,0,0,118,0,0,0,0
p0707,I.E. MATER DEI,11,22,verde,1,127,245,51.84,22,43,0,0,0,49,0,0,127,0,0,0,0
p0707,I.E. MATER DEI,11,23,verde,1,155,250,62.0,14,36,0,0,0,43,0,0,155,0,0,0,0
p0707,I.E. MATER DEI,11,24,verde,1,146,254,57.48,19,44,0,0,0,44,0,0,146,0,0,0,0
p0707,I.E. MATER DEI,11,25,verde,1,128,245,52.24,21,55,0,0,0,40,0,0,128,0,0,0,0
p0707,I.E. MATER DEI,11,26,verde,1,64,135,47.41,13,26,0,0,0,30,0,0,64,0,0,0,0
p0708,"I.E. MONSEÑOR FRANCISCO CRISTOBAL
TORO",04,1,verde,1,122,208,58.65,26,10,0,0,0,46,0,0,122,0,0,0,0
p0708,"I.E. MONSEÑOR FRANCISCO CRISTOBAL
TORO",04,2,verde,1,145,237,61.18,28,12,0,0,0,46,0,0,145,0,0,0,0
p0708,"I.E. MONSEÑOR FRANCISCO CRISTOBAL
TORO",04,3,verde,1,126,187,67.38,21,13,0,0,0,25,0,0,126,0,0,0,0
p0708,"I.E. MONSEÑOR FRANCISCO CRISTOBAL
TORO",04,4,verde,1,148,231,64.07,32,10,0,0,0,36,0,0,148,0,0,0,0
p0708,"I.E. MONSEÑOR FRANCISCO CRISTOBAL
TORO",04,5,verde,1,132,213,61.97,30,18,0,0,0,27,0,0,132,0,0,0,0
p0708,"I.E. MONSEÑOR FRANCISCO CRISTOBAL
TORO",04,6,verde,1,150,232,64.66,34,8,0,0,0,32,0,0,150,0,0,0,0
p0708,"I.E. MONSEÑOR FRANCISCO CRISTOBAL
TORO",04,7,verde,1,147,248,59.27,29,23,0,0,0,45,0,0,147,0,0,0,0
p0708,"I.E. MONSEÑOR FRANCISCO CRISTOBAL
TORO",04,8,verde,1,151,237,63.71,24,19,0,0,0,40,0,0,151,0,0,0,0
p0708,"I.E. MONSEÑOR FRANCISCO CRISTOBAL
TORO",04,9,verde,1,161,245,65.71,27,18,0,0,0,35,0,0,161,0,0,0,0
p0708,"I.E. MONSEÑOR FRANCISCO CRISTOBAL
TORO",04,10,verde,1,163,233,69.96,20,11,0,0,0,34,0,0,163,0,0,0,0
p0708,"I.E. MONSEÑOR FRANCISCO CRISTOBAL
TORO",04,11,verde,1,166,255,65.1,15,26,0,0,0,40,0,0,166,0,0,0,0
p0708,"I.E. MONSEÑOR FRANCISCO CRISTOBAL
TORO",04,12,verde,1,164,254,64.57,20,16,0,0,0,51,0,0,164,0,0,0,0
p0708,"I.E. MONSEÑOR FRANCISCO CRISTOBAL
TORO",04,13,verde,1,146,245,59.59,19,9,0,0,0,69,0,0,146,0,0,0,0
p0708,"I.E. MONSEÑOR FRANCISCO CRISTOBAL
TORO",04,14,verde,1,152,258,58.91,26,12,0,0,0,61,0,0,152,0,0,0,0
p0708,"I.E. MONSEÑOR FRANCISCO CRISTOBAL
TORO",04,15,verde,1,160,243,65.84,27,4,0,0,0,47,0,0,160,0,0,0,0
p0708,"I.E. MONSEÑOR FRANCISCO CRISTOBAL
TORO",04,16,verde,1,152,236,64.41,22,6,0,0,0,52,0,0,152,0,0,0,0
p0708,"I.E. MONSEÑOR FRANCISCO CRISTOBAL
TORO",04,17,verde,1,156,249,62.65,25,11,0,0,0,49,0,0,156,0,0,0,0
p0708,"I.E. MONSEÑOR FRANCISCO CRISTOBAL
TORO",04,18,verde,1,99,200,49.5,15,19,0,0,0,66,0,0,99,0,0,0,0
p0708,"I.E. MONSEÑOR FRANCISCO CRISTOBAL
TORO",04,19,amarillo,2,59,174,33.91,4,34,0,0,0,73,0,0,59,0,0,0,0
p0708,"I.E. MONSEÑOR FRANCISCO CRISTOBAL
TORO",04,20,verde,1,82,168,48.81,7,10,0,0,0,66,0,0,82,0,0,0,0
p0708,"I.E. MONSEÑOR FRANCISCO CRISTOBAL
TORO",04,21,verde,1,91,180,50.56,9,19,0,0,0,55,0,0,91,0,0,0,0
p0708,"I.E. MONSEÑOR FRANCISCO CRISTOBAL
TORO",04,22,verde,1,77,194,39.69,10,29,0,0,0,74,0,0,77,0,0,0,0
p0708,"I.E. MONSEÑOR FRANCISCO CRISTOBAL
TORO",04,23,verde,1,80,194,41.24,5,29,0,0,0,78,0,0,80,0,0,0,0
p0708,"I.E. MONSEÑOR FRANCISCO CRISTOBAL
TORO",04,24,verde,1,111,248,44.76,17,42,0,0,0,74,0,0,111,0,0,0,0
p0708,"I.E. MONSEÑOR FRANCISCO CRISTOBAL
TORO",04,25,verde,1,101,190,53.16,8,18,0,0,0,62,0,0,101,0,0,0,0
p0708,"I.E. MONSEÑOR FRANCISCO CRISTOBAL
TORO",04,26,verde,1,123,219,56.16,13,29,0,0,0,51,0,0,123,0,0,0,0
p0708,"I.E. MONSEÑOR FRANCISCO CRISTOBAL
TORO",04,27,verde,1,91,184,49.46,11,14,0,0,0,64,0,0,91,0,0,0,0
p0708,"I.E. MONSEÑOR FRANCISCO CRISTOBAL
TORO",04,28,verde,1,93,196,47.45,8,25,0,0,0,67,0,0,93,0,0,0,0
p0708,"I.E. MONSEÑOR FRANCISCO CRISTOBAL
TORO",04,29,verde,1,95,216,43.98,9,30,0,0,0,82,0,0,95,0,0,0,0
p0708,"I.E. MONSEÑOR FRANCISCO CRISTOBAL
TORO",04,30,amarillo,2,45,155,29.03,9,32,0,0,0,67,0,0,45,0,0,0,0
p0709,"I.E. MONTECARLO GUILLERMO GAVIRIA
CORREA",03,1,verde,1,103,195,52.82,36,4,0,0,0,47,0,0,103,0,0,0,0
p0709,"I.E. MONTECARLO GUILLERMO GAVIRIA
CORREA",03,2,verde,1,110,237,46.41,32,13,0,0,0,71,0,0,110,0,0,0,0
p0709,"I.E. MONTECARLO GUILLERMO GAVIRIA
CORREA",03,3,verde,1,90,183,49.18,25,14,0,0,0,48,0,0,90,0,0,0,0
p0709,"I.E. MONTECARLO GUILLERMO GAVIRIA
CORREA",03,4,rojo,4,2,83,2.41,26,14,0,0,0,38,0,0,2,0,0,0,0
p0709,"I.E. MONTECARLO GUILLERMO GAVIRIA
CORREA",03,5,verde,1,103,202,50.99,32,12,0,0,0,51,0,0,103,0,0,0,0
p0709,"I.E. MONTECARLO GUILLERMO GAVIRIA
CORREA",03,6,verde,1,119,200,59.5,29,14,0,0,0,36,0,0,119,0,0,0,0
p0709,"I.E. MONTECARLO GUILLERMO GAVIRIA
CORREA",03,7,verde,1,100,189,52.91,29,14,0,0,0,42,0,0,100,0,0,0,0
p0709,"I.E. MONTECARLO GUILLERMO GAVIRIA
CORREA",03,8,verde,1,125,223,56.05,32,23,0,0,0,37,0,0,125,0,0,0,0
p0709,"I.E. MONTECARLO GUILLERMO GAVIRIA
CORREA",03,9,verde,1,124,214,57.94,37,10,0,0,0,37,0,0,124,0,0,0,0
p0709,"I.E. MONTECARLO GUILLERMO GAVIRIA
CORREA",03,10,verde,1,128,220,58.18,29,19,0,0,0,40,0,0,128,0,0,0,0
p0709,"I.E. MONTECARLO GUILLERMO GAVIRIA
CORREA",03,11,verde,1,126,238,52.94,29,26,0,0,0,51,0,0,126,0,0,0,0
p0709,"I.E. MONTECARLO GUILLERMO GAVIRIA
CORREA",03,12,verde,1,146,245,59.59,31,18,0,0,0,41,0,0,146,0,0,0,0
p0709,"I.E. MONTECARLO GUILLERMO GAVIRIA
CORREA",03,13,verde,1,127,222,57.21,20,18,0,0,0,49,0,0,127,0,0,0,0
p0709,"I.E. MONTECARLO GUILLERMO GAVIRIA
CORREA",03,14,verde,1,106,222,47.75,23,28,0,0,0,62,0,0,106,0,0,0,0
p0709,"I.E. MONTECARLO GUILLERMO GAVIRIA
CORREA",03,15,verde,1,128,227,56.39,26,13,0,0,0,51,0,0,128,0,0,0,0
p0709,"I.E. MONTECARLO GUILLERMO GAVIRIA
CORREA",03,16,verde,1,120,232,51.72,33,12,0,0,0,61,0,0,120,0,0,0,0
p0709,"I.E. MONTECARLO GUILLERMO GAVIRIA
CORREA",03,17,verde,1,121,213,56.81,34,12,0,0,0,40,0,0,121,0,0,0,0
p0709,"I.E. MONTECARLO GUILLERMO GAVIRIA
CORREA",03,18,verde,1,127,206,61.65,20,9,0,0,0,44,0,0,127,0,0,0,0
p0709,"I.E. MONTECARLO GUILLERMO GAVIRIA
CORREA",03,19,verde,1,160,244,65.57,27,11,0,0,0,39,0,0,160,0,0,0,0
p0709,"I.E. MONTECARLO GUILLERMO GAVIRIA
CORREA",03,20,verde,1,137,231,59.31,28,15,0,0,0,44,0,0,137,0,0,0,0
p0709,"I.E. MONTECARLO GUILLERMO GAVIRIA
CORREA",03,21,verde,1,110,225,48.89,23,13,0,0,0,73,0,0,110,0,0,0,0
p0709,"I.E. MONTECARLO GUILLERMO GAVIRIA
CORREA",03,22,verde,1,138,232,59.48,27,6,0,0,0,58,0,0,138,0,0,0,0
p0709,"I.E. MONTECARLO GUILLERMO GAVIRIA
CORREA",03,23,amarillo,2,58,176,32.95,7,13,0,0,0,97,0,0,58,0,0,0,0
p0709,"I.E. MONTECARLO GUILLERMO GAVIRIA
CORREA",03,24,amarillo,2,44,173,25.43,5,27,0,0,0,94,0,0,44,0,0,0,0
p0709,"I.E. MONTECARLO GUILLERMO GAVIRIA
CORREA",03,25,amarillo,2,44,159,27.67,5,16,0,0,0,92,0,0,44,0,0,0,0
p0709,"I.E. MONTECARLO GUILLERMO GAVIRIA
CORREA",03,26,amarillo,2,47,159,29.56,6,21,0,0,0,81,0,0,47,0,0,0,0
p0709,"I.E. MONTECARLO GUILLERMO GAVIRIA
CORREA",03,27,amarillo,2,45,161,27.95,0,17,0,0,0,92,4,0,45,0,0,0,0
p0709,"I.E. MONTECARLO GUILLERMO GAVIRIA
CORREA",03,28,verde,1,89,186,47.85,8,17,0,0,0,66,0,0,89,0,0,0,0
p0709,"I.E. MONTECARLO GUILLERMO GAVIRIA
CORREA",03,29,verde,1,80,177,45.2,9,14,0,0,0,68,0,0,80,0,0,0,0
p0709,"I.E. MONTECARLO GUILLERMO GAVIRIA
CORREA",03,30,verde,1,94,194,48.45,17,17,0,0,0,61,0,0,94,0,0,0,0
p0709,"I.E. MONTECARLO GUILLERMO GAVIRIA
CORREA",03,31,verde,1,67,171,39.18,0,15,0,0,0,66,11,0,67,0,0,0,0
p0709,"I.E. MONTECARLO GUILLERMO GAVIRIA
CORREA",03,32,amarillo,2,53,154,34.42,5,16,0,0,0,78,0,0,53,0,0,0,0
p0709,"I.E. MONTECARLO GUILLERMO GAVIRIA
CORREA",03,33,amarillo,2,59,183,32.24,11,23,0,0,0,85,0,0,59,0,0,0,0
p0709,"I.E. MONTECARLO GUILLERMO GAVIRIA
CORREA",03,34,amarillo,2,40,156,25.64,9,24,0,0,0,80,0,0,40,0,0,0,0
p0709,"I.E. MONTECARLO GUILLERMO GAVIRIA
CORREA",03,35,amarillo,2,73,188,38.83,8,25,0,0,0,80,0,0,73,0,0,0,0
p0709,"I.E. MONTECARLO GUILLERMO GAVIRIA
CORREA",03,36,verde,1,120,231,51.95,13,24,0,0,0,67,0,0,120,0,0,0,0
p0709,"I.E. MONTECARLO GUILLERMO GAVIRIA
CORREA",03,37,amarillo,2,91,233,39.06,12,29,0,0,0,99,0,0,91,0,0,0,0
p0709,"I.E. MONTECARLO GUILLERMO GAVIRIA
CORREA",03,38,amarillo,2,75,187,40.11,9,11,0,0,0,91,0,0,75,0,0,0,0
p0709,"I.E. MONTECARLO GUILLERMO GAVIRIA
CORREA",03,39,verde,1,91,177,51.41,6,16,0,0,0,59,0,0,91,0,0,0,0
p0709,"I.E. MONTECARLO GUILLERMO GAVIRIA
CORREA",03,40,verde,1,80,182,43.96,8,15,0,0,0,70,0,0,80,0,0,0,0
p0709,"I.E. MONTECARLO GUILLERMO GAVIRIA
CORREA",03,41,verde,1,86,187,45.99,7,15,0,0,0,75,0,0,86,0,0,0,0
p0709,"I.E. MONTECARLO GUILLERMO GAVIRIA
CORREA",03,42,amarillo,2,70,176,39.77,4,18,0,0,0,79,0,0,70,0,0,0,0
p0709,"I.E. MONTECARLO GUILLERMO GAVIRIA
CORREA",03,43,verde,1,75,171,43.86,7,15,0,0,0,71,0,0,75,0,0,0,0
p0709,"I.E. MONTECARLO GUILLERMO GAVIRIA
CORREA",03,44,amarillo,2,48,153,31.37,5,18,0,0,0,79,0,0,48,0,0,0,0
p0710,I.E. NUEVO HORIZONTE - PAULO VI,01,1,verde,1,72,130,55.38,21,7,0,0,0,25,0,0,72,0,0,0,0
p0710,I.E. NUEVO HORIZONTE - PAULO VI,01,2,verde,1,79,121,65.29,11,3,0,0,0,24,0,0,79,0,0,0,0
p0710,I.E. NUEVO HORIZONTE - PAULO VI,01,3,verde,1,88,134,65.67,15,3,0,0,0,25,0,0,88,0,0,0,0
p0710,I.E. NUEVO HORIZONTE - PAULO VI,01,4,verde,1,94,145,64.83,18,9,0,0,0,20,0,0,94,0,0,0,0
p0710,I.E. NUEVO HORIZONTE - PAULO VI,01,5,verde,1,107,188,56.91,25,16,0,0,0,35,0,0,107,0,0,0,0
p0710,I.E. NUEVO HORIZONTE - PAULO VI,01,6,verde,1,101,186,54.3,23,13,0,0,0,43,0,0,101,0,0,0,0
p0710,I.E. NUEVO HORIZONTE - PAULO VI,01,7,verde,1,101,194,52.06,30,14,0,0,0,42,0,0,101,0,0,0,0
p0710,I.E. NUEVO HORIZONTE - PAULO VI,01,8,verde,1,105,209,50.24,19,23,0,0,0,55,0,0,105,0,0,0,0
p0710,I.E. NUEVO HORIZONTE - PAULO VI,01,9,verde,1,100,222,45.05,27,17,0,0,0,70,0,0,100,0,0,0,0
p0710,I.E. NUEVO HORIZONTE - PAULO VI,01,10,verde,1,113,212,53.3,16,21,0,0,0,49,0,0,113,0,0,0,0
p0710,I.E. NUEVO HORIZONTE - PAULO VI,01,11,verde,1,94,165,56.97,20,7,0,0,0,37,0,0,94,0,0,0,0
p0710,I.E. NUEVO HORIZONTE - PAULO VI,01,12,verde,1,100,160,62.5,19,7,0,0,0,30,0,0,100,0,0,0,0
p0710,I.E. NUEVO HORIZONTE - PAULO VI,01,13,verde,1,64,97,65.98,0,5,0,0,0,19,5,0,64,0,0,0,0
p0710,I.E. NUEVO HORIZONTE - PAULO VI,01,14,verde,1,71,107,66.36,11,6,0,0,0,18,0,0,71,0,0,0,0
p0710,I.E. NUEVO HORIZONTE - PAULO VI,01,15,verde,1,79,140,56.43,15,8,0,0,0,31,0,0,79,0,0,0,0
p0710,I.E. NUEVO HORIZONTE - PAULO VI,01,16,verde,1,82,127,64.57,8,4,0,0,0,27,0,0,82,0,0,0,0
p0710,I.E. NUEVO HORIZONTE - PAULO VI,01,17,verde,1,89,150,59.33,13,0,0,0,0,39,5,0,89,0,0,0,0
p0710,I.E. NUEVO HORIZONTE - PAULO VI,01,18,verde,1,76,137,55.47,5,4,0,0,0,47,0,0,76,0,0,0,0
p0710,I.E. NUEVO HORIZONTE - PAULO VI,01,19,amarillo,2,23,75,30.67,2,6,0,0,0,42,0,0,23,0,0,0,0
p0710,I.E. NUEVO HORIZONTE - PAULO VI,01,20,amarillo,2,23,78,29.49,0,4,0,0,0,46,3,0,23,0,0,0,0
p0710,I.E. NUEVO HORIZONTE - PAULO VI,01,21,amarillo,2,25,71,35.21,2,8,0,0,0,36,0,0,25,0,0,0,0
p0710,I.E. NUEVO HORIZONTE - PAULO VI,01,22,amarillo,2,22,74,29.73,4,0,0,0,0,42,4,0,22,0,0,0,0
p0710,I.E. NUEVO HORIZONTE - PAULO VI,01,23,verde,1,53,99,53.54,4,11,0,0,0,29,0,0,53,0,0,0,0
p0710,I.E. NUEVO HORIZONTE - PAULO VI,01,24,verde,1,53,103,51.46,5,0,0,0,0,37,4,0,53,0,0,0,0
p0710,I.E. NUEVO HORIZONTE - PAULO VI,01,25,verde,1,45,91,49.45,6,0,0,0,0,31,5,0,45,0,0,0,0
p0710,I.E. NUEVO HORIZONTE - PAULO VI,01,26,verde,1,28,68,41.18,8,7,0,0,0,23,0,0,28,0,0,0,0
p0710,I.E. NUEVO HORIZONTE - PAULO VI,01,27,verde,1,54,100,54.0,3,4,0,0,0,36,0,0,54,0,0,0,0
p0710,I.E. NUEVO HORIZONTE - PAULO VI,01,28,verde,1,48,104,46.15,3,6,0,0,0,45,0,0,48,0,0,0,0
p0710,I.E. NUEVO HORIZONTE - PAULO VI,01,29,amarillo,2,22,67,32.84,1,12,0,0,0,31,0,0,22,0,0,0,0
p0711,I.E. OCTAVIO HARRY - JACQUELINE KENNEDY,16,1,verde,1,188,259,72.59,30,13,0,0,0,27,0,0,188,0,0,0,0
p0711,I.E. OCTAVIO HARRY - JACQUELINE KENNEDY,16,2,verde,1,185,256,72.27,18,13,0,0,0,38,0,0,185,0,0,0,0
p0711,I.E. OCTAVIO HARRY - JACQUELINE KENNEDY,16,3,verde,1,230,283,81.27,26,10,0,0,0,15,0,0,230,0,0,0,0
p0711,I.E. OCTAVIO HARRY - JACQUELINE KENNEDY,16,4,verde,1,205,273,75.09,26,17,0,0,0,22,0,0,205,0,0,0,0
p0711,I.E. OCTAVIO HARRY - JACQUELINE KENNEDY,16,5,verde,1,231,283,81.63,25,6,0,0,0,20,0,0,231,0,0,0,0
p0711,I.E. OCTAVIO HARRY - JACQUELINE KENNEDY,16,6,verde,1,208,288,72.22,22,21,0,0,0,37,0,0,208,0,0,0,0
p0711,I.E. OCTAVIO HARRY - JACQUELINE KENNEDY,16,7,verde,1,242,303,79.87,24,10,0,0,0,27,0,0,242,0,0,0,0
p0711,I.E. OCTAVIO HARRY - JACQUELINE KENNEDY,16,8,verde,1,217,293,74.06,27,14,0,0,0,33,0,0,217,0,0,0,0
p0711,I.E. OCTAVIO HARRY - JACQUELINE KENNEDY,16,9,verde,1,207,276,75.0,24,24,0,0,0,21,0,0,207,0,0,0,0
p0711,I.E. OCTAVIO HARRY - JACQUELINE KENNEDY,16,10,verde,1,209,280,74.64,17,22,0,0,0,31,0,0,209,0,0,0,0
p0711,I.E. OCTAVIO HARRY - JACQUELINE KENNEDY,16,11,verde,1,203,282,71.99,23,8,0,0,0,45,0,0,203,0,0,0,0
p0711,I.E. OCTAVIO HARRY - JACQUELINE KENNEDY,16,12,verde,1,200,287,69.69,24,14,0,0,0,46,0,0,200,0,0,0,0
p0711,I.E. OCTAVIO HARRY - JACQUELINE KENNEDY,16,13,verde,1,211,289,73.01,29,10,0,0,0,38,0,0,211,0,0,0,0
p0711,I.E. OCTAVIO HARRY - JACQUELINE KENNEDY,16,14,verde,1,204,284,71.83,21,17,0,0,0,42,0,0,204,0,0,0,0
p0711,I.E. OCTAVIO HARRY - JACQUELINE KENNEDY,16,15,verde,1,106,236,44.92,17,47,0,0,0,64,0,0,106,0,0,0,0
p0711,I.E. OCTAVIO HARRY - JACQUELINE KENNEDY,16,16,verde,1,113,255,44.31,16,52,0,0,0,72,0,0,113,0,0,0,0
p0711,I.E. OCTAVIO HARRY - JACQUELINE KENNEDY,16,17,verde,1,144,282,51.06,23,48,0,0,0,67,0,0,144,0,0,0,0
p0711,I.E. OCTAVIO HARRY - JACQUELINE KENNEDY,16,18,verde,1,140,235,59.57,19,27,0,0,0,47,0,0,140,0,0,0,0
p0711,I.E. OCTAVIO HARRY - JACQUELINE KENNEDY,16,19,verde,1,135,260,51.92,21,39,0,0,0,58,0,0,135,0,0,0,0
p0711,I.E. OCTAVIO HARRY - JACQUELINE KENNEDY,16,20,verde,1,112,242,46.28,11,44,0,0,0,71,0,0,112,0,0,0,0
p0712,"I.E. PBRO ANTONIO JOSE BERNAL LONDOÑO
SJ",05,1,verde,1,105,168,62.5,0,7,0,0,15,39,0,0,105,0,0,0,0
p0712,"I.E. PBRO ANTONIO JOSE BERNAL LONDOÑO
SJ",05,2,verde,1,127,211,60.19,28,3,0,0,0,49,0,0,127,0,0,0,0
p0712,"I.E. PBRO ANTONIO JOSE BERNAL LONDOÑO
SJ",05,3,verde,1,122,185,65.95,15,10,0,0,0,33,0,0,122,0,0,0,0
p0712,"I.E. PBRO ANTONIO JOSE BERNAL LONDOÑO
SJ",05,4,verde,1,129,204,63.24,20,11,0,0,0,40,0,0,129,0,0,0,0
p0712,"I.E. PBRO ANTONIO JOSE BERNAL LONDOÑO
SJ",05,5,verde,1,134,197,68.02,23,12,0,0,0,27,0,0,134,0,0,0,0
p0712,"I.E. PBRO ANTONIO JOSE BERNAL LONDOÑO
SJ",05,6,verde,1,128,200,64.0,0,21,0,0,0,43,0,0,128,4,0,0,0
p0712,"I.E. PBRO ANTONIO JOSE BERNAL LONDOÑO
SJ",05,7,verde,1,142,226,62.83,17,17,0,0,0,47,0,0,142,0,0,0,0
p0712,"I.E. PBRO ANTONIO JOSE BERNAL LONDOÑO
SJ",05,8,verde,1,145,219,66.21,21,17,0,0,0,32,0,0,145,0,0,0,0
p0712,"I.E. PBRO ANTONIO JOSE BERNAL LONDOÑO
SJ",05,9,verde,1,126,198,63.64,18,13,0,0,0,40,0,0,126,0,0,0,0
p0712,"I.E. PBRO ANTONIO JOSE BERNAL LONDOÑO
SJ",05,10,verde,1,119,222,53.6,13,18,0,0,0,69,0,0,119,0,0,0,0
p0712,"I.E. PBRO ANTONIO JOSE BERNAL LONDOÑO
SJ",05,11,verde,1,137,213,64.32,19,9,0,0,0,46,0,0,137,0,0,0,0
p0712,"I.E. PBRO ANTONIO JOSE BERNAL LONDOÑO
SJ",05,12,verde,1,139,211,65.88,16,10,0,0,0,41,0,0,139,0,0,0,0
p0712,"I.E. PBRO ANTONIO JOSE BERNAL LONDOÑO
SJ",05,13,verde,1,143,235,60.85,14,8,0,0,0,64,0,0,143,0,0,0,0
p0712,"I.E. PBRO ANTONIO JOSE BERNAL LONDOÑO
SJ",05,14,verde,1,133,191,69.63,11,3,0,0,0,40,0,0,133,0,0,0,0
p0712,"I.E. PBRO ANTONIO JOSE BERNAL LONDOÑO
SJ",05,15,amarillo,2,52,137,37.96,2,24,0,0,0,57,0,0,52,0,0,0,0
p0712,"I.E. PBRO ANTONIO JOSE BERNAL LONDOÑO
SJ",05,16,amarillo,2,51,145,35.17,6,12,0,0,0,73,0,0,51,0,0,0,0
p0712,"I.E. PBRO ANTONIO JOSE BERNAL LONDOÑO
SJ",05,17,verde,1,82,161,50.93,12,13,0,0,0,53,0,0,82,0,0,0,0
p0712,"I.E. PBRO ANTONIO JOSE BERNAL LONDOÑO
SJ",05,18,verde,1,76,146,52.05,10,18,0,0,0,39,0,0,76,0,0,0,0
p0712,"I.E. PBRO ANTONIO JOSE BERNAL LONDOÑO
SJ",05,19,verde,1,89,171,52.05,7,16,0,0,0,54,0,0,89,0,0,0,0
p0712,"I.E. PBRO ANTONIO JOSE BERNAL LONDOÑO
SJ",05,20,amarillo,2,68,171,39.77,6,27,0,0,0,70,0,0,68,0,0,0,0
p0712,"I.E. PBRO ANTONIO JOSE BERNAL LONDOÑO
SJ",05,21,amarillo,2,58,144,40.28,5,19,0,0,0,60,0,0,58,0,0,0,0
p0712,"I.E. PBRO ANTONIO JOSE BERNAL LONDOÑO
SJ",05,22,verde,1,63,155,40.65,11,27,0,0,0,51,0,0,63,0,0,0,0
p0712,"I.E. PBRO ANTONIO JOSE BERNAL LONDOÑO
SJ",05,23,verde,1,60,163,36.81,13,33,0,0,0,56,0,0,60,0,0,0,0
p0712,"I.E. PBRO ANTONIO JOSE BERNAL LONDOÑO
SJ",05,24,amarillo,2,55,157,35.03,7,19,0,0,0,73,0,0,55,0,0,0,0
p0712,"I.E. PBRO ANTONIO JOSE BERNAL LONDOÑO
SJ",05,25,amarillo,2,58,179,32.4,9,40,0,0,0,67,0,0,58,0,0,0,0
p0712,"I.E. PBRO ANTONIO JOSE BERNAL LONDOÑO
SJ",05,26,verde,1,98,208,47.12,11,25,0,0,0,68,0,0,98,0,0,0,0
p0712,"I.E. PBRO ANTONIO JOSE BERNAL LONDOÑO
SJ",05,27,verde,1,114,225,50.67,7,22,0,0,0,80,0,0,114,0,0,0,0
p0712,"I.E. PBRO ANTONIO JOSE BERNAL LONDOÑO
SJ",05,28,verde,1,84,185,45.41,9,17,0,0,0,72,0,0,84,0,0,0,0
p0712,"I.E. PBRO ANTONIO JOSE BERNAL LONDOÑO
SJ",05,29,verde,1,76,165,46.06,11,28,0,0,0,48,0,0,76,0,0,0,0
p0712,"I.E. PBRO ANTONIO JOSE BERNAL LONDOÑO
SJ",05,30,verde,1,68,133,51.13,5,17,0,0,0,42,0,0,68,0,0,0,0
p0712,"I.E. PBRO ANTONIO JOSE BERNAL LONDOÑO
SJ",05,31,verde,1,72,154,46.75,4,28,0,0,0,49,0,0,72,0,0,0,0
p0712,"I.E. PBRO ANTONIO JOSE BERNAL LONDOÑO
SJ",05,32,verde,1,58,122,47.54,4,16,0,0,0,44,0,0,58,0,0,0,0
p0712,"I.E. PBRO ANTONIO JOSE BERNAL LONDOÑO
SJ",05,33,amarillo,2,59,174,33.91,6,33,0,0,0,70,0,0,59,0,0,0,0
p0712,"I.E. PBRO ANTONIO JOSE BERNAL LONDOÑO
SJ",05,34,verde,1,70,160,43.75,6,34,0,0,0,49,0,0,70,0,0,0,0
p0712,"I.E. PBRO ANTONIO JOSE BERNAL LONDOÑO
SJ",05,35,verde,1,78,164,47.56,9,21,0,0,0,53,0,0,78,0,0,0,0
p0712,"I.E. PBRO ANTONIO JOSE BERNAL LONDOÑO
SJ",05,36,verde,1,83,172,48.26,0,28,0,0,0,55,3,0,83,0,0,0,0
p0712,"I.E. PBRO ANTONIO JOSE BERNAL LONDOÑO
SJ",05,37,amarillo,2,65,175,37.14,9,24,0,0,0,76,0,0,65,0,0,0,0
p0712,"I.E. PBRO ANTONIO JOSE BERNAL LONDOÑO
SJ",05,38,verde,1,65,157,41.4,6,24,0,0,0,61,0,0,65,0,0,0,0
p0712,"I.E. PBRO ANTONIO JOSE BERNAL LONDOÑO
SJ",05,39,verde,1,33,85,38.82,7,15,0,0,0,29,0,0,33,0,0,0,0
p0713,I.E. PRESBITERO JUAN J. ESCOBAR,60,1,verde,1,175,267,65.54,31,8,0,0,0,49,0,0,175,0,0,0,0
p0713,I.E. PRESBITERO JUAN J. ESCOBAR,60,2,verde,1,165,269,61.34,30,16,0,0,0,51,0,0,165,0,0,0,0
p0713,I.E. PRESBITERO JUAN J. ESCOBAR,60,3,verde,1,186,277,67.15,32,15,0,0,0,40,0,0,186,0,0,0,0
p0713,I.E. PRESBITERO JUAN J. ESCOBAR,60,4,verde,1,173,260,66.54,25,15,0,0,0,43,0,0,173,0,0,0,0
p0713,I.E. PRESBITERO JUAN J. ESCOBAR,60,5,verde,1,171,280,61.07,32,16,0,0,0,56,0,0,171,0,0,0,0
p0713,I.E. PRESBITERO JUAN J. ESCOBAR,60,6,verde,1,196,287,68.29,20,9,0,0,0,55,0,0,196,0,0,0,0
p0713,I.E. PRESBITERO JUAN J. ESCOBAR,60,7,amarillo,2,85,305,27.87,6,22,0,0,0,187,0,0,85,0,0,0,0
p0713,I.E. PRESBITERO JUAN J. ESCOBAR,60,8,amarillo,2,60,188,31.91,7,30,0,0,0,88,0,0,60,0,0,0,0
p0713,I.E. PRESBITERO JUAN J. ESCOBAR,60,9,amarillo,2,68,187,36.36,7,26,0,0,0,85,0,0,68,0,0,0,0
p0713,I.E. PRESBITERO JUAN J. ESCOBAR,60,10,amarillo,2,68,188,36.17,7,22,0,0,0,89,0,0,68,0,0,0,0
p0713,I.E. PRESBITERO JUAN J. ESCOBAR,60,11,amarillo,2,78,199,39.2,7,26,0,0,0,79,0,0,78,0,0,0,0
p0713,I.E. PRESBITERO JUAN J. ESCOBAR,60,12,amarillo,2,76,202,37.62,10,32,0,0,0,80,0,0,76,0,0,0,0
p0713,I.E. PRESBITERO JUAN J. ESCOBAR,60,13,verde,1,118,245,48.16,0,22,0,0,0,86,10,0,118,0,0,0,0
p0713,I.E. PRESBITERO JUAN J. ESCOBAR,60,14,amarillo,2,91,248,36.69,0,18,0,0,0,131,5,0,91,0,0,0,0
p0713,I.E. PRESBITERO JUAN J. ESCOBAR,60,15,verde,1,118,238,49.58,8,27,0,0,0,79,0,0,118,0,0,0,0
p0713,I.E. PRESBITERO JUAN J. ESCOBAR,60,16,amarillo,2,38,98,38.78,4,12,0,0,0,43,0,0,38,0,0,0,0
p0714,I.E. PROGRESAR,06,1,verde,1,132,220,60.0,34,9,0,0,0,38,0,0,132,0,0,0,0
p0714,I.E. PROGRESAR,06,2,verde,1,116,185,62.7,28,10,0,0,0,27,0,0,116,0,0,0,0
p0714,I.E. PROGRESAR,06,3,verde,1,141,219,64.38,28,13,0,0,0,33,0,0,141,0,0,0,0
p0714,I.E. PROGRESAR,06,4,verde,1,135,226,59.73,35,11,0,0,0,37,0,0,135,0,0,0,0
p0714,I.E. PROGRESAR,06,5,verde,1,137,232,59.05,22,25,0,0,0,40,0,0,137,0,0,0,0
p0714,I.E. PROGRESAR,06,6,verde,1,155,234,66.24,26,12,0,0,0,35,0,0,155,0,0,0,0
p0714,I.E. PROGRESAR,06,7,verde,1,135,229,58.95,30,15,0,0,0,44,0,0,135,0,0,0,0
p0714,I.E. PROGRESAR,06,8,verde,1,141,227,62.11,28,11,0,0,0,41,0,0,141,0,0,0,0
p0714,I.E. PROGRESAR,06,9,verde,1,128,228,56.14,24,12,0,0,0,57,0,0,128,0,0,0,0
p0714,I.E. PROGRESAR,06,10,verde,1,141,232,60.78,21,7,0,0,0,56,0,0,141,0,0,0,0
p0714,I.E. PROGRESAR,06,11,verde,1,94,182,51.65,16,10,0,0,0,58,0,0,94,0,0,0,0
p0714,I.E. PROGRESAR,06,12,verde,1,76,158,48.1,8,6,0,0,0,62,0,0,76,0,0,0,0
p0714,I.E. PROGRESAR,06,13,verde,1,75,152,49.34,8,14,0,0,0,50,0,0,75,0,0,0,0
p0714,I.E. PROGRESAR,06,14,verde,1,77,169,45.56,7,16,0,0,0,63,0,0,77,0,0,0,0
p0714,I.E. PROGRESAR,06,15,verde,1,102,191,53.4,15,13,0,0,0,58,0,0,102,0,0,0,0
p0714,I.E. PROGRESAR,06,16,verde,1,93,162,57.41,12,10,0,0,0,43,0,0,93,0,0,0,0
p0714,I.E. PROGRESAR,06,17,verde,1,91,192,47.4,8,19,0,0,0,63,0,0,91,0,0,0,0
p0714,I.E. PROGRESAR,06,18,verde,1,83,185,44.86,10,18,0,0,0,71,0,0,83,0,0,0,0
p0714,I.E. PROGRESAR,06,19,amarillo,2,56,161,34.78,4,18,0,0,0,80,0,0,56,0,0,0,0
p0714,I.E. PROGRESAR,06,20,verde,1,65,153,42.48,5,17,0,0,0,61,0,0,65,0,0,0,0
p0714,I.E. PROGRESAR,06,21,amarillo,2,12,39,30.77,1,9,0,0,0,17,0,0,12,0,0,0,0
p0715,I.E.RAMON GIRALDO CEBALLOS,16,1,verde,1,174,251,69.32,33,12,0,0,0,29,0,0,174,0,0,0,0
p0715,I.E.RAMON GIRALDO CEBALLOS,16,2,verde,1,176,276,63.77,43,5,0,0,0,49,0,0,176,0,0,0,0
p0715,I.E.RAMON GIRALDO CEBALLOS,16,3,verde,1,165,247,66.8,34,10,0,0,0,30,0,0,165,0,0,0,0
p0715,I.E.RAMON GIRALDO CEBALLOS,16,4,verde,1,200,261,76.63,30,5,0,0,0,24,0,0,200,0,0,0,0
p0715,I.E.RAMON GIRALDO CEBALLOS,16,5,verde,1,189,267,70.79,30,10,0,0,0,35,0,0,189,0,0,0,0
p0715,I.E.RAMON GIRALDO CEBALLOS,16,6,verde,1,198,260,76.15,39,8,0,0,0,15,0,0,198,0,0,0,0
p0715,I.E.RAMON GIRALDO CEBALLOS,16,7,verde,1,192,270,71.11,19,10,0,0,0,42,0,0,192,0,0,0,0
p0715,I.E.RAMON GIRALDO CEBALLOS,16,8,verde,1,207,275,75.27,29,16,0,0,0,20,0,0,207,0,0,0,0
p0715,I.E.RAMON GIRALDO CEBALLOS,16,9,verde,1,213,275,77.45,22,15,0,0,0,24,0,0,213,0,0,0,0
p0715,I.E.RAMON GIRALDO CEBALLOS,16,10,verde,1,201,275,73.09,23,15,0,0,0,27,0,0,201,0,0,0,0
p0715,I.E.RAMON GIRALDO CEBALLOS,16,11,verde,1,197,274,71.9,23,15,0,0,0,38,0,0,197,0,0,0,0
p0715,I.E.RAMON GIRALDO CEBALLOS,16,12,verde,1,181,262,69.08,24,16,0,0,0,39,0,0,181,0,0,0,0
p0715,I.E.RAMON GIRALDO CEBALLOS,16,13,verde,1,168,237,70.89,20,17,0,0,0,30,0,0,168,0,0,0,0
p0715,I.E.RAMON GIRALDO CEBALLOS,16,14,verde,1,178,251,70.92,18,17,0,0,0,32,0,0,178,0,0,0,0
p0715,I.E.RAMON GIRALDO CEBALLOS,16,15,verde,1,190,280,67.86,35,11,0,0,0,41,0,0,190,0,0,0,0
p0715,I.E.RAMON GIRALDO CEBALLOS,16,16,verde,1,182,266,68.42,24,9,0,0,0,45,0,0,182,0,0,0,0
p0715,I.E.RAMON GIRALDO CEBALLOS,16,17,verde,1,87,164,53.05,20,9,0,0,0,46,0,0,87,0,0,0,0
p0715,I.E.RAMON GIRALDO CEBALLOS,16,18,verde,1,178,256,69.53,25,9,0,0,0,41,0,0,178,0,0,0,0
p0715,I.E.RAMON GIRALDO CEBALLOS,16,19,verde,1,172,256,67.19,20,5,0,0,0,55,0,0,172,0,0,0,0
p0715,I.E.RAMON GIRALDO CEBALLOS,16,20,verde,1,182,259,70.27,18,8,0,0,0,45,0,0,182,0,0,0,0
p0715,I.E.RAMON GIRALDO CEBALLOS,16,21,verde,1,82,190,43.16,7,35,0,0,0,65,0,0,82,0,0,0,0
p0715,I.E.RAMON GIRALDO CEBALLOS,16,22,verde,1,108,218,49.54,18,28,0,0,0,60,0,0,108,0,0,0,0
p0715,I.E.RAMON GIRALDO CEBALLOS,16,23,verde,1,144,240,60.0,19,30,0,0,0,45,0,0,144,0,0,0,0
p0715,I.E.RAMON GIRALDO CEBALLOS,16,24,verde,1,131,232,56.47,24,25,0,0,0,48,0,0,131,0,0,0,0
p0715,I.E.RAMON GIRALDO CEBALLOS,16,25,verde,1,129,197,65.48,0,23,0,0,0,42,3,0,129,0,0,0,0
p0715,I.E.RAMON GIRALDO CEBALLOS,16,26,verde,1,171,259,66.02,15,26,0,0,0,44,0,0,171,0,0,0,0
p0715,I.E.RAMON GIRALDO CEBALLOS,16,27,verde,1,108,224,48.21,21,28,0,0,0,65,0,0,108,0,0,0,0
p0715,I.E.RAMON GIRALDO CEBALLOS,16,28,verde,1,99,208,47.6,7,35,0,0,0,65,0,0,99,0,0,0,0
p0715,I.E.RAMON GIRALDO CEBALLOS,16,29,verde,1,89,211,42.18,15,35,0,0,0,70,0,0,89,0,0,0,0
p0715,I.E.RAMON GIRALDO CEBALLOS,16,30,verde,1,30,67,44.78,2,16,0,0,0,18,0,0,30,0,0,0,0
p0716,I.E.RAMON MUNERA LOPERA,03,1,verde,1,103,255,40.39,30,11,0,0,0,99,0,0,103,0,0,0,0
p0716,I.E.RAMON MUNERA LOPERA,03,2,verde,1,120,234,51.28,25,7,0,0,0,70,0,0,120,0,0,0,0
p0716,I.E.RAMON MUNERA LOPERA,03,3,verde,1,100,231,43.29,34,13,0,0,0,77,0,0,100,0,0,0,0
p0716,I.E.RAMON MUNERA LOPERA,03,4,verde,1,121,253,47.83,28,22,0,0,0,74,0,0,121,0,0,0,0
p0716,I.E.RAMON MUNERA LOPERA,03,5,verde,1,128,264,48.48,40,11,0,0,0,79,0,0,128,0,0,0,0
p0716,I.E.RAMON MUNERA LOPERA,03,6,amarillo,2,101,244,41.39,17,13,0,0,0,102,0,0,101,0,0,0,0
p0716,I.E.RAMON MUNERA LOPERA,03,7,amarillo,2,35,178,19.66,5,20,0,0,0,115,0,0,35,0,0,0,0
p0716,I.E.RAMON MUNERA LOPERA,03,8,amarillo,2,45,193,23.32,0,20,0,0,0,116,7,0,45,0,0,0,0
p0716,I.E.RAMON MUNERA LOPERA,03,9,amarillo,2,44,172,25.58,6,8,0,0,0,113,0,0,44,0,0,0,0
p0716,I.E.RAMON MUNERA LOPERA,03,10,amarillo,2,64,187,34.22,9,21,0,0,0,91,0,0,64,0,0,0,0
p0716,I.E.RAMON MUNERA LOPERA,03,11,amarillo,2,50,155,32.26,8,16,0,0,0,79,0,0,50,0,0,0,0
p0716,I.E.RAMON MUNERA LOPERA,03,12,amarillo,2,48,165,29.09,5,24,0,0,0,85,0,0,48,0,0,0,0
p0716,I.E.RAMON MUNERA LOPERA,03,13,amarillo,2,50,186,26.88,11,22,0,0,0,95,0,0,50,0,0,0,0
p0716,I.E.RAMON MUNERA LOPERA,03,14,amarillo,2,93,233,39.91,7,12,0,0,0,114,0,0,93,0,0,0,0
p0716,I.E.RAMON MUNERA LOPERA,03,15,amarillo,2,67,205,32.68,5,14,0,0,0,116,0,0,67,0,0,0,0
p0716,I.E.RAMON MUNERA LOPERA,03,16,amarillo,2,53,210,25.24,4,6,0,0,0,144,0,0,53,0,0,0,0
p0716,I.E.RAMON MUNERA LOPERA,03,17,amarillo,2,69,218,31.65,13,18,0,0,0,117,0,0,69,0,0,0,0
p0716,I.E.RAMON MUNERA LOPERA,03,18,amarillo,2,56,199,28.14,5,21,0,0,0,112,0,0,56,0,0,0,0
p0716,I.E.RAMON MUNERA LOPERA,03,19,amarillo,2,13,31,41.94,1,1,0,0,0,15,0,0,13,0,0,0,0
p0717,I.E. REPUBLICA DE HONDURAS,02,1,verde,1,118,213,55.4,31,15,0,0,0,46,0,0,118,0,0,0,0
p0717,I.E. REPUBLICA DE HONDURAS,02,2,verde,1,130,231,56.28,28,12,0,0,0,57,0,0,130,0,0,0,0
p0717,I.E. REPUBLICA DE HONDURAS,02,3,verde,1,147,242,60.74,29,16,0,0,0,45,0,0,147,0,0,0,0
p0717,I.E. REPUBLICA DE HONDURAS,02,4,verde,1,135,232,58.19,21,19,0,0,0,53,0,0,135,0,0,0,0
p0717,I.E. REPUBLICA DE HONDURAS,02,5,verde,1,132,240,55.0,23,18,0,0,0,63,0,0,132,0,0,0,0
p0717,I.E. REPUBLICA DE HONDURAS,02,6,verde,1,152,244,62.3,27,11,0,0,0,50,0,0,152,0,0,0,0
p0717,I.E. REPUBLICA DE HONDURAS,02,7,verde,1,143,253,56.52,31,18,0,0,0,52,0,0,143,0,0,0,0
p0717,I.E. REPUBLICA DE HONDURAS,02,8,verde,1,135,243,55.56,17,19,0,0,0,65,0,0,135,0,0,0,0
p0717,I.E. REPUBLICA DE HONDURAS,02,9,verde,1,152,258,58.91,21,27,0,0,0,52,0,0,152,0,0,0,0
p0717,I.E. REPUBLICA DE HONDURAS,02,10,verde,1,161,251,64.14,14,6,0,0,0,61,0,0,161,0,0,0,0
p0717,I.E. REPUBLICA DE HONDURAS,02,11,verde,1,140,234,59.83,20,19,0,0,0,51,0,0,140,0,0,0,0
p0717,I.E. REPUBLICA DE HONDURAS,02,12,verde,1,153,251,60.96,17,11,0,0,0,65,0,0,153,0,0,0,0
p0717,I.E. REPUBLICA DE HONDURAS,02,13,amarillo,2,71,195,36.41,0,18,0,0,0,97,5,0,71,0,0,0,0
p0717,I.E. REPUBLICA DE HONDURAS,02,14,amarillo,2,48,192,25.0,7,14,0,0,0,119,0,0,48,0,0,0,0
p0717,I.E. REPUBLICA DE HONDURAS,02,15,amarillo,2,54,169,31.95,7,20,0,0,0,86,0,0,54,0,0,0,0
p0717,I.E. REPUBLICA DE HONDURAS,02,16,verde,1,99,186,53.23,8,11,0,0,0,60,0,0,99,0,0,0,0
p0717,I.E. REPUBLICA DE HONDURAS,02,17,amarillo,2,58,184,31.52,8,21,0,0,0,94,0,0,58,0,0,0,0
p0717,I.E. REPUBLICA DE HONDURAS,02,18,amarillo,2,71,195,36.41,4,29,0,0,0,86,0,0,71,0,0,0,0
p0717,I.E. REPUBLICA DE HONDURAS,02,19,amarillo,2,61,182,33.52,6,22,0,0,0,89,0,0,61,0,0,0,0
p0717,I.E. REPUBLICA DE HONDURAS,02,20,verde,1,110,245,44.9,11,27,0,0,0,90,0,0,110,0,0,0,0
p0717,I.E. REPUBLICA DE HONDURAS,02,21,amarillo,2,94,230,40.87,7,23,0,0,0,103,0,0,94,0,0,0,0
p0717,I.E. REPUBLICA DE HONDURAS,02,22,amarillo,2,82,222,36.94,7,11,0,0,0,116,0,0,82,0,0,0,0
p0717,I.E. REPUBLICA DE HONDURAS,02,23,verde,1,85,191,44.5,8,10,0,0,0,84,0,0,85,0,0,0,0
p0717,I.E. REPUBLICA DE HONDURAS,02,24,verde,1,81,177,45.76,5,13,0,0,0,72,0,0,81,0,0,0,0
p0717,I.E. REPUBLICA DE HONDURAS,02,25,amarillo,2,82,198,41.41,7,18,0,0,0,86,0,0,82,0,0,0,0
p0717,I.E. REPUBLICA DE HONDURAS,02,26,amarillo,2,60,198,30.3,10,28,0,0,0,97,0,0,60,0,0,0,0
p0717,I.E. REPUBLICA DE HONDURAS,02,27,amarillo,2,69,187,36.9,7,18,0,0,0,88,0,0,69,0,0,0,0
p0718,I.E. REPUBLICA DE URUGUAY,05,1,verde,1,142,230,61.74,27,8,0,0,0,51,0,0,142,0,0,0,0
p0718,I.E. REPUBLICA DE URUGUAY,05,2,verde,1,132,253,52.17,50,8,0,0,0,56,0,0,132,0,0,0,0
p0718,I.E. REPUBLICA DE URUGUAY,05,3,verde,1,131,201,65.17,23,7,0,0,0,37,0,0,131,0,0,0,0
p0718,I.E. REPUBLICA DE URUGUAY,05,4,verde,1,143,217,65.9,23,10,0,0,0,37,0,0,143,0,0,0,0
p0718,I.E. REPUBLICA DE URUGUAY,05,5,verde,1,158,236,66.95,27,12,0,0,0,36,0,0,158,0,0,0,0
p0718,I.E. REPUBLICA DE URUGUAY,05,6,verde,1,149,216,68.98,35,11,0,0,0,19,0,0,149,0,0,0,0
p0718,I.E. REPUBLICA DE URUGUAY,05,7,verde,1,163,240,67.92,24,11,0,0,0,38,0,0,163,0,0,0,0
p0718,I.E. REPUBLICA DE URUGUAY,05,8,verde,1,150,233,64.38,27,15,0,0,0,35,0,0,150,0,0,0,0
p0718,I.E. REPUBLICA DE URUGUAY,05,9,verde,1,169,252,67.06,37,15,0,0,0,27,0,0,169,0,0,0,0
p0718,I.E. REPUBLICA DE URUGUAY,05,10,verde,1,168,264,63.64,28,22,0,0,0,39,0,0,168,0,0,0,0
p0718,I.E. REPUBLICA DE URUGUAY,05,11,verde,1,176,258,68.22,24,15,0,0,0,40,0,0,176,0,0,0,0
p0718,I.E. REPUBLICA DE URUGUAY,05,12,verde,1,158,252,62.7,32,20,0,0,0,38,0,0,158,0,0,0,0
p0718,I.E. REPUBLICA DE URUGUAY,05,13,verde,1,184,250,73.6,16,10,0,0,0,38,0,0,184,0,0,0,0
p0718,I.E. REPUBLICA DE URUGUAY,05,14,verde,1,156,248,62.9,10,18,0,0,0,59,0,0,156,0,0,0,0
p0718,I.E. REPUBLICA DE URUGUAY,05,15,verde,1,153,245,62.45,22,16,0,0,0,51,0,0,153,0,0,0,0
p0718,I.E. REPUBLICA DE URUGUAY,05,16,verde,1,158,250,63.2,28,7,0,0,0,49,0,0,158,0,0,0,0
p0718,I.E. REPUBLICA DE URUGUAY,05,17,verde,1,160,249,64.26,23,8,0,0,0,53,0,0,160,0,0,0,0
p0718,I.E. REPUBLICA DE URUGUAY,05,18,verde,1,161,242,66.53,24,9,0,0,0,43,0,0,161,0,0,0,0
p0718,I.E. REPUBLICA DE URUGUAY,05,19,verde,1,176,263,66.92,23,6,0,0,0,54,0,0,176,0,0,0,0
p0718,I.E. REPUBLICA DE URUGUAY,05,20,verde,1,159,245,64.9,17,10,0,0,0,53,0,0,159,0,0,0,0
p0718,I.E. REPUBLICA DE URUGUAY,05,21,verde,1,166,240,69.17,18,11,0,0,0,39,0,0,166,0,0,0,0
p0718,I.E. REPUBLICA DE URUGUAY,05,22,amarillo,2,68,185,36.76,6,28,0,0,0,82,0,0,68,0,0,0,0
p0718,I.E. REPUBLICA DE URUGUAY,05,23,amarillo,2,63,199,31.66,13,37,0,0,0,83,0,0,63,0,0,0,0
p0718,I.E. REPUBLICA DE URUGUAY,05,24,verde,1,88,183,48.09,5,21,0,0,0,67,0,0,88,0,0,0,0
p0718,I.E. REPUBLICA DE URUGUAY,05,25,verde,1,92,191,48.17,15,20,0,0,0,63,0,0,92,0,0,0,0
p0718,I.E. REPUBLICA DE URUGUAY,05,26,verde,1,98,220,44.55,9,33,0,0,0,79,0,0,98,0,0,0,0
p0718,I.E. REPUBLICA DE URUGUAY,05,27,verde,1,112,244,45.9,22,34,0,0,0,72,0,0,112,0,0,0,0
p0718,I.E. REPUBLICA DE URUGUAY,05,28,verde,1,137,269,50.93,11,26,0,0,0,87,0,0,137,0,0,0,0
p0718,I.E. REPUBLICA DE URUGUAY,05,29,verde,1,101,218,46.33,15,21,0,0,0,77,0,0,101,0,0,0,0
p0718,I.E. REPUBLICA DE URUGUAY,05,30,verde,1,114,215,53.02,10,24,0,0,0,66,0,0,114,0,0,0,0
p0718,I.E. REPUBLICA DE URUGUAY,05,31,verde,1,102,192,53.12,9,17,0,0,0,62,0,0,102,0,0,0,0
p0718,I.E. REPUBLICA DE URUGUAY,05,32,verde,1,93,205,45.37,5,34,0,0,0,67,0,0,93,0,0,0,0
p0718,I.E. REPUBLICA DE URUGUAY,05,33,verde,1,89,215,41.4,13,37,0,0,0,73,0,0,89,0,0,0,0
p0718,I.E. REPUBLICA DE URUGUAY,05,34,amarillo,2,76,207,36.71,4,37,0,0,0,86,0,0,76,0,0,0,0
p0718,I.E. REPUBLICA DE URUGUAY,05,35,verde,1,55,146,37.67,8,22,0,0,0,54,0,0,55,0,0,0,0
p0719,I.E.REPUBLICA DE VENEZUELA,16,1,verde,1,130,216,60.19,26,9,0,0,0,45,0,0,130,0,0,0,0
p0719,I.E.REPUBLICA DE VENEZUELA,16,2,verde,1,162,229,70.74,27,5,0,0,0,34,0,0,162,0,0,0,0
p0719,I.E.REPUBLICA DE VENEZUELA,16,3,verde,1,155,225,68.89,19,13,0,0,0,33,0,0,155,0,0,0,0
p0719,I.E.REPUBLICA DE VENEZUELA,16,4,verde,1,165,234,70.51,22,17,0,0,0,26,0,0,165,0,0,0,0
p0719,I.E.REPUBLICA DE VENEZUELA,16,5,verde,1,176,240,73.33,28,13,0,0,0,20,0,0,176,0,0,0,0
p0719,I.E.REPUBLICA DE VENEZUELA,16,6,verde,1,180,242,74.38,20,21,0,0,0,17,0,0,180,0,0,0,0
p0719,I.E.REPUBLICA DE VENEZUELA,16,7,verde,1,171,255,67.06,24,17,0,0,0,40,0,0,171,0,0,0,0
p0719,I.E.REPUBLICA DE VENEZUELA,16,8,verde,1,182,256,71.09,17,17,0,0,0,35,0,0,182,0,0,0,0
p0719,I.E.REPUBLICA DE VENEZUELA,16,9,verde,1,177,256,69.14,28,14,0,0,0,32,0,0,177,0,0,0,0
p0719,I.E.REPUBLICA DE VENEZUELA,16,10,verde,1,171,247,69.23,31,7,0,0,0,29,0,0,171,0,0,0,0
p0719,I.E.REPUBLICA DE VENEZUELA,16,11,verde,1,167,240,69.58,21,17,0,0,0,30,0,0,167,0,0,0,0
p0719,I.E.REPUBLICA DE VENEZUELA,16,12,verde,1,132,219,60.27,16,14,0,0,0,52,0,0,132,0,0,0,0
p0719,I.E.REPUBLICA DE VENEZUELA,16,13,verde,1,109,193,56.48,13,24,0,0,0,45,0,0,109,0,0,0,0
p0719,I.E.REPUBLICA DE VENEZUELA,16,14,verde,1,113,214,52.8,15,19,0,0,0,60,0,0,113,0,0,0,0
p0719,I.E.REPUBLICA DE VENEZUELA,16,15,verde,1,106,187,56.68,11,17,0,0,0,44,0,0,106,0,0,0,0
p0719,I.E.REPUBLICA DE VENEZUELA,16,16,verde,1,113,208,54.33,9,21,0,0,0,60,0,0,113,0,0,0,0
p0719,I.E.REPUBLICA DE VENEZUELA,16,17,verde,1,108,201,53.73,9,23,0,0,0,58,0,0,108,0,0,0,0
p0719,I.E.REPUBLICA DE VENEZUELA,16,18,verde,1,105,206,50.97,10,18,0,0,0,69,0,0,105,0,0,0,0
p0719,I.E.REPUBLICA DE VENEZUELA,16,19,amarillo,2,75,201,37.31,9,33,0,0,0,79,0,0,75,0,0,0,0
p0719,I.E.REPUBLICA DE VENEZUELA,16,20,verde,1,35,76,46.05,2,8,0,0,0,28,0,0,35,0,0,0,0
p0720,I.E. SAN FRANCISCO DE ASIS,08,1,verde,1,93,197,47.21,21,6,0,0,0,64,0,0,93,0,0,0,0
p0720,I.E. SAN FRANCISCO DE ASIS,08,2,verde,1,109,203,53.69,21,8,0,0,0,60,0,0,109,0,0,0,0
p0720,I.E. SAN FRANCISCO DE ASIS,08,3,verde,1,104,210,49.52,19,25,0,0,0,54,0,0,104,0,0,0,0
p0720,I.E. SAN FRANCISCO DE ASIS,08,4,verde,1,103,215,47.91,20,9,0,0,0,73,0,0,103,0,0,0,0
p0720,I.E. SAN FRANCISCO DE ASIS,08,5,verde,1,111,211,52.61,29,20,0,0,0,46,0,0,111,0,0,0,0
p0720,I.E. SAN FRANCISCO DE ASIS,08,6,verde,1,148,238,62.18,27,13,0,0,0,41,0,0,148,0,0,0,0
p0720,I.E. SAN FRANCISCO DE ASIS,08,7,verde,1,127,219,57.99,18,16,0,0,0,53,0,0,127,0,0,0,0
p0720,I.E. SAN FRANCISCO DE ASIS,08,8,verde,1,118,211,55.92,21,6,0,0,0,60,0,0,118,0,0,0,0
p0720,I.E. SAN FRANCISCO DE ASIS,08,9,verde,1,119,211,56.4,22,6,0,0,0,59,0,0,119,0,0,0,0
p0720,I.E. SAN FRANCISCO DE ASIS,08,10,verde,1,145,229,63.32,25,12,0,0,0,44,0,0,145,0,0,0,0
p0720,I.E. SAN FRANCISCO DE ASIS,08,11,verde,1,89,198,44.95,18,8,0,0,0,78,0,0,89,0,0,0,0
p0720,I.E. SAN FRANCISCO DE ASIS,08,12,amarillo,2,51,161,31.68,6,18,0,0,0,81,0,0,51,0,0,0,0
p0720,I.E. SAN FRANCISCO DE ASIS,08,13,amarillo,2,53,161,32.92,5,20,0,0,0,81,0,0,53,0,0,0,0
p0720,I.E. SAN FRANCISCO DE ASIS,08,14,amarillo,2,65,158,41.14,5,13,0,0,0,71,0,0,65,0,0,0,0
p0720,I.E. SAN FRANCISCO DE ASIS,08,15,verde,1,81,176,46.02,8,17,0,0,0,66,0,0,81,0,0,0,0
p0720,I.E. SAN FRANCISCO DE ASIS,08,16,amarillo,2,39,123,31.71,0,11,0,0,0,64,6,0,39,0,0,0,0
p0720,I.E. SAN FRANCISCO DE ASIS,08,17,amarillo,2,49,167,29.34,6,27,0,0,0,80,0,0,49,0,0,0,0
p0720,I.E. SAN FRANCISCO DE ASIS,08,18,amarillo,2,54,181,29.83,6,21,0,0,0,99,0,0,54,0,0,0,0
p0720,I.E. SAN FRANCISCO DE ASIS,08,19,amarillo,2,86,219,39.27,11,17,0,0,0,96,0,0,86,0,0,0,0
p0720,I.E. SAN FRANCISCO DE ASIS,08,20,amarillo,2,75,200,37.5,6,10,0,0,0,103,0,0,75,0,0,0,0
p0720,I.E. SAN FRANCISCO DE ASIS,08,21,amarillo,2,60,174,34.48,3,5,0,0,0,104,0,0,60,0,0,0,0
p0720,I.E. SAN FRANCISCO DE ASIS,08,22,amarillo,2,63,168,37.5,8,17,0,0,0,74,0,0,63,0,0,0,0
p0720,I.E. SAN FRANCISCO DE ASIS,08,23,amarillo,2,57,164,34.76,7,14,0,0,0,81,0,0,57,0,0,0,0
p0720,I.E. SAN FRANCISCO DE ASIS,08,24,amarillo,2,5,14,35.71,1,0,0,0,0,8,0,0,5,0,0,0,0
p0721,I.E.SAN JUAN BOSCO,04,1,verde,1,169,272,62.13,29,10,0,0,0,62,0,0,169,0,0,0,0
p0721,I.E.SAN JUAN BOSCO,04,2,verde,1,180,290,62.07,39,13,0,0,0,55,0,0,180,0,0,0,0
p0721,I.E.SAN JUAN BOSCO,04,3,verde,1,181,274,66.06,23,15,0,0,0,49,0,0,181,0,0,0,0
p0721,I.E.SAN JUAN BOSCO,04,4,verde,1,203,299,67.89,21,11,0,0,0,62,0,0,203,0,0,0,0
p0721,I.E.SAN JUAN BOSCO,04,5,amarillo,2,53,218,24.31,7,38,0,0,0,116,0,0,53,0,0,0,0
p0721,I.E.SAN JUAN BOSCO,04,6,amarillo,2,73,216,33.8,14,45,0,0,0,83,0,0,73,0,0,0,0
p0721,I.E.SAN JUAN BOSCO,04,7,amarillo,2,72,234,30.77,7,47,0,0,0,104,0,0,72,0,0,0,0
p0721,I.E.SAN JUAN BOSCO,04,8,verde,1,111,245,45.31,8,29,0,0,0,88,0,0,111,0,0,0,0
p0721,I.E.SAN JUAN BOSCO,04,9,amarillo,2,93,227,40.97,11,25,0,0,0,94,0,0,93,0,0,0,0
p0721,I.E.SAN JUAN BOSCO,04,10,verde,1,60,151,39.74,8,25,0,0,0,57,0,0,60,0,0,0,0
p0722,I. E. SAN ROBERTO BELARMINO,16,1,verde,1,213,316,67.41,35,17,0,0,0,49,0,0,213,0,0,0,0
p0722,I. E. SAN ROBERTO BELARMINO,16,2,verde,1,226,301,75.08,21,13,0,0,0,38,0,0,226,0,0,0,0
p0722,I. E. SAN ROBERTO BELARMINO,16,3,verde,1,221,311,71.06,29,18,0,0,0,39,0,0,221,0,0,0,0
p0722,I. E. SAN ROBERTO BELARMINO,16,4,verde,1,203,290,70.0,25,25,0,0,0,36,0,0,203,0,0,0,0
p0722,I. E. SAN ROBERTO BELARMINO,16,5,verde,1,220,301,73.09,24,7,0,0,0,48,0,0,220,0,0,0,0
p0722,I. E. SAN ROBERTO BELARMINO,16,6,verde,1,187,304,61.51,25,29,0,0,0,59,0,0,187,0,0,0,0
p0722,I. E. SAN ROBERTO BELARMINO,16,7,amarillo,2,74,237,31.22,9,55,0,0,0,96,0,0,74,0,0,0,0
p0722,I. E. SAN ROBERTO BELARMINO,16,8,verde,1,105,233,45.06,11,35,0,0,0,80,0,0,105,0,0,0,0
p0722,I. E. SAN ROBERTO BELARMINO,16,9,verde,1,90,207,43.48,8,46,0,0,0,63,0,0,90,0,0,0,0
p0722,I. E. SAN ROBERTO BELARMINO,16,10,verde,1,73,198,36.87,5,47,0,0,0,73,0,0,73,0,0,0,0
p0722,I. E. SAN ROBERTO BELARMINO,16,11,verde,1,119,266,44.74,11,64,0,0,0,70,0,0,119,0,0,0,0
p0722,I. E. SAN ROBERTO BELARMINO,16,12,amarillo,2,89,243,36.63,5,46,0,0,0,98,0,0,89,0,0,0,0
p0722,I. E. SAN ROBERTO BELARMINO,16,13,verde,1,104,254,40.94,19,46,0,0,0,78,0,0,104,0,0,0,0
p0722,I. E. SAN ROBERTO BELARMINO,16,14,verde,1,123,277,44.4,13,47,0,0,0,94,0,0,123,0,0,0,0
p0722,I. E. SAN ROBERTO BELARMINO,16,15,verde,1,17,43,39.53,2,7,0,0,0,16,0,0,17,0,0,0,0
p0723,I.E. SAN VICENTE DE PAUL,07,1,verde,1,145,240,60.42,36,6,0,0,0,50,0,0,145,0,0,0,0
p0723,I.E. SAN VICENTE DE PAUL,07,2,verde,1,161,254,63.39,25,15,0,0,0,52,0,0,161,0,0,0,0
p0723,I.E. SAN VICENTE DE PAUL,07,3,verde,1,152,221,68.78,29,8,0,0,0,27,0,0,152,0,0,0,0
p0723,I.E. SAN VICENTE DE PAUL,07,4,verde,1,178,255,69.8,24,19,0,0,0,32,0,0,178,0,0,0,0
p0723,I.E. SAN VICENTE DE PAUL,07,5,verde,1,154,247,62.35,18,21,0,0,0,51,0,0,154,0,0,0,0
p0723,I.E. SAN VICENTE DE PAUL,07,6,verde,1,161,242,66.53,30,15,0,0,0,35,0,0,161,0,0,0,0
p0723,I.E. SAN VICENTE DE PAUL,07,7,verde,1,168,261,64.37,24,17,0,0,0,51,0,0,168,0,0,0,0
p0723,I.E. SAN VICENTE DE PAUL,07,8,verde,1,183,266,68.8,36,11,0,0,0,35,0,0,183,0,0,0,0
p0723,I.E. SAN VICENTE DE PAUL,07,9,verde,1,183,273,67.03,22,18,0,0,0,46,0,0,183,0,0,0,0
p0723,I.E. SAN VICENTE DE PAUL,07,10,verde,1,179,268,66.79,28,11,0,0,0,47,0,0,179,0,0,0,0
p0723,I.E. SAN VICENTE DE PAUL,07,11,verde,1,175,263,66.54,26,30,0,0,0,31,0,0,175,0,0,0,0
p0723,I.E. SAN VICENTE DE PAUL,07,12,verde,1,183,251,72.91,19,18,0,0,0,28,0,0,183,0,0,0,0
p0723,I.E. SAN VICENTE DE PAUL,07,13,verde,1,169,265,63.77,33,9,0,0,0,52,0,0,169,0,0,0,0
p0723,I.E. SAN VICENTE DE PAUL,07,14,verde,1,178,264,67.42,21,13,0,0,0,46,0,0,178,0,0,0,0
p0723,I.E. SAN VICENTE DE PAUL,07,15,verde,1,171,267,64.04,37,6,0,0,0,51,0,0,171,0,0,0,0
p0723,I.E. SAN VICENTE DE PAUL,07,16,verde,1,165,252,65.48,22,9,0,0,0,55,0,0,165,0,0,0,0
p0723,I.E. SAN VICENTE DE PAUL,07,17,verde,1,169,242,69.83,21,12,0,0,0,40,0,0,169,0,0,0,0
p0723,I.E. SAN VICENTE DE PAUL,07,18,verde,1,84,202,41.58,6,42,0,0,0,66,0,0,84,0,0,0,0
p0723,I.E. SAN VICENTE DE PAUL,07,19,verde,1,119,210,56.67,17,29,0,0,0,44,0,0,119,0,0,0,0
p0723,I.E. SAN VICENTE DE PAUL,07,20,amarillo,2,71,210,33.81,16,48,0,0,0,74,0,0,71,0,0,0,0
p0723,I.E. SAN VICENTE DE PAUL,07,21,verde,1,97,246,39.43,20,60,0,0,0,66,0,0,97,0,0,0,0
p0723,I.E. SAN VICENTE DE PAUL,07,22,verde,1,117,258,45.35,15,29,0,0,0,94,0,0,117,0,0,0,0
p0723,I.E. SAN VICENTE DE PAUL,07,23,verde,1,139,231,60.17,9,23,0,0,0,55,0,0,139,0,0,0,0
p0723,I.E. SAN VICENTE DE PAUL,07,24,verde,1,116,202,57.43,8,15,0,0,0,60,0,0,116,0,0,0,0
p0723,I.E. SAN VICENTE DE PAUL,07,25,verde,1,119,231,51.52,11,30,0,0,0,65,0,0,119,0,0,0,0
p0723,I.E. SAN VICENTE DE PAUL,07,26,verde,1,109,229,47.6,10,34,0,0,0,70,0,0,109,0,0,0,0
p0723,I.E. SAN VICENTE DE PAUL,07,27,verde,1,96,225,42.67,15,47,0,0,0,65,0,0,96,0,0,0,0
p0723,I.E. SAN VICENTE DE PAUL,07,28,amarillo,2,8,24,33.33,2,2,0,0,0,12,0,0,8,0,0,0,0
p0724,I.E. SANTA JUANA DE LESTONNAC,06,1,verde,1,175,279,62.72,27,16,0,0,0,56,0,0,175,0,0,0,0
p0724,I.E. SANTA JUANA DE LESTONNAC,06,2,verde,1,175,280,62.5,27,21,0,0,0,54,0,0,175,0,0,0,0
p0724,I.E. SANTA JUANA DE LESTONNAC,06,3,verde,1,181,289,62.63,23,16,0,0,0,63,0,0,181,0,0,0,0
p0724,I.E. SANTA JUANA DE LESTONNAC,06,4,verde,1,105,237,44.3,3,37,0,0,0,89,0,0,105,0,0,0,0
p0724,I.E. SANTA JUANA DE LESTONNAC,06,5,amarillo,2,56,206,27.18,5,47,0,0,0,97,0,0,56,0,0,0,0
p0724,I.E. SANTA JUANA DE LESTONNAC,06,6,amarillo,2,58,193,30.05,5,35,0,0,0,94,0,0,58,0,0,0,0
p0724,I.E. SANTA JUANA DE LESTONNAC,06,7,amarillo,2,78,214,36.45,12,29,0,0,0,92,0,0,78,0,0,0,0
p0724,I.E. SANTA JUANA DE LESTONNAC,06,8,verde,1,85,173,49.13,13,16,0,0,0,56,0,0,85,0,0,0,0
p0724,I.E. SANTA JUANA DE LESTONNAC,06,9,verde,1,103,211,48.82,0,19,0,0,0,83,4,0,103,0,0,0,0
p0724,I.E. SANTA JUANA DE LESTONNAC,06,10,amarillo,2,61,205,29.76,6,41,0,0,0,94,0,0,61,0,0,0,0
p0724,I.E. SANTA JUANA DE LESTONNAC,06,11,verde,1,91,220,41.36,8,35,0,0,0,82,0,0,91,0,0,0,0
p0724,I.E. SANTA JUANA DE LESTONNAC,06,12,amarillo,2,77,252,30.56,12,63,0,0,0,100,0,0,77,0,0,0,0
p0724,I.E. SANTA JUANA DE LESTONNAC,06,13,amarillo,2,103,260,39.62,10,37,0,0,0,107,0,0,103,0,0,0,0
p0724,I.E. SANTA JUANA DE LESTONNAC,06,14,verde,1,124,260,47.69,21,35,0,0,0,79,0,0,124,0,0,0,0
p0724,I.E. SANTA JUANA DE LESTONNAC,06,15,verde,1,115,217,53.0,9,20,0,0,0,64,0,0,115,0,0,0,0
p0724,I.E. SANTA JUANA DE LESTONNAC,06,16,verde,1,93,184,50.54,11,23,0,0,0,56,0,0,93,0,0,0,0
p0724,I.E. SANTA JUANA DE LESTONNAC,06,17,verde,1,91,181,50.28,4,25,0,0,0,57,0,0,91,0,0,0,0
p0724,I.E. SANTA JUANA DE LESTONNAC,06,18,verde,1,84,190,44.21,14,24,0,0,0,64,0,0,84,0,0,0,0
p0724,I.E. SANTA JUANA DE LESTONNAC,06,19,verde,1,87,191,45.55,12,19,0,0,0,69,0,0,87,0,0,0,0
p0724,I.E. SANTA JUANA DE LESTONNAC,06,20,amarillo,2,79,203,38.92,12,30,0,0,0,81,0,0,79,0,0,0,0
p0724,I.E. SANTA JUANA DE LESTONNAC,06,21,amarillo,2,55,197,27.92,9,32,0,0,0,98,0,0,55,0,0,0,0
p0724,I.E. SANTA JUANA DE LESTONNAC,06,22,amarillo,2,73,207,35.27,9,42,0,0,0,78,0,0,73,0,0,0,0
p0724,I.E. SANTA JUANA DE LESTONNAC,06,23,amarillo,2,34,102,33.33,7,15,0,0,0,43,0,0,34,0,0,0,0
p0725,I.E.SANTA ROSA DE LIMA,12,1,verde,1,198,319,62.07,42,10,0,0,0,68,0,0,198,0,0,0,0
p0725,I.E.SANTA ROSA DE LIMA,12,2,verde,1,206,293,70.31,32,12,0,0,0,42,0,0,206,0,0,0,0
p0725,I.E.SANTA ROSA DE LIMA,12,3,verde,1,220,313,70.29,35,9,0,0,0,44,0,0,220,0,0,0,0
p0725,I.E.SANTA ROSA DE LIMA,12,4,verde,1,214,313,68.37,32,15,0,0,0,50,0,0,214,0,0,0,0
p0725,I.E.SANTA ROSA DE LIMA,12,5,verde,1,213,313,68.05,40,13,0,0,0,46,0,0,213,0,0,0,0
p0725,I.E.SANTA ROSA DE LIMA,12,6,verde,1,222,311,71.38,20,23,0,0,0,45,0,0,222,0,0,0,0
p0725,I.E.SANTA ROSA DE LIMA,12,7,verde,1,201,310,64.84,26,17,0,0,0,61,0,0,201,0,0,0,0
p0725,I.E.SANTA ROSA DE LIMA,12,8,verde,1,231,323,71.52,14,21,0,0,0,57,0,0,231,0,0,0,0
p0725,I.E.SANTA ROSA DE LIMA,12,9,verde,1,158,281,56.23,20,33,0,0,0,67,0,0,158,0,0,0,0
p0725,I.E.SANTA ROSA DE LIMA,12,10,verde,1,83,235,35.32,20,62,0,0,0,67,0,0,83,0,0,0,0
p0725,I.E.SANTA ROSA DE LIMA,12,11,amarillo,2,77,242,31.82,9,48,0,0,0,104,0,0,77,0,0,0,0
p0725,I.E.SANTA ROSA DE LIMA,12,12,verde,1,107,269,39.78,13,60,0,0,0,84,0,0,107,0,0,0,0
p0725,I.E.SANTA ROSA DE LIMA,12,13,verde,1,103,251,41.04,13,48,0,0,0,83,0,0,103,0,0,0,0
p0725,I.E.SANTA ROSA DE LIMA,12,14,verde,1,125,281,44.48,16,59,0,0,0,78,0,0,125,0,0,0,0
p0725,I.E.SANTA ROSA DE LIMA,12,15,verde,1,107,278,38.49,26,57,0,0,0,86,0,0,107,0,0,0,0
p0725,I.E.SANTA ROSA DE LIMA,12,16,amarillo,2,98,284,34.51,12,35,0,0,0,135,0,0,98,0,0,0,0
p0725,I.E.SANTA ROSA DE LIMA,12,17,verde,1,133,281,47.33,13,47,0,0,0,82,0,0,133,0,0,0,0
p0725,I.E.SANTA ROSA DE LIMA,12,18,verde,1,108,267,40.45,20,62,0,0,0,76,0,0,108,0,0,0,0
p0725,I.E.SANTA ROSA DE LIMA,12,19,verde,1,50,140,35.71,6,39,0,0,0,45,0,0,50,0,0,0,0
p0726,I.E.SEBASTIAN DE BELALCAZAR,05,1,verde,1,182,275,66.18,28,6,0,0,0,58,0,0,182,0,0,0,0
p0726,I.E.SEBASTIAN DE BELALCAZAR,05,2,verde,1,183,275,66.55,16,16,0,0,0,55,0,0,183,0,0,0,0
p0726,I.E.SEBASTIAN DE BELALCAZAR,05,3,verde,1,189,280,67.5,20,15,0,0,0,50,0,0,189,0,0,0,0
p0726,I.E.SEBASTIAN DE BELALCAZAR,05,4,verde,1,160,260,61.54,14,17,0,0,0,62,0,0,160,0,0,0,0
p0726,I.E.SEBASTIAN DE BELALCAZAR,05,5,amarillo,2,50,176,28.41,8,26,0,0,0,91,0,0,50,0,0,0,0
p0726,I.E.SEBASTIAN DE BELALCAZAR,05,6,amarillo,2,62,186,33.33,10,31,0,0,0,81,0,0,62,0,0,0,0
p0726,I.E.SEBASTIAN DE BELALCAZAR,05,7,verde,1,86,199,43.22,6,25,0,0,0,75,0,0,86,0,0,0,0
p0726,I.E.SEBASTIAN DE BELALCAZAR,05,8,amarillo,2,98,232,42.24,5,20,0,0,0,104,0,0,98,0,0,0,0
p0726,I.E.SEBASTIAN DE BELALCAZAR,05,9,amarillo,2,72,189,38.1,11,18,0,0,0,84,0,0,72,0,0,0,0
p0727,I.E.SOL DE ORIENTE,08,1,verde,1,98,213,46.01,40,8,0,0,0,63,0,0,98,0,0,0,0
p0727,I.E.SOL DE ORIENTE,08,2,verde,1,100,232,43.1,25,21,0,0,0,78,0,0,100,0,0,0,0
p0727,I.E.SOL DE ORIENTE,08,3,verde,1,96,207,46.38,10,11,0,0,0,83,0,0,96,0,0,0,0
p0727,I.E.SOL DE ORIENTE,08,4,amarillo,2,35,147,23.81,2,17,0,0,0,90,0,0,35,0,0,0,0
p0727,I.E.SOL DE ORIENTE,08,5,amarillo,2,31,133,23.31,3,10,0,0,0,85,0,0,31,0,0,0,0
p0727,I.E.SOL DE ORIENTE,08,6,amarillo,2,50,158,31.65,10,14,0,0,0,81,0,0,50,0,0,0,0
p0727,I.E.SOL DE ORIENTE,08,7,amarillo,2,39,123,31.71,3,6,0,0,0,74,0,0,39,0,0,0,0
p0727,I.E.SOL DE ORIENTE,08,8,amarillo,2,86,219,39.27,9,21,0,0,0,100,0,0,86,0,0,0,0
p0727,I.E.SOL DE ORIENTE,08,9,amarillo,2,66,175,37.71,3,8,0,0,0,96,0,0,66,0,0,0,0
p0727,I.E.SOL DE ORIENTE,08,10,amarillo,2,20,65,30.77,0,5,0,0,0,38,1,0,20,0,0,0,0
p0728,I.E.STELLA VELEZ LONDOÑO,13,1,verde,1,130,252,51.59,27,17,0,0,0,67,0,0,130,0,0,0,0
p0728,I.E.STELLA VELEZ LONDOÑO,13,2,verde,1,142,272,52.21,40,6,0,0,0,77,0,0,142,0,0,0,0
p0728,I.E.STELLA VELEZ LONDOÑO,13,3,amarillo,2,68,199,34.17,13,26,0,0,0,90,0,0,68,0,0,0,0
p0728,I.E.STELLA VELEZ LONDOÑO,13,4,amarillo,2,58,168,34.52,8,26,0,0,0,70,0,0,58,0,0,0,0
p0728,I.E.STELLA VELEZ LONDOÑO,13,5,amarillo,2,72,197,36.55,8,20,0,0,0,93,0,0,72,0,0,0,0
p0728,I.E.STELLA VELEZ LONDOÑO,13,6,verde,1,83,199,41.71,8,21,0,0,0,83,0,0,83,0,0,0,0
p0728,I.E.STELLA VELEZ LONDOÑO,13,7,amarillo,2,28,64,43.75,1,6,0,0,0,29,0,0,28,0,0,0,0
p0729,I.E. TULIO OSPINA,10,1,verde,1,89,190,46.84,32,4,0,0,0,64,0,0,89,0,0,0,0
p0729,I.E. TULIO OSPINA,10,2,verde,1,115,188,61.17,19,7,0,0,0,40,0,0,115,0,0,0,0
p0729,I.E. TULIO OSPINA,10,3,verde,1,120,214,56.07,23,3,0,0,0,66,0,0,120,0,0,0,0
p0729,I.E. TULIO OSPINA,10,4,verde,1,98,175,56.0,20,9,0,0,0,43,0,0,98,0,0,0,0
p0729,I.E. TULIO OSPINA,10,5,verde,1,119,181,65.75,22,6,0,0,0,33,0,0,119,0,0,0,0
p0729,I.E. TULIO OSPINA,10,6,verde,1,117,187,62.57,27,5,0,0,0,38,0,0,117,0,0,0,0
p0729,I.E. TULIO OSPINA,10,7,verde,1,113,185,61.08,29,5,0,0,0,33,0,0,113,0,0,0,0
p0729,I.E. TULIO OSPINA,10,8,verde,1,127,206,61.65,36,10,0,0,0,30,0,0,127,0,0,0,0
p0729,I.E. TULIO OSPINA,10,9,verde,1,124,201,61.69,23,9,0,0,0,41,0,0,124,0,0,0,0
p0729,I.E. TULIO OSPINA,10,10,verde,1,140,227,61.67,24,12,0,0,0,46,0,0,140,0,0,0,0
p0729,I.E. TULIO OSPINA,10,11,verde,1,128,197,64.97,20,14,0,0,0,32,0,0,128,0,0,0,0
p0729,I.E. TULIO OSPINA,10,12,verde,1,124,203,61.08,20,13,0,0,0,41,0,0,124,0,0,0,0
p0729,I.E. TULIO OSPINA,10,13,verde,1,110,194,56.7,22,14,0,0,0,45,0,0,110,0,0,0,0
p0729,I.E. TULIO OSPINA,10,14,verde,1,114,201,56.72,23,13,0,0,0,51,0,0,114,0,0,0,0
p0729,I.E. TULIO OSPINA,10,15,verde,1,122,238,51.26,41,8,0,0,0,66,0,0,122,0,0,0,0
p0729,I.E. TULIO OSPINA,10,16,verde,1,134,217,61.75,21,8,0,0,0,50,0,0,134,0,0,0,0
p0729,I.E. TULIO OSPINA,10,17,verde,1,126,211,59.72,32,6,0,0,0,45,0,0,126,0,0,0,0
p0729,I.E. TULIO OSPINA,10,18,verde,1,132,208,63.46,18,8,0,0,0,47,0,0,132,0,0,0,0
p0729,I.E. TULIO OSPINA,10,19,verde,1,117,191,61.26,19,0,0,0,0,39,7,0,117,0,0,0,0
p0729,I.E. TULIO OSPINA,10,20,verde,1,125,208,60.1,17,6,0,0,0,60,0,0,125,0,0,0,0
p0729,I.E. TULIO OSPINA,10,21,verde,1,132,185,71.35,12,5,0,0,0,28,0,0,132,0,0,0,0
p0729,I.E. TULIO OSPINA,10,22,verde,1,72,164,43.9,11,17,0,0,0,63,0,0,72,0,0,0,0
p0729,I.E. TULIO OSPINA,10,23,verde,1,69,178,38.76,13,33,0,0,0,60,0,0,69,0,0,0,0
p0729,I.E. TULIO OSPINA,10,24,verde,1,80,180,44.44,19,16,0,0,0,61,0,0,80,0,0,0,0
p0729,I.E. TULIO OSPINA,10,25,amarillo,2,72,203,35.47,6,29,0,0,0,91,0,0,72,0,0,0,0
p0729,I.E. TULIO OSPINA,10,26,verde,1,68,154,44.16,11,20,0,0,0,54,0,0,68,0,0,0,0
p0729,I.E. TULIO OSPINA,10,27,amarillo,2,67,187,35.83,11,24,0,0,0,82,0,0,67,0,0,0,0
p0729,I.E. TULIO OSPINA,10,28,verde,1,13,20,65.0,0,1,0,0,0,6,0,0,13,0,0,0,0
p0730,I.E. VILLA DE LA CANDELARIA,07,1,verde,1,121,203,59.61,31,10,0,0,0,34,0,0,121,0,0,0,0
p0730,I.E. VILLA DE LA CANDELARIA,07,2,verde,1,112,204,54.9,25,8,0,0,0,55,0,0,112,0,0,0,0
p0730,I.E. VILLA DE LA CANDELARIA,07,3,verde,1,129,218,59.17,25,12,0,0,0,47,0,0,129,0,0,0,0
p0730,I.E. VILLA DE LA CANDELARIA,07,4,verde,1,129,185,69.73,19,7,0,0,0,25,0,0,129,0,0,0,0
p0730,I.E. VILLA DE LA CANDELARIA,07,5,verde,1,134,205,65.37,25,14,0,0,0,28,0,0,134,0,0,0,0
p0730,I.E. VILLA DE LA CANDELARIA,07,6,verde,1,137,201,68.16,15,16,0,0,0,30,0,0,137,0,0,0,0
p0730,I.E. VILLA DE LA CANDELARIA,07,7,verde,1,135,224,60.27,28,14,0,0,0,42,0,0,135,0,0,0,0
p0730,I.E. VILLA DE LA CANDELARIA,07,8,verde,1,143,230,62.17,25,17,0,0,0,39,0,0,143,0,0,0,0
p0730,I.E. VILLA DE LA CANDELARIA,07,9,verde,1,137,222,61.71,26,18,0,0,0,38,0,0,137,0,0,0,0
p0730,I.E. VILLA DE LA CANDELARIA,07,10,verde,1,159,250,63.6,23,24,0,0,0,37,0,0,159,0,0,0,0
p0730,I.E. VILLA DE LA CANDELARIA,07,11,verde,1,139,227,61.23,18,21,0,0,0,40,0,0,139,0,0,0,0
p0730,I.E. VILLA DE LA CANDELARIA,07,12,verde,1,149,246,60.57,26,26,0,0,0,41,0,0,149,0,0,0,0
p0730,I.E. VILLA DE LA CANDELARIA,07,13,verde,1,142,235,60.43,25,17,0,0,0,45,0,0,142,0,0,0,0
p0730,I.E. VILLA DE LA CANDELARIA,07,14,verde,1,136,235,57.87,23,21,0,0,0,53,0,0,136,0,0,0,0
p0730,I.E. VILLA DE LA CANDELARIA,07,15,verde,1,131,236,55.51,31,11,0,0,0,56,0,0,131,0,0,0,0
p0730,I.E. VILLA DE LA CANDELARIA,07,16,verde,1,149,243,61.32,14,10,0,0,0,65,0,0,149,0,0,0,0
p0730,I.E. VILLA DE LA CANDELARIA,07,17,verde,1,159,236,67.37,28,10,0,0,0,33,0,0,159,0,0,0,0
p0730,I.E. VILLA DE LA CANDELARIA,07,18,verde,1,146,209,69.86,0,9,0,0,0,50,3,0,146,0,0,0,0
p0730,I.E. VILLA DE LA CANDELARIA,07,19,verde,1,142,235,60.43,20,9,0,0,0,58,0,0,142,0,0,0,0
p0730,I.E. VILLA DE LA CANDELARIA,07,20,amarillo,2,55,158,34.81,6,35,0,0,0,61,0,0,55,0,0,0,0
p0730,I.E. VILLA DE LA CANDELARIA,07,21,verde,1,110,198,55.56,9,15,0,0,0,55,0,0,110,0,0,0,0
p0730,I.E. VILLA DE LA CANDELARIA,07,22,verde,1,93,177,52.54,11,13,0,0,0,56,0,0,93,0,0,0,0
p0730,I.E. VILLA DE LA CANDELARIA,07,23,verde,1,69,163,42.33,9,19,0,0,0,61,0,0,69,0,0,0,0
p0730,I.E. VILLA DE LA CANDELARIA,07,24,verde,1,107,228,46.93,14,21,0,0,0,82,0,0,107,0,0,0,0
p0730,I.E. VILLA DE LA CANDELARIA,07,25,verde,1,107,203,52.71,7,26,0,0,0,58,0,0,107,0,0,0,0
p0730,I.E. VILLA DE LA CANDELARIA,07,26,verde,1,101,184,54.89,13,15,0,0,0,52,0,0,101,0,0,0,0
p0730,I.E. VILLA DE LA CANDELARIA,07,27,verde,1,106,207,51.21,16,17,0,0,0,60,0,0,106,0,0,0,0
p0730,I.E. VILLA DE LA CANDELARIA,07,28,verde,1,85,182,46.7,13,19,0,0,0,58,0,0,85,0,0,0,0
p0730,I.E. VILLA DE LA CANDELARIA,07,29,verde,1,83,188,44.15,6,24,0,0,0,70,0,0,83,0,0,0,0
p0730,I.E. VILLA DE LA CANDELARIA,07,30,amarillo,2,67,189,35.45,8,25,0,0,0,84,0,0,67,0,0,0,0
p0730,I.E. VILLA DE LA CANDELARIA,07,31,amarillo,2,64,194,32.99,4,27,0,0,0,96,0,0,64,0,0,0,0
p0730,I.E. VILLA DE LA CANDELARIA,07,32,amarillo,2,37,109,33.94,3,21,0,0,0,46,0,0,37,0,0,0,0
p0731,I.T.M. (CAMPUS FRATERNIDAD),08,1,verde,1,177,296,59.8,26,11,0,0,0,75,0,0,177,0,0,0,0
p0731,I.T.M. (CAMPUS FRATERNIDAD),08,2,verde,1,184,283,65.02,18,18,0,0,0,61,0,0,184,0,0,0,0
p0731,I.T.M. (CAMPUS FRATERNIDAD),08,3,verde,1,181,289,62.63,20,10,0,0,0,75,0,0,181,0,0,0,0
p0731,I.T.M. (CAMPUS FRATERNIDAD),08,4,amarillo,2,59,194,30.41,6,37,0,0,0,90,0,0,59,0,0,0,0
p0731,I.T.M. (CAMPUS FRATERNIDAD),08,5,amarillo,2,58,205,28.29,10,25,0,0,0,110,0,0,58,0,0,0,0
p0731,I.T.M. (CAMPUS FRATERNIDAD),08,6,amarillo,2,65,213,30.52,7,29,0,0,0,106,0,0,65,0,0,0,0
p0731,I.T.M. (CAMPUS FRATERNIDAD),08,7,amarillo,2,62,191,32.46,3,29,0,0,0,92,0,0,62,0,0,0,0
p0731,I.T.M. (CAMPUS FRATERNIDAD),08,8,rojo,5,0,151,0.0,15,37,0,0,0,98,1,0,0,0,0,0,0
p0731,I.T.M. (CAMPUS FRATERNIDAD),08,9,amarillo,2,72,220,32.73,9,31,0,0,0,105,0,0,72,0,0,0,0
p0731,I.T.M. (CAMPUS FRATERNIDAD),08,10,amarillo,2,64,217,29.49,8,19,0,0,0,125,0,0,64,0,0,0,0
p0731,I.T.M. (CAMPUS FRATERNIDAD),08,11,verde,1,90,202,44.55,8,21,0,0,0,80,0,0,90,0,0,0,0
p0732,I.T.M. (PRADO CENTRO),10,1,verde,1,146,281,51.96,41,6,0,0,0,85,0,0,146,0,0,0,0
p0732,I.T.M. (PRADO CENTRO),10,2,verde,1,175,277,63.18,24,9,0,0,0,61,0,0,175,0,0,0,0
p0732,I.T.M. (PRADO CENTRO),10,3,verde,1,174,271,64.21,25,9,0,0,0,56,0,0,174,0,0,0,0
p0732,I.T.M. (PRADO CENTRO),10,4,verde,1,170,282,60.28,25,10,0,0,0,76,0,0,170,0,0,0,0
p0732,I.T.M. (PRADO CENTRO),10,5,amarillo,2,44,213,20.66,13,36,0,0,0,116,0,0,44,0,0,0,0
p0732,I.T.M. (PRADO CENTRO),10,6,amarillo,2,61,199,30.65,8,42,0,0,0,86,0,0,61,0,0,0,0
p0732,I.T.M. (PRADO CENTRO),10,7,amarillo,2,70,207,33.82,11,33,0,0,0,88,0,0,70,0,0,0,0
p0732,I.T.M. (PRADO CENTRO),10,8,amarillo,2,66,206,32.04,7,28,0,0,0,103,0,0,66,0,0,0,0
p0732,I.T.M. (PRADO CENTRO),10,9,amarillo,2,50,223,22.42,8,27,0,0,0,136,0,0,50,0,0,0,0
p0732,I.T.M. (PRADO CENTRO),10,10,amarillo,2,42,163,25.77,11,20,0,0,0,90,0,0,42,0,0,0,0
p0733,IE ALFONSO UPEGUI OROZCO,60,1,verde,1,209,318,65.72,40,8,0,0,0,58,0,0,209,0,0,0,0
p0733,IE ALFONSO UPEGUI OROZCO,60,2,verde,1,201,314,64.01,28,20,0,0,0,61,0,0,201,0,0,0,0
p0733,IE ALFONSO UPEGUI OROZCO,60,3,verde,1,221,329,67.17,28,18,0,0,0,59,0,0,221,0,0,0,0
p0733,IE ALFONSO UPEGUI OROZCO,60,4,verde,1,208,316,65.82,21,13,0,0,0,69,0,0,208,0,0,0,0
p0733,IE ALFONSO UPEGUI OROZCO,60,5,verde,1,164,317,51.74,15,25,0,0,0,107,0,0,164,0,0,0,0
p0733,IE ALFONSO UPEGUI OROZCO,60,6,verde,1,129,279,46.24,11,46,0,0,0,90,0,0,129,0,0,0,0
p0733,IE ALFONSO UPEGUI OROZCO,60,7,verde,1,131,268,48.88,11,41,0,0,0,83,0,0,131,0,0,0,0
p0733,IE ALFONSO UPEGUI OROZCO,60,8,verde,1,137,293,46.76,9,28,0,0,0,116,0,0,137,0,0,0,0
p0733,IE ALFONSO UPEGUI OROZCO,60,9,verde,1,150,309,48.54,14,37,0,0,0,100,0,0,150,0,0,0,0
p0733,IE ALFONSO UPEGUI OROZCO,60,10,verde,1,17,34,50.0,1,2,0,0,0,14,0,0,17,0,0,0,0
p0734,IE ANGELA RESTREPO MORENO,80,1,verde,1,168,309,54.37,32,22,0,0,0,83,0,0,168,0,0,0,0
p0734,IE ANGELA RESTREPO MORENO,80,2,verde,1,184,306,60.13,28,19,0,0,0,69,0,0,184,0,0,0,0
p0734,IE ANGELA RESTREPO MORENO,80,3,verde,1,161,309,52.1,15,9,0,0,0,117,0,0,161,0,0,0,0
p0734,IE ANGELA RESTREPO MORENO,80,4,amarillo,2,52,202,25.74,7,37,0,0,0,105,0,0,52,0,0,0,0
p0734,IE ANGELA RESTREPO MORENO,80,5,rojo,3,36,167,21.56,6,38,0,0,0,86,0,0,36,0,0,0,0
p0734,IE ANGELA RESTREPO MORENO,80,6,amarillo,2,69,213,32.39,6,40,0,0,0,95,0,0,69,0,0,0,0
p0734,IE ANGELA RESTREPO MORENO,80,7,verde,1,106,257,41.25,12,38,0,0,0,94,0,0,106,0,0,0,0
p0734,IE ANGELA RESTREPO MORENO,80,8,amarillo,2,56,212,26.42,0,27,0,0,0,117,6,0,56,0,0,0,0
p0734,IE ANGELA RESTREPO MORENO,80,9,amarillo,2,67,196,34.18,7,20,0,0,0,95,0,0,67,0,0,0,0
p0735,IE ANTONIO DERKA,01,1,verde,1,94,229,41.05,26,4,0,0,0,94,0,0,94,0,0,0,0
p0735,IE ANTONIO DERKA,01,2,verde,1,108,215,50.23,24,11,0,0,0,68,0,0,108,0,0,0,0
p0735,IE ANTONIO DERKA,01,3,verde,1,115,218,52.75,19,5,0,0,0,74,0,0,115,0,0,0,0
p0735,IE ANTONIO DERKA,01,4,amarillo,2,56,143,39.16,7,9,0,0,0,68,0,0,56,0,0,0,0
p0735,IE ANTONIO DERKA,01,5,amarillo,2,31,124,25.0,0,11,0,0,0,77,3,0,31,0,0,0,0
p0735,IE ANTONIO DERKA,01,6,amarillo,2,29,124,23.39,4,12,0,0,0,78,0,0,29,0,0,0,0
p0735,IE ANTONIO DERKA,01,7,amarillo,2,35,130,26.92,3,12,0,0,0,78,0,0,35,0,0,0,0
p0735,IE ANTONIO DERKA,01,8,amarillo,2,30,133,22.56,4,14,0,0,0,82,0,0,30,0,0,0,0
p0735,IE ANTONIO DERKA,01,9,amarillo,2,16,107,14.95,0,15,0,0,0,67,6,0,16,0,0,0,0
p0735,IE ANTONIO DERKA,01,10,amarillo,2,32,133,24.06,4,18,0,0,0,75,0,0,32,0,0,0,0
p0735,IE ANTONIO DERKA,01,11,amarillo,2,30,106,28.3,5,7,0,0,0,60,0,0,30,0,0,0,0
p0735,IE ANTONIO DERKA,01,12,amarillo,2,29,133,21.8,8,13,0,0,0,77,0,0,29,0,0,0,0
p0735,IE ANTONIO DERKA,01,13,amarillo,2,22,98,22.45,0,10,0,0,0,60,4,0,22,0,0,0,0
p0735,IE ANTONIO DERKA,01,14,amarillo,2,31,129,24.03,6,10,0,0,0,79,0,0,31,0,0,0,0
p0735,IE ANTONIO DERKA,01,15,amarillo,2,35,145,24.14,3,16,0,0,0,89,0,0,35,0,0,0,0
p0735,IE ANTONIO DERKA,01,16,amarillo,2,55,157,35.03,5,15,0,0,0,79,0,0,55,0,0,0,0
p0735,IE ANTONIO DERKA,01,17,amarillo,2,41,119,34.45,3,9,0,0,0,64,0,0,41,0,0,0,0
p0735,IE ANTONIO DERKA,01,18,amarillo,2,44,127,34.65,0,5,0,0,0,68,5,0,44,0,0,0,0
p0735,IE ANTONIO DERKA,01,19,amarillo,2,21,115,18.26,3,8,0,0,0,81,0,0,21,0,0,0,0
p0735,IE ANTONIO DERKA,01,20,amarillo,2,42,132,31.82,5,5,0,0,0,79,0,0,42,0,0,0,0
p0735,IE ANTONIO DERKA,01,21,amarillo,2,15,38,39.47,2,3,0,0,0,18,0,0,15,0,0,0,0
p0736,IE ANTONIO RICAURTE,16,1,verde,1,199,304,65.46,27,12,0,0,0,61,0,0,199,0,0,0,0
p0736,IE ANTONIO RICAURTE,16,2,verde,1,212,297,71.38,27,10,0,0,0,44,0,0,212,0,0,0,0
p0736,IE ANTONIO RICAURTE,16,3,verde,1,208,302,68.87,27,18,0,0,0,48,0,0,208,0,0,0,0
p0736,IE ANTONIO RICAURTE,16,4,verde,1,202,283,71.38,23,17,0,0,0,37,0,0,202,0,0,0,0
p0736,IE ANTONIO RICAURTE,16,5,verde,1,211,310,68.06,32,8,0,0,0,54,0,0,211,0,0,0,0
p0736,IE ANTONIO RICAURTE,16,6,verde,1,140,251,55.78,13,21,0,0,0,72,0,0,140,0,0,0,0
p0736,IE ANTONIO RICAURTE,16,7,amarillo,2,71,224,31.7,8,39,0,0,0,102,0,0,71,0,0,0,0
p0736,IE ANTONIO RICAURTE,16,8,amarillo,2,67,204,32.84,12,35,0,0,0,87,0,0,67,0,0,0,0
p0736,IE ANTONIO RICAURTE,16,9,amarillo,2,90,243,37.04,13,36,0,0,0,100,0,0,90,0,0,0,0
p0736,IE ANTONIO RICAURTE,16,10,verde,1,78,218,35.78,11,55,0,0,0,69,0,0,78,0,0,0,0
p0736,IE ANTONIO RICAURTE,16,11,verde,1,87,231,37.66,8,47,0,0,0,87,0,0,87,0,0,0,0
p0736,IE ANTONIO RICAURTE,16,12,amarillo,2,74,208,35.58,4,46,0,0,0,80,0,0,74,0,0,0,0
p0736,IE ANTONIO RICAURTE,16,13,verde,1,156,277,56.32,14,32,0,0,0,71,0,0,156,0,0,0,0
p0736,IE ANTONIO RICAURTE,16,14,verde,1,105,247,42.51,13,29,0,0,0,95,0,0,105,0,0,0,0
p0736,IE ANTONIO RICAURTE,16,15,amarillo,2,89,254,35.04,14,33,0,0,0,108,0,0,89,0,0,0,0
p0736,IE ANTONIO RICAURTE,16,16,verde,1,138,268,51.49,7,35,0,0,0,82,0,0,138,0,0,0,0
p0736,IE ANTONIO RICAURTE,16,17,amarillo,2,69,186,37.1,8,32,0,0,0,75,0,0,69,0,0,0,0
p0737,IE ARZOBISPO TULIO BOTERO SALAZAR,09,1,verde,1,157,279,56.27,18,9,0,0,0,85,0,0,157,0,0,0,0
p0737,IE ARZOBISPO TULIO BOTERO SALAZAR,09,2,verde,1,165,287,57.49,38,15,0,0,0,61,0,0,165,0,0,0,0
p0737,IE ARZOBISPO TULIO BOTERO SALAZAR,09,3,verde,1,124,253,49.01,18,12,0,0,0,96,0,0,124,0,0,0,0
p0737,IE ARZOBISPO TULIO BOTERO SALAZAR,09,4,amarillo,2,72,221,32.58,6,18,0,0,0,123,0,0,72,0,0,0,0
p0737,IE ARZOBISPO TULIO BOTERO SALAZAR,09,5,amarillo,2,48,177,27.12,13,33,0,0,0,79,0,0,48,0,0,0,0
p0737,IE ARZOBISPO TULIO BOTERO SALAZAR,09,6,amarillo,2,74,219,33.79,10,33,0,0,0,97,0,0,74,0,0,0,0
p0737,IE ARZOBISPO TULIO BOTERO SALAZAR,09,7,amarillo,2,85,251,33.86,0,21,0,0,0,128,8,0,85,0,0,0,0
p0737,IE ARZOBISPO TULIO BOTERO SALAZAR,09,8,amarillo,2,85,239,35.56,5,22,0,0,0,126,0,0,85,0,0,0,0
p0737,IE ARZOBISPO TULIO BOTERO SALAZAR,09,9,amarillo,2,7,23,30.43,0,0,0,0,0,16,0,0,7,0,0,0,0
p0738,IE AURES,07,1,verde,1,180,289,62.28,24,8,0,0,0,68,0,0,180,0,0,0,0
p0738,IE AURES,07,2,verde,1,147,274,53.65,29,19,0,0,0,71,0,0,147,0,0,0,0
p0738,IE AURES,07,3,verde,1,171,283,60.42,24,16,0,0,0,64,0,0,171,0,0,0,0
p0738,IE AURES,07,4,verde,1,167,276,60.51,21,13,0,0,0,68,0,0,167,0,0,0,0
p0738,IE AURES,07,5,verde,1,103,213,48.36,9,17,0,0,0,81,0,0,103,0,0,0,0
p0738,IE AURES,07,6,amarillo,2,56,187,29.95,7,24,0,0,0,99,0,0,56,0,0,0,0
p0738,IE AURES,07,7,amarillo,2,51,200,25.5,7,28,0,0,0,111,0,0,51,0,0,0,0
p0738,IE AURES,07,8,amarillo,2,62,181,34.25,7,13,0,0,0,95,0,0,62,0,0,0,0
p0738,IE AURES,07,9,amarillo,2,62,166,37.35,8,25,0,0,0,68,0,0,62,0,0,0,0
p0738,IE AURES,07,10,amarillo,2,49,161,30.43,5,15,0,0,0,89,0,0,49,0,0,0,0
p0738,IE AURES,07,11,amarillo,2,59,165,35.76,6,25,0,0,0,73,0,0,59,0,0,0,0
p0738,IE AURES,07,12,verde,1,89,210,42.38,5,33,0,0,0,77,0,0,89,0,0,0,0
p0738,IE AURES,07,13,amarillo,2,63,198,31.82,11,21,0,0,0,99,0,0,63,0,0,0,0
p0738,IE AURES,07,14,amarillo,2,48,179,26.82,8,10,0,0,0,105,0,0,48,0,0,0,0
p0738,IE AURES,07,15,amarillo,2,91,223,40.81,10,19,0,0,0,101,0,0,91,0,0,0,0
p0738,IE AURES,07,16,amarillo,2,31,118,26.27,6,20,0,0,0,61,0,0,31,0,0,0,0
p0739,IE BARRIO OLAYA HERRERA,07,1,verde,1,111,231,48.05,23,13,0,0,0,72,0,0,111,0,0,0,0
p0739,IE BARRIO OLAYA HERRERA,07,2,verde,1,89,210,42.38,20,15,0,0,0,74,0,0,89,0,0,0,0
p0739,IE BARRIO OLAYA HERRERA,07,3,amarillo,2,30,119,25.21,0,16,0,0,0,71,2,0,30,0,0,0,0
p0739,IE BARRIO OLAYA HERRERA,07,4,amarillo,2,31,129,24.03,9,16,0,0,0,72,0,0,31,0,0,0,0
p0739,IE BARRIO OLAYA HERRERA,07,5,amarillo,2,31,116,26.72,9,19,0,0,0,53,0,0,31,0,0,0,0
p0739,IE BARRIO OLAYA HERRERA,07,6,amarillo,2,53,149,35.57,8,12,0,0,0,70,0,0,53,0,0,0,0
p0739,IE BARRIO OLAYA HERRERA,07,7,amarillo,2,68,174,39.08,12,12,0,0,0,81,0,0,68,0,0,0,0
p0739,IE BARRIO OLAYA HERRERA,07,8,amarillo,2,6,23,26.09,1,3,0,0,0,12,0,0,6,0,0,0,0
p0740,IE BELLO ORIENTE,03,1,verde,1,97,226,42.92,18,10,0,0,0,87,0,0,97,0,0,0,0
p0740,IE BELLO ORIENTE,03,2,verde,1,97,223,43.5,29,0,0,0,0,80,7,0,97,0,0,0,0
p0740,IE BELLO ORIENTE,03,3,amarillo,2,34,102,33.33,3,3,0,0,0,60,0,0,34,0,0,0,0
p0740,IE BELLO ORIENTE,03,4,amarillo,2,26,82,31.71,0,7,0,0,0,46,3,0,26,0,0,0,0
p0740,IE BELLO ORIENTE,03,5,amarillo,2,28,94,29.79,6,6,0,0,0,50,0,0,28,0,0,0,0
p0740,IE BELLO ORIENTE,03,6,amarillo,2,49,134,36.57,7,12,0,0,0,63,0,0,49,0,0,0,0
p0740,IE BELLO ORIENTE,03,7,amarillo,2,35,122,28.69,4,10,0,0,0,70,0,0,35,0,0,0,0
p0740,IE BELLO ORIENTE,03,8,amarillo,2,12,38,31.58,1,1,0,0,0,22,0,0,12,0,0,0,0
p0741,IE DIEGO ECHAVARRIA MISAS,05,1,verde,1,148,217,68.2,24,4,0,0,0,38,0,0,148,0,0,0,0
p0741,IE DIEGO ECHAVARRIA MISAS,05,2,verde,1,158,246,64.23,29,8,0,0,0,46,0,0,158,0,0,0,0
p0741,IE DIEGO ECHAVARRIA MISAS,05,3,verde,1,152,215,70.7,21,12,0,0,0,27,0,0,152,0,0,0,0
p0741,IE DIEGO ECHAVARRIA MISAS,05,4,verde,1,152,226,67.26,32,11,0,0,0,28,0,0,152,0,0,0,0
p0741,IE DIEGO ECHAVARRIA MISAS,05,5,verde,1,160,235,68.09,30,17,0,0,0,24,0,0,160,0,0,0,0
p0741,IE DIEGO ECHAVARRIA MISAS,05,6,verde,1,171,238,71.85,15,15,0,0,0,34,0,0,171,0,0,0,0
p0741,IE DIEGO ECHAVARRIA MISAS,05,7,verde,1,165,249,66.27,32,8,0,0,0,42,0,0,165,0,0,0,0
p0741,IE DIEGO ECHAVARRIA MISAS,05,8,verde,1,180,260,69.23,22,18,0,0,0,39,0,0,180,0,0,0,0
p0741,IE DIEGO ECHAVARRIA MISAS,05,9,verde,1,182,280,65.0,25,28,0,0,0,43,0,0,182,0,0,0,0
p0741,IE DIEGO ECHAVARRIA MISAS,05,10,verde,1,174,233,74.68,0,17,0,0,0,36,0,0,174,2,0,0,0
p0741,IE DIEGO ECHAVARRIA MISAS,05,11,verde,1,171,263,65.02,29,19,0,0,0,39,0,0,171,0,0,0,0
p0741,IE DIEGO ECHAVARRIA MISAS,05,12,verde,1,172,265,64.91,27,20,0,0,0,44,0,0,172,0,0,0,0
p0741,IE DIEGO ECHAVARRIA MISAS,05,13,verde,1,171,265,64.53,19,18,0,0,0,51,0,0,171,0,0,0,0
p0741,IE DIEGO ECHAVARRIA MISAS,05,14,verde,1,175,265,66.04,18,21,0,0,0,47,0,0,175,0,0,0,0
p0741,IE DIEGO ECHAVARRIA MISAS,05,15,verde,1,178,268,66.42,17,13,0,0,0,55,0,0,178,0,0,0,0
p0741,IE DIEGO ECHAVARRIA MISAS,05,16,verde,1,142,243,58.44,22,14,0,0,0,59,0,0,142,0,0,0,0
p0741,IE DIEGO ECHAVARRIA MISAS,05,17,verde,1,177,259,68.34,28,11,0,0,0,40,0,0,177,0,0,0,0
p0741,IE DIEGO ECHAVARRIA MISAS,05,18,verde,1,171,270,63.33,27,15,0,0,0,50,0,0,171,0,0,0,0
p0741,IE DIEGO ECHAVARRIA MISAS,05,19,verde,1,179,273,65.57,19,14,0,0,0,57,0,0,179,0,0,0,0
p0741,IE DIEGO ECHAVARRIA MISAS,05,20,verde,1,187,261,71.65,17,7,0,0,0,47,0,0,187,0,0,0,0
p0741,IE DIEGO ECHAVARRIA MISAS,05,21,verde,1,91,202,45.05,6,31,0,0,0,73,0,0,91,0,0,0,0
p0741,IE DIEGO ECHAVARRIA MISAS,05,22,verde,1,101,207,48.79,14,28,0,0,0,64,0,0,101,0,0,0,0
p0741,IE DIEGO ECHAVARRIA MISAS,05,23,verde,1,114,237,48.1,14,38,0,0,0,67,0,0,114,0,0,0,0
p0741,IE DIEGO ECHAVARRIA MISAS,05,24,amarillo,2,80,220,36.36,9,42,0,0,0,85,0,0,80,0,0,0,0
p0741,IE DIEGO ECHAVARRIA MISAS,05,25,verde,1,132,264,50.0,12,31,0,0,0,87,0,0,132,0,0,0,0
p0741,IE DIEGO ECHAVARRIA MISAS,05,26,verde,1,80,225,35.56,8,58,0,0,0,79,0,0,80,0,0,0,0
p0741,IE DIEGO ECHAVARRIA MISAS,05,27,verde,1,98,250,39.2,11,46,0,0,0,94,0,0,98,0,0,0,0
p0741,IE DIEGO ECHAVARRIA MISAS,05,28,verde,1,134,260,51.54,10,24,0,0,0,91,0,0,134,0,0,0,0
p0741,IE DIEGO ECHAVARRIA MISAS,05,29,verde,1,112,226,49.56,10,30,0,0,0,72,0,0,112,0,0,0,0
p0741,IE DIEGO ECHAVARRIA MISAS,05,30,verde,1,117,223,52.47,18,30,0,0,0,55,0,0,117,0,0,0,0
p0741,IE DIEGO ECHAVARRIA MISAS,05,31,verde,1,110,232,47.41,11,29,0,0,0,80,0,0,110,0,0,0,0
p0741,IE DIEGO ECHAVARRIA MISAS,05,32,amarillo,2,81,222,36.49,5,39,0,0,0,90,0,0,81,0,0,0,0
p0742,IE ESC NORMAL SUPERIOR DE MEDELLIN,08,1,verde,1,183,278,65.83,21,11,0,0,0,59,0,0,183,0,0,0,0
p0742,IE ESC NORMAL SUPERIOR DE MEDELLIN,08,2,verde,1,203,297,68.35,18,17,0,0,0,54,0,0,203,0,0,0,0
p0742,IE ESC NORMAL SUPERIOR DE MEDELLIN,08,3,amarillo,2,95,252,37.7,13,31,0,0,0,110,0,0,95,0,0,0,0
p0742,IE ESC NORMAL SUPERIOR DE MEDELLIN,08,4,amarillo,2,71,226,31.42,11,42,0,0,0,101,0,0,71,0,0,0,0
p0742,IE ESC NORMAL SUPERIOR DE MEDELLIN,08,5,amarillo,2,62,198,31.31,5,31,0,0,0,96,0,0,62,0,0,0,0
p0742,IE ESC NORMAL SUPERIOR DE MEDELLIN,08,6,amarillo,2,70,220,31.82,8,36,0,0,0,105,0,0,70,0,0,0,0
p0742,IE ESC NORMAL SUPERIOR DE MEDELLIN,08,7,verde,1,99,218,45.41,3,15,0,0,0,98,0,0,99,0,0,0,0
p0742,IE ESC NORMAL SUPERIOR DE MEDELLIN,08,8,verde,1,95,221,42.99,7,22,0,0,0,95,0,0,95,0,0,0,0
p0742,IE ESC NORMAL SUPERIOR DE MEDELLIN,08,9,amarillo,2,4,10,40.0,0,0,0,0,0,6,0,0,4,0,0,0,0
p0743,IE FE Y ALEGRIA EL LIMONAR,80,1,verde,1,120,215,55.81,16,9,0,0,0,63,0,0,120,0,0,0,0
p0743,IE FE Y ALEGRIA EL LIMONAR,80,2,verde,1,134,221,60.63,25,14,0,0,0,43,0,0,134,0,0,0,0
p0743,IE FE Y ALEGRIA EL LIMONAR,80,3,verde,1,125,236,52.97,31,15,0,0,0,56,0,0,125,0,0,0,0
p0743,IE FE Y ALEGRIA EL LIMONAR,80,4,verde,1,119,232,51.29,28,13,0,0,0,64,0,0,119,0,0,0,0
p0743,IE FE Y ALEGRIA EL LIMONAR,80,5,verde,1,132,247,53.44,28,16,0,0,0,64,0,0,132,0,0,0,0
p0743,IE FE Y ALEGRIA EL LIMONAR,80,6,verde,1,144,260,55.38,22,28,0,0,0,63,0,0,144,0,0,0,0
p0743,IE FE Y ALEGRIA EL LIMONAR,80,7,verde,1,122,248,49.19,19,17,0,0,0,77,0,0,122,0,0,0,0
p0743,IE FE Y ALEGRIA EL LIMONAR,80,8,verde,1,126,232,54.31,19,25,0,0,0,58,0,0,126,0,0,0,0
p0743,IE FE Y ALEGRIA EL LIMONAR,80,9,verde,1,137,245,55.92,18,9,0,0,0,70,0,0,137,0,0,0,0
p0743,IE FE Y ALEGRIA EL LIMONAR,80,10,verde,1,143,250,57.2,20,11,0,0,0,73,0,0,143,0,0,0,0
p0743,IE FE Y ALEGRIA EL LIMONAR,80,11,verde,1,101,220,45.91,15,16,0,0,0,84,0,0,101,0,0,0,0
p0743,IE FE Y ALEGRIA EL LIMONAR,80,12,amarillo,2,36,181,19.89,4,25,0,0,0,111,0,0,36,0,0,0,0
p0743,IE FE Y ALEGRIA EL LIMONAR,80,13,amarillo,2,39,173,22.54,3,21,0,0,0,106,0,0,39,0,0,0,0
p0743,IE FE Y ALEGRIA EL LIMONAR,80,14,amarillo,2,44,190,23.16,8,18,0,0,0,111,0,0,44,0,0,0,0
p0743,IE FE Y ALEGRIA EL LIMONAR,80,15,amarillo,2,56,176,31.82,7,21,0,0,0,88,0,0,56,0,0,0,0
p0743,IE FE Y ALEGRIA EL LIMONAR,80,16,amarillo,2,70,199,35.18,12,24,0,0,0,90,0,0,70,0,0,0,0
p0743,IE FE Y ALEGRIA EL LIMONAR,80,17,verde,1,111,253,43.87,13,18,0,0,0,106,0,0,111,0,0,0,0
p0743,IE FE Y ALEGRIA EL LIMONAR,80,18,amarillo,2,80,236,33.9,14,27,0,0,0,112,0,0,80,0,0,0,0
p0743,IE FE Y ALEGRIA EL LIMONAR,80,19,verde,1,92,197,46.7,14,16,0,0,0,72,0,0,92,0,0,0,0
p0743,IE FE Y ALEGRIA EL LIMONAR,80,20,verde,1,75,177,42.37,11,12,0,0,0,72,0,0,75,0,0,0,0
p0743,IE FE Y ALEGRIA EL LIMONAR,80,21,amarillo,2,58,175,33.14,16,21,0,0,0,76,0,0,58,0,0,0,0
p0743,IE FE Y ALEGRIA EL LIMONAR,80,22,amarillo,2,63,170,37.06,11,17,0,0,0,76,0,0,63,0,0,0,0
p0743,IE FE Y ALEGRIA EL LIMONAR,80,23,amarillo,2,47,178,26.4,8,24,0,0,0,95,0,0,47,0,0,0,0
p0743,IE FE Y ALEGRIA EL LIMONAR,80,24,amarillo,2,66,185,35.68,7,19,0,0,0,89,0,0,66,0,0,0,0
p0743,IE FE Y ALEGRIA EL LIMONAR,80,25,amarillo,2,59,197,29.95,6,22,0,0,0,104,0,0,59,0,0,0,0
p0743,IE FE Y ALEGRIA EL LIMONAR,80,26,amarillo,2,3,15,20.0,3,1,0,0,0,8,0,0,3,0,0,0,0
p0744,IE FE Y ALEGRIA LUIS AMIGO MORAVIA,04,1,verde,1,153,301,50.83,37,9,0,0,0,95,0,0,153,0,0,0,0
p0744,IE FE Y ALEGRIA LUIS AMIGO MORAVIA,04,2,verde,1,160,297,53.87,18,20,0,0,0,90,0,0,160,0,0,0,0
p0744,IE FE Y ALEGRIA LUIS AMIGO MORAVIA,04,3,amarillo,2,47,192,24.48,5,17,0,0,0,121,0,0,47,0,0,0,0
p0744,IE FE Y ALEGRIA LUIS AMIGO MORAVIA,04,4,amarillo,2,49,133,36.84,4,14,0,0,0,64,0,0,49,0,0,0,0
p0744,IE FE Y ALEGRIA LUIS AMIGO MORAVIA,04,5,amarillo,2,43,175,24.57,7,22,0,0,0,100,0,0,43,0,0,0,0
p0744,IE FE Y ALEGRIA LUIS AMIGO MORAVIA,04,6,amarillo,2,66,184,35.87,6,14,0,0,0,93,0,0,66,0,0,0,0
p0744,IE FE Y ALEGRIA LUIS AMIGO MORAVIA,04,7,amarillo,2,66,194,34.02,8,8,0,0,0,102,0,0,66,0,0,0,0
p0744,IE FE Y ALEGRIA LUIS AMIGO MORAVIA,04,8,amarillo,2,19,61,31.15,2,5,0,0,0,33,0,0,19,0,0,0,0
p0745,IE FEDERICO OZANAM,09,1,verde,1,129,222,58.11,26,13,0,0,0,52,0,0,129,0,0,0,0
p0745,IE FEDERICO OZANAM,09,2,verde,1,161,256,62.89,41,7,0,0,0,44,0,0,161,0,0,0,0
p0745,IE FEDERICO OZANAM,09,3,verde,1,120,199,60.3,24,7,0,0,0,47,0,0,120,0,0,0,0
p0745,IE FEDERICO OZANAM,09,4,verde,1,165,236,69.92,29,11,0,0,0,27,0,0,165,0,0,0,0
p0745,IE FEDERICO OZANAM,09,5,verde,1,160,240,66.67,21,20,0,0,0,36,0,0,160,0,0,0,0
p0745,IE FEDERICO OZANAM,09,6,verde,1,167,222,75.23,23,10,0,0,0,21,0,0,167,0,0,0,0
p0745,IE FEDERICO OZANAM,09,7,verde,1,160,244,65.57,15,18,0,0,0,46,0,0,160,0,0,0,0
p0745,IE FEDERICO OZANAM,09,8,verde,1,172,245,70.2,20,10,0,0,0,40,0,0,172,0,0,0,0
p0745,IE FEDERICO OZANAM,09,9,verde,1,184,265,69.43,29,15,0,0,0,36,0,0,184,0,0,0,0
p0745,IE FEDERICO OZANAM,09,10,verde,1,183,261,70.11,24,19,0,0,0,35,0,0,183,0,0,0,0
p0745,IE FEDERICO OZANAM,09,11,verde,1,189,255,74.12,21,20,0,0,0,23,0,0,189,0,0,0,0
p0745,IE FEDERICO OZANAM,09,12,verde,1,185,248,74.6,20,17,0,0,0,24,0,0,185,0,0,0,0
p0745,IE FEDERICO OZANAM,09,13,verde,1,175,251,69.72,19,20,0,0,0,37,0,0,175,0,0,0,0
p0745,IE FEDERICO OZANAM,09,14,verde,1,145,255,56.86,45,8,0,0,0,56,0,0,145,0,0,0,0
p0745,IE FEDERICO OZANAM,09,15,verde,1,175,256,68.36,29,7,0,0,0,44,0,0,175,0,0,0,0
p0745,IE FEDERICO OZANAM,09,16,verde,1,165,262,62.98,15,22,0,0,0,55,0,0,165,0,0,0,0
p0745,IE FEDERICO OZANAM,09,17,verde,1,187,264,70.83,21,7,0,0,0,44,0,0,187,0,0,0,0
p0745,IE FEDERICO OZANAM,09,18,verde,1,190,263,72.24,19,13,0,0,0,36,0,0,190,0,0,0,0
p0745,IE FEDERICO OZANAM,09,19,verde,1,181,255,70.98,20,12,0,0,0,38,0,0,181,0,0,0,0
p0745,IE FEDERICO OZANAM,09,20,verde,1,168,260,64.62,16,11,0,0,0,59,0,0,168,0,0,0,0
p0745,IE FEDERICO OZANAM,09,21,verde,1,67,181,37.02,8,40,0,0,0,65,0,0,67,0,0,0,0
p0745,IE FEDERICO OZANAM,09,22,verde,1,96,188,51.06,15,17,0,0,0,56,0,0,96,0,0,0,0
p0745,IE FEDERICO OZANAM,09,23,verde,1,102,198,51.52,13,16,0,0,0,59,0,0,102,0,0,0,0
p0745,IE FEDERICO OZANAM,09,24,verde,1,100,189,52.91,13,30,0,0,0,45,0,0,100,0,0,0,0
p0745,IE FEDERICO OZANAM,09,25,verde,1,99,217,45.62,14,32,0,0,0,70,0,0,99,0,0,0,0
p0745,IE FEDERICO OZANAM,09,26,verde,1,79,187,42.25,11,37,0,0,0,57,0,0,79,0,0,0,0
p0745,IE FEDERICO OZANAM,09,27,verde,1,67,184,36.41,13,40,0,0,0,61,0,0,67,0,0,0,0
p0745,IE FEDERICO OZANAM,09,28,verde,1,115,239,48.12,13,33,0,0,0,76,0,0,115,0,0,0,0
p0745,IE FEDERICO OZANAM,09,29,verde,1,106,229,46.29,19,29,0,0,0,73,0,0,106,0,0,0,0
p0745,IE FEDERICO OZANAM,09,30,verde,1,109,201,54.23,9,26,0,0,0,51,0,0,109,0,0,0,0
p0745,IE FEDERICO OZANAM,09,31,verde,1,110,203,54.19,14,20,0,0,0,57,0,0,110,0,0,0,0
p0745,IE FEDERICO OZANAM,09,32,verde,1,86,206,41.75,11,29,0,0,0,80,0,0,86,0,0,0,0
p0745,IE FEDERICO OZANAM,09,33,verde,1,72,191,37.7,6,37,0,0,0,72,0,0,72,0,0,0,0
p0745,IE FEDERICO OZANAM,09,34,verde,1,44,107,41.12,5,14,0,0,0,42,0,0,44,0,0,0,0
p0746,IE FELIX DE BEDOUT MORENO,05,1,verde,1,201,302,66.56,38,13,0,0,0,45,0,0,201,0,0,0,0
p0746,IE FELIX DE BEDOUT MORENO,05,2,verde,1,208,291,71.48,23,23,0,0,0,36,0,0,208,0,0,0,0
p0746,IE FELIX DE BEDOUT MORENO,05,3,verde,1,211,296,71.28,24,14,0,0,0,45,0,0,211,0,0,0,0
p0746,IE FELIX DE BEDOUT MORENO,05,4,verde,1,201,298,67.45,17,11,0,0,0,64,0,0,201,0,0,0,0
p0746,IE FELIX DE BEDOUT MORENO,05,5,verde,1,149,268,55.6,15,34,0,0,0,68,0,0,149,0,0,0,0
p0746,IE FELIX DE BEDOUT MORENO,05,6,amarillo,2,60,231,25.97,5,57,0,0,0,106,0,0,60,0,0,0,0
p0746,IE FELIX DE BEDOUT MORENO,05,7,amarillo,2,77,217,35.48,2,55,0,0,0,81,0,0,77,0,0,0,0
p0746,IE FELIX DE BEDOUT MORENO,05,8,verde,1,115,249,46.18,14,39,0,0,0,79,0,0,115,0,0,0,0
p0746,IE FELIX DE BEDOUT MORENO,05,9,amarillo,2,73,223,32.74,7,45,0,0,0,96,0,0,73,0,0,0,0
p0746,IE FELIX DE BEDOUT MORENO,05,10,verde,1,126,264,47.73,6,41,0,0,0,87,0,0,126,0,0,0,0
p0746,IE FELIX DE BEDOUT MORENO,05,11,verde,1,109,218,50.0,11,22,0,0,0,72,0,0,109,0,0,0,0
p0746,IE FELIX DE BEDOUT MORENO,05,12,verde,1,124,259,47.88,12,38,0,0,0,83,0,0,124,0,0,0,0
p0747,IE FELIX HENAO BOTERO,08,1,verde,1,108,203,53.2,36,7,0,0,0,45,0,0,108,0,0,0,0
p0747,IE FELIX HENAO BOTERO,08,2,verde,1,117,197,59.39,20,3,0,0,0,54,0,0,117,0,0,0,0
p0747,IE FELIX HENAO BOTERO,08,3,verde,1,119,217,54.84,35,10,0,0,0,44,0,0,119,0,0,0,0
p0747,IE FELIX HENAO BOTERO,08,4,verde,1,121,221,54.75,26,13,0,0,0,52,0,0,121,0,0,0,0
p0747,IE FELIX HENAO BOTERO,08,5,verde,1,127,236,53.81,39,15,0,0,0,49,0,0,127,0,0,0,0
p0747,IE FELIX HENAO BOTERO,08,6,verde,1,139,236,58.9,22,21,0,0,0,53,0,0,139,0,0,0,0
p0747,IE FELIX HENAO BOTERO,08,7,verde,1,142,238,59.66,29,28,0,0,0,35,0,0,142,0,0,0,0
p0747,IE FELIX HENAO BOTERO,08,8,verde,1,144,249,57.83,12,26,0,0,0,62,0,0,144,0,0,0,0
p0747,IE FELIX HENAO BOTERO,08,9,verde,1,138,235,58.72,23,9,0,0,0,61,0,0,138,0,0,0,0
p0747,IE FELIX HENAO BOTERO,08,10,verde,1,148,247,59.92,33,14,0,0,0,47,0,0,148,0,0,0,0
p0747,IE FELIX HENAO BOTERO,08,11,verde,1,149,236,63.14,22,8,0,0,0,48,0,0,149,0,0,0,0
p0747,IE FELIX HENAO BOTERO,08,12,verde,1,124,223,55.61,12,9,0,0,0,76,0,0,124,0,0,0,0
p0747,IE FELIX HENAO BOTERO,08,13,amarillo,2,62,206,30.1,4,35,0,0,0,102,0,0,62,0,0,0,0
p0747,IE FELIX HENAO BOTERO,08,14,amarillo,2,70,191,36.65,6,19,0,0,0,94,0,0,70,0,0,0,0
p0747,IE FELIX HENAO BOTERO,08,15,verde,1,107,186,57.53,13,17,0,0,0,46,0,0,107,0,0,0,0
p0747,IE FELIX HENAO BOTERO,08,16,verde,1,73,182,40.11,11,26,0,0,0,69,0,0,73,0,0,0,0
p0747,IE FELIX HENAO BOTERO,08,17,amarillo,2,37,154,24.03,6,21,0,0,0,87,0,0,37,0,0,0,0
p0747,IE FELIX HENAO BOTERO,08,18,amarillo,2,64,175,36.57,5,24,0,0,0,80,0,0,64,0,0,0,0
p0747,IE FELIX HENAO BOTERO,08,19,amarillo,2,66,201,32.84,6,35,0,0,0,87,0,0,66,0,0,0,0
p0747,IE FELIX HENAO BOTERO,08,20,verde,1,114,232,49.14,13,17,0,0,0,84,0,0,114,0,0,0,0
p0747,IE FELIX HENAO BOTERO,08,21,amarillo,2,57,211,27.01,8,8,0,0,0,133,0,0,57,0,0,0,0
p0747,IE FELIX HENAO BOTERO,08,22,verde,1,97,199,48.74,7,14,0,0,0,74,0,0,97,0,0,0,0
p0747,IE FELIX HENAO BOTERO,08,23,amarillo,2,77,215,35.81,7,26,0,0,0,101,0,0,77,0,0,0,0
p0747,IE FELIX HENAO BOTERO,08,24,amarillo,2,14,52,26.92,3,4,0,0,0,31,0,0,14,0,0,0,0
p0748,IE GABRIEL GARCIA MARQUEZ,08,1,verde,1,152,280,54.29,20,13,0,0,0,84,0,0,152,0,0,0,0
p0748,IE GABRIEL GARCIA MARQUEZ,08,2,amarillo,2,46,184,25.0,7,20,0,0,0,105,0,0,46,0,0,0,0
p0748,IE GABRIEL GARCIA MARQUEZ,08,3,amarillo,2,52,163,31.9,7,13,0,0,0,88,0,0,52,0,0,0,0
p0748,IE GABRIEL GARCIA MARQUEZ,08,4,amarillo,2,50,132,37.88,3,7,0,0,0,71,0,0,50,0,0,0,0
p0749,IE HECTOR ROGELIO MONTOYA,50,1,verde,1,118,185,63.78,36,6,0,0,0,18,0,0,118,0,0,0,0
p0749,IE HECTOR ROGELIO MONTOYA,50,2,verde,1,115,188,61.17,28,7,0,0,0,26,0,0,115,0,0,0,0
p0749,IE HECTOR ROGELIO MONTOYA,50,3,verde,1,132,218,60.55,24,17,0,0,0,38,0,0,132,0,0,0,0
p0749,IE HECTOR ROGELIO MONTOYA,50,4,verde,1,152,241,63.07,35,7,0,0,0,44,0,0,152,0,0,0,0
p0749,IE HECTOR ROGELIO MONTOYA,50,5,verde,1,127,215,59.07,22,7,0,0,0,53,0,0,127,0,0,0,0
p0749,IE HECTOR ROGELIO MONTOYA,50,6,verde,1,79,189,41.8,11,22,0,0,0,67,0,0,79,0,0,0,0
p0749,IE HECTOR ROGELIO MONTOYA,50,7,verde,1,123,206,59.71,9,9,0,0,0,58,0,0,123,0,0,0,0
p0749,IE HECTOR ROGELIO MONTOYA,50,8,verde,1,68,137,49.64,10,18,0,0,0,35,0,0,68,0,0,0,0
p0750,IE JESUS REY,07,1,verde,1,193,297,64.98,27,10,0,0,0,63,0,0,193,0,0,0,0
p0750,IE JESUS REY,07,2,verde,1,201,289,69.55,19,24,0,0,0,44,0,0,201,0,0,0,0
p0750,IE JESUS REY,07,3,verde,1,189,286,66.08,26,13,0,0,0,56,0,0,189,0,0,0,0
p0750,IE JESUS REY,07,4,verde,1,191,284,67.25,27,22,0,0,0,42,0,0,191,0,0,0,0
p0750,IE JESUS REY,07,5,verde,1,185,310,59.68,30,23,0,0,0,68,0,0,185,0,0,0,0
p0750,IE JESUS REY,07,6,verde,1,209,316,66.14,25,9,0,0,0,67,0,0,209,0,0,0,0
p0750,IE JESUS REY,07,7,verde,1,120,254,47.24,10,32,0,0,0,87,0,0,120,0,0,0,0
p0750,IE JESUS REY,07,8,amarillo,2,81,220,36.82,9,35,0,0,0,90,0,0,81,0,0,0,0
p0750,IE JESUS REY,07,9,amarillo,2,65,221,29.41,8,49,0,0,0,98,0,0,65,0,0,0,0
p0750,IE JESUS REY,07,10,amarillo,2,77,211,36.49,6,32,0,0,0,96,0,0,77,0,0,0,0
p0750,IE JESUS REY,07,11,amarillo,2,87,227,38.33,8,41,0,0,0,88,0,0,87,0,0,0,0
p0750,IE JESUS REY,07,12,verde,1,92,213,43.19,6,45,0,0,0,69,0,0,92,0,0,0,0
p0750,IE JESUS REY,07,13,verde,1,82,220,37.27,5,50,0,0,0,82,0,0,82,0,0,0,0
p0750,IE JESUS REY,07,14,amarillo,2,74,228,32.46,8,39,0,0,0,106,0,0,74,0,0,0,0
p0750,IE JESUS REY,07,15,verde,1,108,259,41.7,13,35,0,0,0,98,0,0,108,0,0,0,0
p0750,IE JESUS REY,07,16,amarillo,2,75,212,35.38,8,22,0,0,0,106,0,0,75,0,0,0,0
p0750,IE JESUS REY,07,17,amarillo,2,90,234,38.46,10,22,0,0,0,109,0,0,90,0,0,0,0
p0750,IE JESUS REY,07,18,verde,1,111,266,41.73,14,42,0,0,0,99,0,0,111,0,0,0,0
p0750,IE JESUS REY,07,19,verde,1,33,78,42.31,3,11,0,0,0,30,0,0,33,0,0,0,0
p0751,IE JOSE ROBERTO VASQUEZ,03,1,verde,1,168,283,59.36,22,14,0,0,0,73,0,0,168,0,0,0,0
p0751,IE JOSE ROBERTO VASQUEZ,03,2,verde,1,172,289,59.52,22,13,0,0,0,74,0,0,172,0,0,0,0
p0751,IE JOSE ROBERTO VASQUEZ,03,3,amarillo,2,60,202,29.7,6,34,0,0,0,101,0,0,60,0,0,0,0
p0751,IE JOSE ROBERTO VASQUEZ,03,4,amarillo,2,56,206,27.18,5,35,0,0,0,106,0,0,56,0,0,0,0
p0751,IE JOSE ROBERTO VASQUEZ,03,5,amarillo,2,61,174,35.06,8,23,0,0,0,81,0,0,61,0,0,0,0
p0751,IE JOSE ROBERTO VASQUEZ,03,6,amarillo,2,58,175,33.14,0,35,0,0,0,71,5,0,58,0,0,0,0
p0751,IE JOSE ROBERTO VASQUEZ,03,7,amarillo,2,51,173,29.48,8,31,0,0,0,80,0,0,51,0,0,0,0
p0751,IE JOSE ROBERTO VASQUEZ,03,8,amarillo,2,58,187,31.02,3,29,0,0,0,95,0,0,58,0,0,0,0
p0751,IE JOSE ROBERTO VASQUEZ,03,9,amarillo,2,97,241,40.25,7,29,0,0,0,107,0,0,97,0,0,0,0
p0751,IE JOSE ROBERTO VASQUEZ,03,10,amarillo,2,63,170,37.06,7,13,0,0,0,83,0,0,63,0,0,0,0
p0751,IE JOSE ROBERTO VASQUEZ,03,11,amarillo,2,34,94,36.17,3,12,0,0,0,44,0,0,34,0,0,0,0
p0752,IE LA AVANZADA,01,1,verde,1,76,189,40.21,27,14,0,0,0,63,0,0,76,0,0,0,0
p0752,IE LA AVANZADA,01,2,verde,1,69,173,39.88,32,12,0,0,0,54,0,0,69,0,0,0,0
p0752,IE LA AVANZADA,01,3,amarillo,2,37,121,30.58,7,6,0,0,0,68,0,0,37,0,0,0,0
p0752,IE LA AVANZADA,01,4,amarillo,2,28,106,26.42,7,13,0,0,0,51,0,0,28,0,0,0,0
p0752,IE LA AVANZADA,01,5,amarillo,2,31,111,27.93,0,6,0,0,0,64,6,0,31,0,0,0,0
p0752,IE LA AVANZADA,01,6,amarillo,2,48,131,36.64,8,8,0,0,0,65,0,0,48,0,0,0,0
p0752,IE LA AVANZADA,01,7,amarillo,2,37,115,32.17,9,7,0,0,0,60,0,0,37,0,0,0,0
p0753,IE LAS NIEVES,03,1,verde,1,117,213,54.93,25,8,0,0,0,54,0,0,117,0,0,0,0
p0753,IE LAS NIEVES,03,2,verde,1,120,227,52.86,27,8,0,0,0,67,0,0,120,0,0,0,0
p0753,IE LAS NIEVES,03,3,verde,1,140,215,65.12,17,14,0,0,0,40,0,0,140,0,0,0,0
p0753,IE LAS NIEVES,03,4,verde,1,126,232,54.31,25,11,0,0,0,63,0,0,126,0,0,0,0
p0753,IE LAS NIEVES,03,5,verde,1,133,225,59.11,29,13,0,0,0,45,0,0,133,0,0,0,0
p0753,IE LAS NIEVES,03,6,verde,1,119,233,51.07,27,0,0,0,0,41,0,0,119,22,0,0,0
p0753,IE LAS NIEVES,03,7,verde,1,140,230,60.87,19,16,0,0,0,51,0,0,140,0,0,0,0
p0753,IE LAS NIEVES,03,8,verde,1,149,267,55.81,19,23,0,0,0,69,0,0,149,0,0,0,0
p0753,IE LAS NIEVES,03,9,verde,1,128,235,54.47,29,20,0,0,0,55,0,0,128,0,0,0,0
p0753,IE LAS NIEVES,03,10,verde,1,145,245,59.18,16,25,0,0,0,52,0,0,145,0,0,0,0
p0753,IE LAS NIEVES,03,11,verde,1,128,242,52.89,20,11,0,0,0,75,0,0,128,0,0,0,0
p0753,IE LAS NIEVES,03,12,verde,1,153,253,60.47,25,0,8,0,0,51,0,0,153,0,0,0,0
p0753,IE LAS NIEVES,03,13,verde,1,146,239,61.09,22,0,0,0,0,51,8,0,146,0,0,0,0
p0753,IE LAS NIEVES,03,14,verde,1,155,240,64.58,18,12,0,0,0,49,0,0,155,0,0,0,0
p0753,IE LAS NIEVES,03,15,verde,1,151,248,60.89,22,7,0,0,0,62,0,0,151,0,0,0,0
p0753,IE LAS NIEVES,03,16,verde,1,140,252,55.56,20,10,0,0,0,75,0,0,140,0,0,0,0
p0753,IE LAS NIEVES,03,17,amarillo,2,71,186,38.17,6,27,0,0,0,79,0,0,71,0,0,0,0
p0753,IE LAS NIEVES,03,18,amarillo,2,43,159,27.04,6,24,0,0,0,84,0,0,43,0,0,0,0
p0753,IE LAS NIEVES,03,19,amarillo,2,51,186,27.42,3,24,0,0,0,105,0,0,51,0,0,0,0
p0753,IE LAS NIEVES,03,20,amarillo,2,48,185,25.95,10,36,0,0,0,88,0,0,48,0,0,0,0
p0753,IE LAS NIEVES,03,21,amarillo,2,77,190,40.53,12,14,0,0,0,83,0,0,77,0,0,0,0
p0753,IE LAS NIEVES,03,22,verde,1,96,188,51.06,11,14,0,0,0,60,0,0,96,0,0,0,0
p0753,IE LAS NIEVES,03,23,amarillo,2,63,192,32.81,8,27,0,0,0,89,0,0,63,0,0,0,0
p0753,IE LAS NIEVES,03,24,amarillo,2,59,179,32.96,7,33,0,0,0,76,0,0,59,0,0,0,0
p0753,IE LAS NIEVES,03,25,amarillo,2,60,192,31.25,6,29,0,0,0,94,0,0,60,0,0,0,0
p0753,IE LAS NIEVES,03,26,amarillo,2,61,184,33.15,4,27,0,0,0,90,0,0,61,0,0,0,0
p0753,IE LAS NIEVES,03,27,amarillo,2,81,210,38.57,13,22,0,0,0,93,0,0,81,0,0,0,0
p0753,IE LAS NIEVES,03,28,amarillo,2,96,255,37.65,16,31,0,0,0,110,0,0,96,0,0,0,0
p0753,IE LAS NIEVES,03,29,verde,1,99,212,46.7,7,20,0,0,0,83,0,0,99,0,0,0,0
p0753,IE LAS NIEVES,03,30,amarillo,2,65,208,31.25,7,13,0,0,0,120,0,0,65,0,0,0,0
p0753,IE LAS NIEVES,03,31,verde,1,89,209,42.58,12,22,0,0,0,79,0,0,89,0,0,0,0
p0753,IE LAS NIEVES,03,32,verde,1,78,172,45.35,7,29,0,0,0,54,0,0,78,0,0,0,0
p0753,IE LAS NIEVES,03,33,amarillo,2,74,187,39.57,5,27,0,0,0,78,0,0,74,0,0,0,0
p0753,IE LAS NIEVES,03,34,amarillo,2,57,186,30.65,6,23,0,0,0,95,0,0,57,0,0,0,0
p0753,IE LAS NIEVES,03,35,amarillo,2,21,72,29.17,2,11,0,0,0,35,0,0,21,0,0,0,0
p0754,IE LOLA GONZALEZ,12,1,verde,1,203,299,67.89,32,14,0,0,0,47,0,0,203,0,0,0,0
p0754,IE LOLA GONZALEZ,12,2,verde,1,226,318,71.07,32,12,0,0,0,44,0,0,226,0,0,0,0
p0754,IE LOLA GONZALEZ,12,3,verde,1,225,323,69.66,33,15,0,0,0,44,0,0,225,0,0,0,0
p0754,IE LOLA GONZALEZ,12,4,verde,1,215,313,68.69,26,21,0,0,0,49,0,0,215,0,0,0,0
p0754,IE LOLA GONZALEZ,12,5,verde,1,225,322,69.88,32,22,0,0,0,42,0,0,225,0,0,0,0
p0754,IE LOLA GONZALEZ,12,6,verde,1,243,321,75.7,16,11,0,0,0,50,0,0,243,0,0,0,0
p0754,IE LOLA GONZALEZ,12,7,verde,1,120,290,41.38,13,62,0,0,0,89,0,0,120,0,0,0,0
p0754,IE LOLA GONZALEZ,12,8,verde,1,95,260,36.54,11,67,0,0,0,86,0,0,95,0,0,0,0
p0754,IE LOLA GONZALEZ,12,9,amarillo,2,87,253,34.39,14,61,0,0,0,90,0,0,87,0,0,0,0
p0754,IE LOLA GONZALEZ,12,10,verde,1,116,269,43.12,10,48,0,0,0,94,0,0,116,0,0,0,0
p0754,IE LOLA GONZALEZ,12,11,verde,1,104,271,38.38,16,59,0,0,0,90,0,0,104,0,0,0,0
p0754,IE LOLA GONZALEZ,12,12,verde,1,129,288,44.79,19,44,0,0,0,91,0,0,129,0,0,0,0
p0754,IE LOLA GONZALEZ,12,13,verde,1,111,259,42.86,8,37,0,0,0,101,0,0,111,0,0,0,0
p0754,IE LOLA GONZALEZ,12,14,verde,1,110,262,41.98,16,37,0,0,0,93,0,0,110,0,0,0,0
p0754,IE LOLA GONZALEZ,12,15,verde,1,139,286,48.6,10,52,0,0,0,81,0,0,139,0,0,0,0
p0754,IE LOLA GONZALEZ,12,16,verde,1,28,56,50.0,0,9,0,0,0,19,0,0,28,0,0,0,0
p0755,IE LOMA HERMOSA,60,1,verde,1,124,258,48.06,42,19,0,0,0,66,0,0,124,0,0,0,0
p0755,IE LOMA HERMOSA,60,2,verde,1,141,266,53.01,42,17,0,0,0,59,0,0,141,0,0,0,0
p0755,IE LOMA HERMOSA,60,3,verde,1,149,272,54.78,45,21,0,0,0,50,0,0,149,0,0,0,0
p0755,IE LOMA HERMOSA,60,4,verde,1,136,268,50.75,25,19,0,0,0,77,0,0,136,0,0,0,0
p0755,IE LOMA HERMOSA,60,5,amarillo,2,57,188,30.32,6,21,0,0,0,99,0,0,57,0,0,0,0
p0755,IE LOMA HERMOSA,60,6,amarillo,2,63,177,35.59,5,19,0,0,0,85,0,0,63,0,0,0,0
p0755,IE LOMA HERMOSA,60,7,amarillo,2,59,171,34.5,3,21,0,0,0,84,0,0,59,0,0,0,0
p0755,IE LOMA HERMOSA,60,8,amarillo,2,83,201,41.29,11,11,0,0,0,89,0,0,83,0,0,0,0
p0755,IE LOMA HERMOSA,60,9,amarillo,2,87,224,38.84,12,31,0,0,0,90,0,0,87,0,0,0,0
p0756,IE LORENZA VILLEGAS DE SANTOS,04,1,verde,1,194,303,64.03,33,10,0,0,0,64,0,0,194,0,0,0,0
p0756,IE LORENZA VILLEGAS DE SANTOS,04,2,verde,1,204,305,66.89,23,23,0,0,0,49,0,0,204,0,0,0,0
p0756,IE LORENZA VILLEGAS DE SANTOS,04,3,verde,1,192,289,66.44,21,14,0,0,0,61,0,0,192,0,0,0,0
p0756,IE LORENZA VILLEGAS DE SANTOS,04,4,amarillo,2,94,260,36.15,18,27,0,0,0,119,0,0,94,0,0,0,0
p0756,IE LORENZA VILLEGAS DE SANTOS,04,5,amarillo,2,72,220,32.73,9,39,0,0,0,97,0,0,72,0,0,0,0
p0756,IE LORENZA VILLEGAS DE SANTOS,04,6,amarillo,2,88,245,35.92,7,31,0,0,0,114,0,0,88,0,0,0,0
p0756,IE LORENZA VILLEGAS DE SANTOS,04,7,amarillo,2,76,222,34.23,0,43,0,0,0,98,3,0,76,0,0,0,0
p0756,IE LORENZA VILLEGAS DE SANTOS,04,8,amarillo,2,98,243,40.33,10,29,0,0,0,104,0,0,98,0,0,0,0
p0756,IE LORENZA VILLEGAS DE SANTOS,04,9,amarillo,2,91,234,38.89,5,31,0,0,0,106,0,0,91,0,0,0,0
p0756,IE LORENZA VILLEGAS DE SANTOS,04,10,verde,1,91,209,43.54,15,21,0,0,0,80,0,0,91,0,0,0,0
p0757,IE LUSITANIA,60,1,verde,1,145,262,55.34,36,7,0,0,0,60,0,0,145,0,0,0,0
p0757,IE LUSITANIA,60,2,verde,1,151,275,54.91,26,17,0,0,0,74,0,0,151,0,0,0,0
p0757,IE LUSITANIA,60,3,verde,1,144,244,59.02,36,16,0,0,0,46,0,0,144,0,0,0,0
p0757,IE LUSITANIA,60,4,verde,1,137,250,54.8,22,24,0,0,0,54,0,0,137,0,0,0,0
p0757,IE LUSITANIA,60,5,verde,1,140,251,55.78,32,11,0,0,0,66,0,0,140,0,0,0,0
p0757,IE LUSITANIA,60,6,verde,1,144,279,51.61,41,19,0,0,0,68,0,0,144,0,0,0,0
p0757,IE LUSITANIA,60,7,verde,1,141,259,54.44,21,20,0,0,0,65,0,0,141,0,0,0,0
p0757,IE LUSITANIA,60,8,verde,1,171,275,62.18,23,22,0,0,0,55,0,0,171,0,0,0,0
p0757,IE LUSITANIA,60,9,verde,1,144,268,53.73,29,23,0,0,0,66,0,0,144,0,0,0,0
p0757,IE LUSITANIA,60,10,verde,1,144,263,54.75,26,10,0,0,0,78,0,0,144,0,0,0,0
p0757,IE LUSITANIA,60,11,verde,1,159,277,57.4,40,13,0,0,0,58,0,0,159,0,0,0,0
p0757,IE LUSITANIA,60,12,verde,1,167,285,58.6,32,12,0,0,0,68,0,0,167,0,0,0,0
p0757,IE LUSITANIA,60,13,verde,1,103,240,42.92,16,20,0,0,0,91,0,0,103,0,0,0,0
p0757,IE LUSITANIA,60,14,amarillo,2,42,170,24.71,6,27,0,0,0,92,0,0,42,0,0,0,0
p0757,IE LUSITANIA,60,15,amarillo,2,40,187,21.39,7,32,0,0,0,104,0,0,40,0,0,0,0
p0757,IE LUSITANIA,60,16,amarillo,2,38,145,26.21,12,13,0,0,0,76,0,0,38,0,0,0,0
p0757,IE LUSITANIA,60,17,amarillo,2,50,180,27.78,8,17,0,0,0,98,0,0,50,0,0,0,0
p0757,IE LUSITANIA,60,18,amarillo,2,52,179,29.05,3,14,0,0,0,106,0,0,52,0,0,0,0
p0757,IE LUSITANIA,60,19,amarillo,2,51,166,30.72,8,22,0,0,0,84,0,0,51,0,0,0,0
p0757,IE LUSITANIA,60,20,verde,1,102,226,45.13,20,16,0,0,0,87,0,0,102,0,0,0,0
p0757,IE LUSITANIA,60,21,amarillo,2,45,163,27.61,4,17,0,0,0,92,0,0,45,0,0,0,0
p0757,IE LUSITANIA,60,22,amarillo,2,65,190,34.21,7,31,0,0,0,80,0,0,65,0,0,0,0
p0757,IE LUSITANIA,60,23,amarillo,2,49,181,27.07,6,27,0,0,0,93,0,0,49,0,0,0,0
p0757,IE LUSITANIA,60,24,amarillo,2,57,179,31.84,6,26,0,0,0,89,0,0,57,0,0,0,0
p0757,IE LUSITANIA,60,25,amarillo,2,89,315,28.25,14,17,0,0,0,190,0,0,89,0,0,0,0
p0757,IE LUSITANIA,60,26,amarillo,2,83,314,26.43,7,32,0,0,0,188,0,0,83,0,0,0,0
p0757,IE LUSITANIA,60,27,amarillo,2,67,193,34.72,6,16,0,0,0,98,0,0,67,0,0,0,0
p0757,IE LUSITANIA,60,28,amarillo,2,74,200,37.0,10,10,0,0,0,100,0,0,74,0,0,0,0
p0757,IE LUSITANIA,60,29,amarillo,2,98,338,28.99,13,19,0,0,0,198,0,0,98,0,0,0,0
p0757,IE LUSITANIA,60,30,amarillo,2,77,239,32.22,9,19,0,0,0,131,0,0,77,0,0,0,0
p0757,IE LUSITANIA,60,31,amarillo,2,40,108,37.04,6,10,0,0,0,48,0,0,40,0,0,0,0
p0758,IE MADRE LAURA,09,1,verde,1,205,317,64.67,37,12,0,0,0,61,0,0,205,0,0,0,0
p0758,IE MADRE LAURA,09,2,verde,1,220,311,70.74,30,14,0,0,0,46,0,0,220,0,0,0,0
p0758,IE MADRE LAURA,09,3,verde,1,201,312,64.42,23,17,0,0,0,65,0,0,201,0,0,0,0
p0758,IE MADRE LAURA,09,4,verde,1,119,263,45.25,13,39,0,0,0,85,0,0,119,0,0,0,0
p0758,IE MADRE LAURA,09,5,verde,1,87,236,36.86,17,47,0,0,0,84,0,0,87,0,0,0,0
p0758,IE MADRE LAURA,09,6,verde,1,88,224,39.29,5,47,0,0,0,80,0,0,88,0,0,0,0
p0758,IE MADRE LAURA,09,7,verde,1,84,214,39.25,8,37,0,0,0,84,0,0,84,0,0,0,0
p0758,IE MADRE LAURA,09,8,verde,1,106,253,41.9,15,41,0,0,0,90,0,0,106,0,0,0,0
p0758,IE MADRE LAURA,09,9,amarillo,2,77,222,34.68,7,31,0,0,0,103,0,0,77,0,0,0,0
p0758,IE MADRE LAURA,09,10,verde,1,105,235,44.68,14,20,0,0,0,93,0,0,105,0,0,0,0
p0758,IE MADRE LAURA,09,11,verde,1,5,12,41.67,0,2,0,0,0,4,0,0,5,1,0,0,0
p0759,IE MARIA DE LOS ANGELES CANO MARQUEZ,01,1,verde,1,99,197,50.25,29,9,0,0,0,53,0,0,99,0,0,0,0
p0759,IE MARIA DE LOS ANGELES CANO MARQUEZ,01,2,verde,1,105,181,58.01,20,8,0,0,0,44,0,0,105,0,0,0,0
p0759,IE MARIA DE LOS ANGELES CANO MARQUEZ,01,3,verde,1,83,187,44.39,21,16,0,0,0,60,0,0,83,0,0,0,0
p0759,IE MARIA DE LOS ANGELES CANO MARQUEZ,01,4,verde,1,98,184,53.26,17,11,0,0,0,49,0,0,98,0,0,0,0
p0759,IE MARIA DE LOS ANGELES CANO MARQUEZ,01,5,verde,1,117,236,49.58,20,19,0,0,0,68,0,0,117,0,0,0,0
p0759,IE MARIA DE LOS ANGELES CANO MARQUEZ,01,6,verde,1,109,225,48.44,21,31,0,0,0,59,0,0,109,0,0,0,0
p0759,IE MARIA DE LOS ANGELES CANO MARQUEZ,01,7,verde,1,91,213,42.72,21,24,0,0,0,64,0,0,91,0,0,0,0
p0759,IE MARIA DE LOS ANGELES CANO MARQUEZ,01,8,verde,1,93,209,44.5,29,15,0,0,0,64,0,0,93,0,0,0,0
p0759,IE MARIA DE LOS ANGELES CANO MARQUEZ,01,9,verde,1,109,219,49.77,24,8,0,0,0,64,0,0,109,0,0,0,0
p0759,IE MARIA DE LOS ANGELES CANO MARQUEZ,01,10,verde,1,111,205,54.15,18,18,0,0,0,53,0,0,111,0,0,0,0
p0759,IE MARIA DE LOS ANGELES CANO MARQUEZ,01,11,verde,1,109,216,50.46,11,16,0,0,0,72,0,0,109,0,0,0,0
p0759,IE MARIA DE LOS ANGELES CANO MARQUEZ,01,12,amarillo,2,38,149,25.5,2,18,0,0,0,91,0,0,38,0,0,0,0
p0759,IE MARIA DE LOS ANGELES CANO MARQUEZ,01,13,amarillo,2,34,162,20.99,4,18,0,0,0,102,0,0,34,0,0,0,0
p0759,IE MARIA DE LOS ANGELES CANO MARQUEZ,01,14,amarillo,2,36,143,25.17,0,23,0,0,0,79,4,0,36,0,0,0,0
p0759,IE MARIA DE LOS ANGELES CANO MARQUEZ,01,15,amarillo,2,61,158,38.61,0,16,0,0,0,71,5,0,61,0,0,0,0
p0759,IE MARIA DE LOS ANGELES CANO MARQUEZ,01,16,amarillo,2,64,162,39.51,0,12,0,0,0,76,4,0,64,0,0,0,0
p0759,IE MARIA DE LOS ANGELES CANO MARQUEZ,01,17,amarillo,2,67,164,40.85,2,16,0,0,0,74,0,0,67,0,0,0,0
p0759,IE MARIA DE LOS ANGELES CANO MARQUEZ,01,18,amarillo,2,48,146,32.88,0,14,0,0,0,81,3,0,48,0,0,0,0
p0759,IE MARIA DE LOS ANGELES CANO MARQUEZ,01,19,amarillo,2,74,204,36.27,10,20,0,0,0,89,0,0,74,0,0,0,0
p0759,IE MARIA DE LOS ANGELES CANO MARQUEZ,01,20,amarillo,2,73,184,39.67,9,20,0,0,0,77,0,0,73,0,0,0,0
p0759,IE MARIA DE LOS ANGELES CANO MARQUEZ,01,21,amarillo,2,51,144,35.42,4,6,0,0,0,79,0,0,51,0,0,0,0
p0759,IE MARIA DE LOS ANGELES CANO MARQUEZ,01,22,verde,1,65,144,45.14,8,15,0,0,0,55,0,0,65,0,0,0,0
p0759,IE MARIA DE LOS ANGELES CANO MARQUEZ,01,23,amarillo,2,66,177,37.29,6,17,0,0,0,83,0,0,66,0,0,0,0
p0759,IE MARIA DE LOS ANGELES CANO MARQUEZ,01,24,amarillo,2,60,185,32.43,5,26,0,0,0,90,0,0,60,0,0,0,0
p0759,IE MARIA DE LOS ANGELES CANO MARQUEZ,01,25,rojo,3,1,18,5.56,3,1,0,0,0,13,0,0,1,0,0,0,0
p0760,IE MERCEDITAS GOMEZ MARTINEZ,09,1,verde,1,141,258,54.65,30,11,0,0,0,74,0,0,141,0,0,0,0
p0760,IE MERCEDITAS GOMEZ MARTINEZ,09,2,verde,1,123,248,49.6,24,9,0,0,0,91,0,0,123,0,0,0,0
p0760,IE MERCEDITAS GOMEZ MARTINEZ,09,3,verde,1,130,224,58.04,29,11,0,0,0,51,0,0,130,0,0,0,0
p0760,IE MERCEDITAS GOMEZ MARTINEZ,09,4,verde,1,153,243,62.96,28,6,0,0,0,54,0,0,153,0,0,0,0
p0760,IE MERCEDITAS GOMEZ MARTINEZ,09,5,verde,1,159,248,64.11,17,22,0,0,0,46,0,0,159,0,0,0,0
p0760,IE MERCEDITAS GOMEZ MARTINEZ,09,6,verde,1,169,269,62.83,21,12,0,0,0,62,0,0,169,0,0,0,0
p0760,IE MERCEDITAS GOMEZ MARTINEZ,09,7,verde,1,139,244,56.97,21,18,0,0,0,58,0,0,139,0,0,0,0
p0760,IE MERCEDITAS GOMEZ MARTINEZ,09,8,verde,1,173,254,68.11,24,18,0,0,0,37,0,0,173,0,0,0,0
p0760,IE MERCEDITAS GOMEZ MARTINEZ,09,9,verde,1,162,263,61.6,26,25,0,0,0,42,0,0,162,0,0,0,0
p0760,IE MERCEDITAS GOMEZ MARTINEZ,09,10,verde,1,173,263,65.78,26,23,0,0,0,37,0,0,173,0,0,0,0
p0760,IE MERCEDITAS GOMEZ MARTINEZ,09,11,verde,1,184,272,67.65,19,24,0,0,0,39,0,0,184,0,0,0,0
p0760,IE MERCEDITAS GOMEZ MARTINEZ,09,12,verde,1,146,261,55.94,20,20,0,0,0,73,0,0,146,0,0,0,0
p0760,IE MERCEDITAS GOMEZ MARTINEZ,09,13,verde,1,149,260,57.31,31,13,0,0,0,58,0,0,149,0,0,0,0
p0760,IE MERCEDITAS GOMEZ MARTINEZ,09,14,verde,1,163,261,62.45,24,9,0,0,0,60,0,0,163,0,0,0,0
p0760,IE MERCEDITAS GOMEZ MARTINEZ,09,15,verde,1,146,245,59.59,35,10,0,0,0,48,0,0,146,0,0,0,0
p0760,IE MERCEDITAS GOMEZ MARTINEZ,09,16,verde,1,160,258,62.02,25,5,0,0,0,61,0,0,160,0,0,0,0
p0760,IE MERCEDITAS GOMEZ MARTINEZ,09,17,verde,1,104,234,44.44,10,33,0,0,0,84,0,0,104,0,0,0,0
p0760,IE MERCEDITAS GOMEZ MARTINEZ,09,18,amarillo,2,64,220,29.09,0,47,0,0,0,102,4,0,64,0,0,0,0
p0760,IE MERCEDITAS GOMEZ MARTINEZ,09,19,amarillo,2,64,208,30.77,4,35,0,0,0,104,0,0,64,0,0,0,0
p0760,IE MERCEDITAS GOMEZ MARTINEZ,09,20,verde,1,113,229,49.34,15,24,0,0,0,73,0,0,113,0,0,0,0
p0760,IE MERCEDITAS GOMEZ MARTINEZ,09,21,verde,1,96,214,44.86,13,32,0,0,0,73,0,0,96,0,0,0,0
p0760,IE MERCEDITAS GOMEZ MARTINEZ,09,22,amarillo,2,73,216,33.8,13,35,0,0,0,88,0,0,73,0,0,0,0
p0760,IE MERCEDITAS GOMEZ MARTINEZ,09,23,amarillo,2,83,221,37.56,9,39,0,0,0,87,0,0,83,0,0,0,0
p0760,IE MERCEDITAS GOMEZ MARTINEZ,09,24,verde,1,95,234,40.6,8,42,0,0,0,88,0,0,95,0,0,0,0
p0760,IE MERCEDITAS GOMEZ MARTINEZ,09,25,verde,1,101,251,40.24,17,40,0,0,0,90,0,0,101,0,0,0,0
p0760,IE MERCEDITAS GOMEZ MARTINEZ,09,26,amarillo,2,86,229,37.55,5,20,0,0,0,115,0,0,86,0,0,0,0
p0760,IE MERCEDITAS GOMEZ MARTINEZ,09,27,verde,1,102,219,46.58,13,25,0,0,0,77,0,0,102,0,0,0,0
p0760,IE MERCEDITAS GOMEZ MARTINEZ,09,28,amarillo,2,77,209,36.84,13,28,0,0,0,88,0,0,77,0,0,0,0
p0760,IE MERCEDITAS GOMEZ MARTINEZ,09,29,amarillo,2,43,151,28.48,9,25,0,0,0,70,0,0,43,0,0,0,0
p0761,IE MON GERARDO VALENCIA CANO,07,1,verde,1,164,281,58.36,34,20,0,0,0,62,0,0,164,0,0,0,0
p0761,IE MON GERARDO VALENCIA CANO,07,2,verde,1,187,282,66.31,35,12,0,0,0,45,0,0,187,0,0,0,0
p0761,IE MON GERARDO VALENCIA CANO,07,3,verde,1,181,278,65.11,30,15,0,0,0,49,0,0,181,0,0,0,0
p0761,IE MON GERARDO VALENCIA CANO,07,4,verde,1,180,278,64.75,27,19,0,0,0,48,0,0,180,0,0,0,0
p0761,IE MON GERARDO VALENCIA CANO,07,5,verde,1,168,270,62.22,35,21,0,0,0,43,0,0,168,0,0,0,0
p0761,IE MON GERARDO VALENCIA CANO,07,6,verde,1,187,292,64.04,24,15,0,0,0,59,0,0,187,0,0,0,0
p0761,IE MON GERARDO VALENCIA CANO,07,7,verde,1,193,305,63.28,32,19,0,0,0,59,0,0,193,0,0,0,0
p0761,IE MON GERARDO VALENCIA CANO,07,8,verde,1,116,248,46.77,10,36,0,0,0,83,0,0,116,0,0,0,0
p0761,IE MON GERARDO VALENCIA CANO,07,9,amarillo,2,65,189,34.39,9,36,0,0,0,79,0,0,65,0,0,0,0
p0761,IE MON GERARDO VALENCIA CANO,07,10,verde,1,108,232,46.55,22,36,0,0,0,65,0,0,108,0,0,0,0
p0761,IE MON GERARDO VALENCIA CANO,07,11,verde,1,99,250,39.6,12,57,0,0,0,79,0,0,99,0,0,0,0
p0761,IE MON GERARDO VALENCIA CANO,07,12,verde,1,115,264,43.56,19,37,0,0,0,88,0,0,115,0,0,0,0
p0761,IE MON GERARDO VALENCIA CANO,07,13,verde,1,121,254,47.64,18,36,0,0,0,75,0,0,121,0,0,0,0
p0761,IE MON GERARDO VALENCIA CANO,07,14,verde,1,99,230,43.04,13,47,0,0,0,70,0,0,99,0,0,0,0
p0761,IE MON GERARDO VALENCIA CANO,07,15,amarillo,2,44,118,37.29,9,16,0,0,0,46,0,0,44,0,0,0,0
p0762,IE MONSEÑOR VICTOR WIEDEMANN,80,1,verde,1,181,298,60.74,35,9,0,0,0,67,0,0,181,0,0,0,0
p0762,IE MONSEÑOR VICTOR WIEDEMANN,80,2,verde,1,197,300,65.67,27,18,0,0,0,50,0,0,197,0,0,0,0
p0762,IE MONSEÑOR VICTOR WIEDEMANN,80,3,verde,1,199,303,65.68,26,20,0,0,0,57,0,0,199,0,0,0,0
p0762,IE MONSEÑOR VICTOR WIEDEMANN,80,4,verde,1,208,316,65.82,25,26,0,0,0,54,0,0,208,0,0,0,0
p0762,IE MONSEÑOR VICTOR WIEDEMANN,80,5,verde,1,185,312,59.29,25,32,0,0,0,65,0,0,185,0,0,0,0
p0762,IE MONSEÑOR VICTOR WIEDEMANN,80,6,verde,1,191,314,60.83,25,16,0,0,0,78,0,0,191,0,0,0,0
p0762,IE MONSEÑOR VICTOR WIEDEMANN,80,7,verde,1,133,269,49.44,15,26,0,0,0,89,0,0,133,0,0,0,0
p0762,IE MONSEÑOR VICTOR WIEDEMANN,80,8,amarillo,2,66,223,29.6,6,41,0,0,0,105,0,0,66,0,0,0,0
p0762,IE MONSEÑOR VICTOR WIEDEMANN,80,9,amarillo,2,70,239,29.29,7,44,0,0,0,117,0,0,70,0,0,0,0
p0762,IE MONSEÑOR VICTOR WIEDEMANN,80,10,amarillo,2,69,218,31.65,6,39,0,0,0,100,0,0,69,0,0,0,0
p0762,IE MONSEÑOR VICTOR WIEDEMANN,80,11,amarillo,2,88,235,37.45,7,50,0,0,0,89,0,0,88,0,0,0,0
p0762,IE MONSEÑOR VICTOR WIEDEMANN,80,12,amarillo,2,81,231,35.06,12,38,0,0,0,99,0,0,81,0,0,0,0
p0762,IE MONSEÑOR VICTOR WIEDEMANN,80,13,verde,1,122,282,43.26,10,40,0,0,0,104,0,0,122,0,0,0,0
p0762,IE MONSEÑOR VICTOR WIEDEMANN,80,14,verde,1,113,255,44.31,11,35,0,0,0,91,0,0,113,0,0,0,0
p0762,IE MONSEÑOR VICTOR WIEDEMANN,80,15,amarillo,2,97,239,40.59,10,21,0,0,0,104,0,0,97,0,0,0,0
p0762,IE MONSEÑOR VICTOR WIEDEMANN,80,16,verde,1,116,272,42.65,15,42,0,0,0,96,0,0,116,0,0,0,0
p0762,IE MONSEÑOR VICTOR WIEDEMANN,80,17,amarillo,2,52,145,35.86,2,20,0,0,0,66,0,0,52,0,0,0,0
p0763,IE PEDRO OCTAVIO AMADO,16,1,verde,1,203,298,68.12,25,8,0,0,0,55,0,0,203,0,0,0,0
p0763,IE PEDRO OCTAVIO AMADO,16,2,verde,1,170,283,60.07,23,14,0,0,0,69,0,0,170,0,0,0,0
p0763,IE PEDRO OCTAVIO AMADO,16,3,amarillo,2,89,212,41.98,0,23,0,0,0,92,5,0,89,0,0,0,0
p0763,IE PEDRO OCTAVIO AMADO,16,4,amarillo,2,72,202,35.64,4,29,0,0,0,94,0,0,72,0,0,0,0
p0763,IE PEDRO OCTAVIO AMADO,16,5,verde,1,109,246,44.31,13,24,0,0,0,95,0,0,109,0,0,0,0
p0763,IE PEDRO OCTAVIO AMADO,16,6,amarillo,2,2,7,28.57,1,0,0,0,0,4,0,0,2,0,0,0,0
p0764,"IE RODRIGO LARA BONILLA - SEDE LA
SUSANA",03,1,verde,1,148,229,64.63,26,8,0,0,0,44,0,0,148,0,0,0,0
p0764,"IE RODRIGO LARA BONILLA - SEDE LA
SUSANA",03,2,verde,1,139,225,61.78,31,14,0,0,0,38,0,0,139,0,0,0,0
p0764,"IE RODRIGO LARA BONILLA - SEDE LA
SUSANA",03,3,verde,1,149,240,62.08,26,21,0,0,0,37,0,0,149,0,0,0,0
p0764,"IE RODRIGO LARA BONILLA - SEDE LA
SUSANA",03,4,verde,1,162,251,64.54,25,15,0,0,0,45,0,0,162,0,0,0,0
p0764,"IE RODRIGO LARA BONILLA - SEDE LA
SUSANA",03,5,verde,1,142,238,59.66,21,21,0,0,0,49,0,0,142,0,0,0,0
p0764,"IE RODRIGO LARA BONILLA - SEDE LA
SUSANA",03,6,verde,1,160,259,61.78,29,11,0,0,0,55,0,0,160,0,0,0,0
p0764,"IE RODRIGO LARA BONILLA - SEDE LA
SUSANA",03,7,verde,1,159,243,65.43,19,12,0,0,0,51,0,0,159,0,0,0,0
p0764,"IE RODRIGO LARA BONILLA - SEDE LA
SUSANA",03,8,verde,1,80,168,47.62,0,18,0,0,0,62,4,0,80,0,0,0,0
p0764,"IE RODRIGO LARA BONILLA - SEDE LA
SUSANA",03,9,amarillo,2,61,159,38.36,9,18,0,0,0,69,0,0,61,0,0,0,0
p0764,"IE RODRIGO LARA BONILLA - SEDE LA
SUSANA",03,10,verde,1,83,181,45.86,11,21,0,0,0,64,0,0,83,0,0,0,0
p0764,"IE RODRIGO LARA BONILLA - SEDE LA
SUSANA",03,11,verde,1,91,169,53.85,12,14,0,0,0,48,0,0,91,0,0,0,0
p0764,"IE RODRIGO LARA BONILLA - SEDE LA
SUSANA",03,12,verde,1,81,164,49.39,9,14,0,0,0,53,0,0,81,0,0,0,0
p0764,"IE RODRIGO LARA BONILLA - SEDE LA
SUSANA",03,13,verde,1,77,164,46.95,8,18,0,0,0,57,0,0,77,0,0,0,0
p0764,"IE RODRIGO LARA BONILLA - SEDE LA
SUSANA",03,14,amarillo,2,63,169,37.28,6,24,0,0,0,74,0,0,63,0,0,0,0
p0764,"IE RODRIGO LARA BONILLA - SEDE LA
SUSANA",03,15,amarillo,2,53,154,34.42,9,18,0,0,0,70,0,0,53,0,0,0,0
p0764,"IE RODRIGO LARA BONILLA - SEDE LA
SUSANA",03,16,amarillo,2,89,224,39.73,7,23,0,0,0,103,0,0,89,0,0,0,0
p0764,"IE RODRIGO LARA BONILLA - SEDE LA
SUSANA",03,17,verde,1,83,167,49.7,0,16,0,0,0,62,3,0,83,0,0,0,0
p0764,"IE RODRIGO LARA BONILLA - SEDE LA
SUSANA",03,18,verde,1,93,171,54.39,3,24,0,0,0,48,0,0,93,0,0,0,0
p0764,"IE RODRIGO LARA BONILLA - SEDE LA
SUSANA",03,19,verde,1,78,175,44.57,14,19,0,0,0,61,0,0,78,0,0,0,0
p0764,"IE RODRIGO LARA BONILLA - SEDE LA
SUSANA",03,20,verde,1,68,142,47.89,7,20,0,0,0,46,0,0,68,0,0,0,0
p0764,"IE RODRIGO LARA BONILLA - SEDE LA
SUSANA",03,21,verde,1,81,164,49.39,6,11,0,0,0,66,0,0,81,0,0,0,0
p0764,"IE RODRIGO LARA BONILLA - SEDE LA
SUSANA",03,22,verde,1,72,174,41.38,4,31,0,0,0,60,0,0,72,0,0,0,0
p0764,"IE RODRIGO LARA BONILLA - SEDE LA
SUSANA",03,23,amarillo,2,60,166,36.14,10,21,0,0,0,74,0,0,60,0,0,0,0
p0765,IE SAN ANTONIO DE PRADO,80,1,verde,1,136,209,65.07,32,9,0,0,0,29,0,0,136,0,0,0,0
p0765,IE SAN ANTONIO DE PRADO,80,2,verde,1,142,222,63.96,38,5,0,0,0,33,0,0,142,0,0,0,0
p0765,IE SAN ANTONIO DE PRADO,80,3,verde,1,122,206,59.22,35,7,0,0,0,35,0,0,122,0,0,0,0
p0765,IE SAN ANTONIO DE PRADO,80,4,verde,1,117,205,57.07,18,12,0,0,0,51,0,0,117,0,0,0,0
p0765,IE SAN ANTONIO DE PRADO,80,5,verde,1,143,237,60.34,24,11,0,0,0,49,0,0,143,0,0,0,0
p0765,IE SAN ANTONIO DE PRADO,80,6,verde,1,145,236,61.44,28,7,0,0,0,49,0,0,145,0,0,0,0
p0765,IE SAN ANTONIO DE PRADO,80,7,verde,1,152,247,61.54,36,5,0,0,0,48,0,0,152,0,0,0,0
p0765,IE SAN ANTONIO DE PRADO,80,8,verde,1,132,187,70.59,16,9,0,0,0,26,0,0,132,0,0,0,0
p0765,IE SAN ANTONIO DE PRADO,80,9,verde,1,166,249,66.67,30,14,0,0,0,33,0,0,166,0,0,0,0
p0765,IE SAN ANTONIO DE PRADO,80,10,verde,1,153,248,61.69,39,13,0,0,0,35,0,0,153,0,0,0,0
p0765,IE SAN ANTONIO DE PRADO,80,11,verde,1,153,243,62.96,24,14,0,0,0,48,0,0,153,0,0,0,0
p0765,IE SAN ANTONIO DE PRADO,80,12,verde,1,131,205,63.9,34,6,0,0,0,31,0,0,131,0,0,0,0
p0765,IE SAN ANTONIO DE PRADO,80,13,verde,1,151,224,67.41,25,8,0,0,0,32,0,0,151,0,0,0,0
p0765,IE SAN ANTONIO DE PRADO,80,14,verde,1,145,227,63.88,20,15,0,0,0,45,0,0,145,0,0,0,0
p0765,IE SAN ANTONIO DE PRADO,80,15,verde,1,150,204,73.53,20,8,0,0,0,22,0,0,150,0,0,0,0
p0765,IE SAN ANTONIO DE PRADO,80,16,verde,1,142,218,65.14,20,18,0,0,0,34,0,0,142,0,0,0,0
p0765,IE SAN ANTONIO DE PRADO,80,17,verde,1,138,230,60.0,15,17,0,0,0,53,0,0,138,0,0,0,0
p0765,IE SAN ANTONIO DE PRADO,80,18,verde,1,148,241,61.41,26,19,0,0,0,44,0,0,148,0,0,0,0
p0765,IE SAN ANTONIO DE PRADO,80,19,verde,1,136,226,60.18,34,16,0,0,0,34,0,0,136,0,0,0,0
p0765,IE SAN ANTONIO DE PRADO,80,20,verde,1,155,258,60.08,26,30,0,0,0,43,0,0,155,0,0,0,0
p0765,IE SAN ANTONIO DE PRADO,80,21,verde,1,158,242,65.29,29,16,0,0,0,35,0,0,158,0,0,0,0
p0765,IE SAN ANTONIO DE PRADO,80,22,verde,1,146,292,50.0,23,17,0,0,0,98,0,0,146,0,0,0,0
p0765,IE SAN ANTONIO DE PRADO,80,23,verde,1,145,237,61.18,26,19,0,0,0,43,0,0,145,0,0,0,0
p0765,IE SAN ANTONIO DE PRADO,80,24,verde,1,175,268,65.3,21,25,0,0,0,41,0,0,175,0,0,0,0
p0765,IE SAN ANTONIO DE PRADO,80,25,verde,1,177,262,67.56,17,20,0,0,0,46,0,0,177,0,0,0,0
p0765,IE SAN ANTONIO DE PRADO,80,26,verde,1,166,249,66.67,29,15,0,0,0,29,0,0,166,0,0,0,0
p0765,IE SAN ANTONIO DE PRADO,80,27,verde,1,147,230,63.91,24,21,0,0,0,34,0,0,147,0,0,0,0
p0765,IE SAN ANTONIO DE PRADO,80,28,verde,1,147,259,56.76,33,22,0,0,0,49,0,0,147,0,0,0,0
p0765,IE SAN ANTONIO DE PRADO,80,29,verde,1,150,237,63.29,19,18,0,0,0,47,0,0,150,0,0,0,0
p0765,IE SAN ANTONIO DE PRADO,80,30,verde,1,157,245,64.08,26,16,0,0,0,42,0,0,157,0,0,0,0
p0765,IE SAN ANTONIO DE PRADO,80,31,verde,1,157,265,59.25,19,30,0,0,0,54,0,0,157,0,0,0,0
p0765,IE SAN ANTONIO DE PRADO,80,32,verde,1,169,257,65.76,14,32,0,0,0,38,0,0,169,0,0,0,0
p0765,IE SAN ANTONIO DE PRADO,80,33,verde,1,159,247,64.37,24,7,0,0,0,52,0,0,159,0,0,0,0
p0765,IE SAN ANTONIO DE PRADO,80,34,verde,1,160,267,59.93,25,12,0,0,0,62,0,0,160,0,0,0,0
p0765,IE SAN ANTONIO DE PRADO,80,35,amarillo,2,80,194,41.24,5,25,0,0,0,82,0,0,80,0,0,0,0
p0765,IE SAN ANTONIO DE PRADO,80,36,rojo,6,0,157,0.0,3,25,0,0,0,82,0,0,0,0,0,0,45
p0765,IE SAN ANTONIO DE PRADO,80,37,amarillo,2,52,181,28.73,3,32,0,0,0,93,0,0,52,0,0,0,0
p0765,IE SAN ANTONIO DE PRADO,80,38,amarillo,2,69,178,38.76,9,26,0,0,0,73,0,0,69,0,0,0,0
p0765,IE SAN ANTONIO DE PRADO,80,39,verde,1,111,211,52.61,11,19,0,0,0,62,0,0,111,0,0,0,0
p0765,IE SAN ANTONIO DE PRADO,80,40,verde,1,107,221,48.42,7,17,0,0,0,88,0,0,107,0,0,0,0
p0765,IE SAN ANTONIO DE PRADO,80,41,verde,1,97,226,42.92,16,23,0,0,0,89,0,0,97,0,0,0,0
p0765,IE SAN ANTONIO DE PRADO,80,42,amarillo,2,74,196,37.76,10,19,0,0,0,90,0,0,74,0,0,0,0
p0765,IE SAN ANTONIO DE PRADO,80,43,amarillo,2,72,197,36.55,5,38,0,0,0,81,0,0,72,0,0,0,0
p0765,IE SAN ANTONIO DE PRADO,80,44,amarillo,2,67,224,29.91,10,36,0,0,0,107,0,0,67,0,0,0,0
p0765,IE SAN ANTONIO DE PRADO,80,45,amarillo,2,23,89,25.84,3,12,0,0,0,50,0,0,23,0,0,0,0
p0766,IE SAN CRISTOBAL,60,1,verde,1,97,164,59.15,38,5,0,0,0,19,0,0,97,0,0,0,0
p0766,IE SAN CRISTOBAL,60,2,verde,1,128,217,58.99,28,5,0,0,0,51,0,0,128,0,0,0,0
p0766,IE SAN CRISTOBAL,60,3,verde,1,124,206,60.19,42,5,0,0,0,33,0,0,124,0,0,0,0
p0766,IE SAN CRISTOBAL,60,4,verde,1,146,226,64.6,27,6,0,0,0,41,0,0,146,0,0,0,0
p0766,IE SAN CRISTOBAL,60,5,verde,1,111,168,66.07,23,6,0,0,0,27,0,0,111,0,0,0,0
p0766,IE SAN CRISTOBAL,60,6,verde,1,140,214,65.42,43,11,0,0,0,13,0,0,140,0,0,0,0
p0766,IE SAN CRISTOBAL,60,7,verde,1,126,198,63.64,30,6,0,0,0,30,0,0,126,0,0,0,0
p0766,IE SAN CRISTOBAL,60,8,verde,1,114,191,59.69,30,7,0,0,0,29,0,0,114,0,0,0,0
p0766,IE SAN CRISTOBAL,60,9,verde,1,155,240,64.58,17,18,0,0,0,48,0,0,155,0,0,0,0
p0766,IE SAN CRISTOBAL,60,10,verde,1,118,158,74.68,15,6,0,0,0,16,0,0,118,0,0,0,0
p0766,IE SAN CRISTOBAL,60,11,verde,1,127,206,61.65,28,9,0,0,0,38,0,0,127,0,0,0,0
p0766,IE SAN CRISTOBAL,60,12,verde,1,128,211,60.66,28,15,0,0,0,37,0,0,128,0,0,0,0
p0766,IE SAN CRISTOBAL,60,13,verde,1,113,191,59.16,38,10,0,0,0,27,0,0,113,0,0,0,0
p0766,IE SAN CRISTOBAL,60,14,verde,1,136,213,63.85,25,12,0,0,0,31,0,0,136,0,0,0,0
p0766,IE SAN CRISTOBAL,60,15,verde,1,156,231,67.53,19,16,0,0,0,37,0,0,156,0,0,0,0
p0766,IE SAN CRISTOBAL,60,16,verde,1,133,209,63.64,30,12,0,0,0,29,0,0,133,0,0,0,0
p0766,IE SAN CRISTOBAL,60,17,verde,1,145,205,70.73,19,16,0,0,0,22,0,0,145,0,0,0,0
p0766,IE SAN CRISTOBAL,60,18,verde,1,149,235,63.4,33,15,0,0,0,36,0,0,149,0,0,0,0
p0766,IE SAN CRISTOBAL,60,19,verde,1,151,236,63.98,27,18,0,0,0,30,0,0,151,0,0,0,0
p0766,IE SAN CRISTOBAL,60,20,verde,1,115,218,52.75,27,26,0,0,0,41,0,0,115,0,0,0,0
p0766,IE SAN CRISTOBAL,60,21,verde,1,153,225,68.0,27,16,0,0,0,24,0,0,153,0,0,0,0
p0766,IE SAN CRISTOBAL,60,22,verde,1,149,237,62.87,20,24,0,0,0,43,0,0,149,0,0,0,0
p0766,IE SAN CRISTOBAL,60,23,verde,1,133,218,61.01,39,7,0,0,0,37,0,0,133,0,0,0,0
p0766,IE SAN CRISTOBAL,60,24,verde,1,125,214,58.41,41,10,0,0,0,33,0,0,125,0,0,0,0
p0766,IE SAN CRISTOBAL,60,25,verde,1,136,221,61.54,17,12,0,0,0,51,0,0,136,0,0,0,0
p0766,IE SAN CRISTOBAL,60,26,verde,1,142,220,64.55,17,7,0,0,0,50,0,0,142,0,0,0,0
p0766,IE SAN CRISTOBAL,60,27,amarillo,2,47,144,32.64,9,11,0,0,0,72,0,0,47,0,0,0,0
p0766,IE SAN CRISTOBAL,60,28,amarillo,2,60,154,38.96,4,20,0,0,0,66,0,0,60,0,0,0,0
p0766,IE SAN CRISTOBAL,60,29,verde,1,71,169,42.01,8,17,0,0,0,68,0,0,71,0,0,0,0
p0766,IE SAN CRISTOBAL,60,30,verde,1,75,159,47.17,10,15,0,0,0,52,0,0,75,0,0,0,0
p0766,IE SAN CRISTOBAL,60,31,verde,1,78,179,43.58,0,21,0,0,0,75,3,0,78,0,0,0,0
p0766,IE SAN CRISTOBAL,60,32,amarillo,2,68,189,35.98,10,24,0,0,0,84,0,0,68,0,0,0,0
p0766,IE SAN CRISTOBAL,60,33,amarillo,2,61,163,37.42,11,13,0,0,0,77,0,0,61,0,0,0,0
p0766,IE SAN CRISTOBAL,60,34,amarillo,2,57,152,37.5,7,23,0,0,0,60,0,0,57,0,0,0,0
p0766,IE SAN CRISTOBAL,60,35,amarillo,2,59,160,36.88,9,25,0,0,0,64,0,0,59,0,0,0,0
p0766,IE SAN CRISTOBAL,60,36,amarillo,2,48,157,30.57,8,16,0,0,0,81,0,0,48,0,0,0,0
p0766,IE SAN CRISTOBAL,60,37,verde,1,10,15,66.67,3,1,0,0,0,1,0,0,10,0,0,0,0
p0767,IE SAN JUAN BAUTISTA DE LA SALLE,03,1,verde,1,149,262,56.87,33,8,0,0,0,66,0,0,149,0,0,0,0
p0767,IE SAN JUAN BAUTISTA DE LA SALLE,03,2,verde,1,145,273,53.11,32,24,0,0,0,67,0,0,145,0,0,0,0
p0767,IE SAN JUAN BAUTISTA DE LA SALLE,03,3,verde,1,149,282,52.84,27,20,0,0,0,80,0,0,149,0,0,0,0
p0767,IE SAN JUAN BAUTISTA DE LA SALLE,03,4,verde,1,168,275,61.09,25,10,0,0,0,68,0,0,168,0,0,0,0
p0767,IE SAN JUAN BAUTISTA DE LA SALLE,03,5,amarillo,2,43,168,25.6,7,26,0,0,0,92,0,0,43,0,0,0,0
p0767,IE SAN JUAN BAUTISTA DE LA SALLE,03,6,amarillo,2,54,194,27.84,5,27,0,0,0,105,0,0,54,0,0,0,0
p0767,IE SAN JUAN BAUTISTA DE LA SALLE,03,7,amarillo,2,38,148,25.68,0,19,0,0,0,87,3,0,38,0,0,0,0
p0767,IE SAN JUAN BAUTISTA DE LA SALLE,03,8,verde,1,80,195,41.03,9,27,0,0,0,77,0,0,80,0,0,0,0
p0767,IE SAN JUAN BAUTISTA DE LA SALLE,03,9,amarillo,2,46,179,25.7,8,29,0,0,0,92,0,0,46,0,0,0,0
p0767,IE SAN JUAN BAUTISTA DE LA SALLE,03,10,amarillo,2,52,153,33.99,2,21,0,0,0,77,0,0,52,0,0,0,0
p0767,IE SAN JUAN BAUTISTA DE LA SALLE,03,11,amarillo,2,85,219,38.81,6,28,0,0,0,96,0,0,85,0,0,0,0
p0767,IE SAN JUAN BAUTISTA DE LA SALLE,03,12,amarillo,2,67,196,34.18,9,15,0,0,0,102,0,0,67,0,0,0,0
p0767,IE SAN JUAN BAUTISTA DE LA SALLE,03,13,amarillo,2,66,217,30.41,10,25,0,0,0,114,0,0,66,0,0,0,0
p0767,IE SAN JUAN BAUTISTA DE LA SALLE,03,14,amarillo,2,21,104,20.19,6,16,0,0,0,61,0,0,21,0,0,0,0
p0768,IE YERMO Y PARRES,16,1,verde,1,220,326,67.48,41,17,0,0,0,45,0,0,220,0,0,0,0
p0768,IE YERMO Y PARRES,16,2,verde,1,178,304,58.55,28,28,0,0,0,65,0,0,178,0,0,0,0
p0768,IE YERMO Y PARRES,16,3,verde,1,103,247,41.7,11,58,0,0,0,73,0,0,103,0,0,0,0
p0768,IE YERMO Y PARRES,16,4,verde,1,121,259,46.72,16,52,0,0,0,68,0,0,121,0,0,0,0
p0768,IE YERMO Y PARRES,16,5,verde,1,56,109,51.38,5,14,0,0,0,33,0,0,56,0,0,0,0
p0769,INST.EDUC. LA CANDELARIA,01,1,verde,1,78,161,48.45,33,4,0,0,0,40,0,0,78,0,0,0,0
p0769,INST.EDUC. LA CANDELARIA,01,2,verde,1,84,176,47.73,26,8,0,0,0,51,0,0,84,0,0,0,0
p0769,INST.EDUC. LA CANDELARIA,01,3,verde,1,100,173,57.8,21,9,0,0,0,35,0,0,100,0,0,0,0
p0769,INST.EDUC. LA CANDELARIA,01,4,verde,1,99,182,54.4,25,16,0,0,0,33,0,0,99,0,0,0,0
p0769,INST.EDUC. LA CANDELARIA,01,5,verde,1,110,186,59.14,26,5,0,0,0,36,0,0,110,0,0,0,0
p0769,INST.EDUC. LA CANDELARIA,01,6,verde,1,94,167,56.29,17,13,0,0,0,38,0,0,94,0,0,0,0
p0769,INST.EDUC. LA CANDELARIA,01,7,verde,1,92,187,49.2,20,10,0,0,0,57,0,0,92,0,0,0,0
p0769,INST.EDUC. LA CANDELARIA,01,8,verde,1,88,189,46.56,24,15,0,0,0,51,0,0,88,0,0,0,0
p0769,INST.EDUC. LA CANDELARIA,01,9,verde,1,84,184,45.65,19,13,0,0,0,60,0,0,84,0,0,0,0
p0769,INST.EDUC. LA CANDELARIA,01,10,verde,1,91,188,48.4,23,23,0,0,0,46,0,0,91,0,0,0,0
p0769,INST.EDUC. LA CANDELARIA,01,11,verde,1,104,198,52.53,20,21,0,0,0,47,0,0,104,0,0,0,0
p0769,INST.EDUC. LA CANDELARIA,01,12,verde,1,112,200,56.0,16,12,0,0,0,52,0,0,112,0,0,0,0
p0769,INST.EDUC. LA CANDELARIA,01,13,verde,1,35,82,42.68,9,7,0,0,0,30,0,0,35,0,0,0,0
p0769,INST.EDUC. LA CANDELARIA,01,14,verde,1,41,62,66.13,1,6,0,0,0,13,0,0,41,0,0,0,0
p0769,INST.EDUC. LA CANDELARIA,01,15,verde,1,50,98,51.02,6,13,0,0,0,27,0,0,50,0,0,0,0
p0769,INST.EDUC. LA CANDELARIA,01,16,verde,1,52,83,62.65,2,5,0,0,0,24,0,0,52,0,0,0,0
p0769,INST.EDUC. LA CANDELARIA,01,17,verde,1,81,146,55.48,22,10,0,0,0,30,0,0,81,0,0,0,0
p0769,INST.EDUC. LA CANDELARIA,01,18,verde,1,113,201,56.22,21,6,0,0,0,51,0,0,113,0,0,0,0
p0769,INST.EDUC. LA CANDELARIA,01,19,verde,1,113,191,59.16,23,7,0,0,0,40,0,0,113,0,0,0,0
p0769,INST.EDUC. LA CANDELARIA,01,20,verde,1,103,199,51.76,29,9,0,0,0,53,0,0,103,0,0,0,0
p0769,INST.EDUC. LA CANDELARIA,01,21,verde,1,107,184,58.15,21,6,0,0,0,44,0,0,107,0,0,0,0
p0769,INST.EDUC. LA CANDELARIA,01,22,amarillo,2,27,114,23.68,10,11,0,0,0,64,0,0,27,0,0,0,0
p0769,INST.EDUC. LA CANDELARIA,01,23,amarillo,2,35,112,31.25,10,12,0,0,0,49,0,0,35,0,0,0,0
p0769,INST.EDUC. LA CANDELARIA,01,24,amarillo,2,38,105,36.19,0,11,0,0,0,48,6,0,38,0,0,0,0
p0769,INST.EDUC. LA CANDELARIA,01,25,verde,1,37,77,48.05,3,7,0,0,0,30,0,0,37,0,0,0,0
p0769,INST.EDUC. LA CANDELARIA,01,26,verde,1,55,120,45.83,10,10,0,0,0,41,0,0,55,0,0,0,0
p0769,INST.EDUC. LA CANDELARIA,01,27,verde,1,77,144,53.47,12,8,0,0,0,40,0,0,77,0,0,0,0
p0769,INST.EDUC. LA CANDELARIA,01,28,verde,1,63,127,49.61,7,7,0,0,0,46,0,0,63,0,0,0,0
p0769,INST.EDUC. LA CANDELARIA,01,29,amarillo,2,46,127,36.22,10,6,0,0,0,60,0,0,46,0,0,0,0
p0769,INST.EDUC. LA CANDELARIA,01,30,amarillo,2,47,134,35.07,6,10,0,0,0,68,0,0,47,0,0,0,0
p0769,INST.EDUC. LA CANDELARIA,01,31,amarillo,2,29,116,25.0,5,7,0,0,0,73,0,0,29,0,0,0,0
p0769,INST.EDUC. LA CANDELARIA,01,32,amarillo,2,37,113,32.74,4,20,0,0,0,47,0,0,37,0,0,0,0
p0769,INST.EDUC. LA CANDELARIA,01,33,amarillo,2,53,152,34.87,6,20,0,0,0,69,0,0,53,0,0,0,0
p0769,INST.EDUC. LA CANDELARIA,01,34,verde,1,63,143,44.06,0,13,0,0,0,58,5,0,63,0,0,0,0
p0769,INST.EDUC. LA CANDELARIA,01,35,verde,1,46,115,40.0,10,15,0,0,0,40,0,0,46,0,0,0,0
p0769,INST.EDUC. LA CANDELARIA,01,36,verde,1,57,128,44.53,10,10,0,0,0,45,0,0,57,0,0,0,0
p0769,INST.EDUC. LA CANDELARIA,01,37,verde,1,65,146,44.52,6,20,0,0,0,48,0,0,65,0,0,0,0
p0769,INST.EDUC. LA CANDELARIA,01,38,amarillo,2,44,128,34.38,8,7,0,0,0,66,0,0,44,0,0,0,0
p0769,INST.EDUC. LA CANDELARIA,01,39,amarillo,2,66,156,42.31,5,13,0,0,0,68,0,0,66,0,0,0,0
p0769,INST.EDUC. LA CANDELARIA,01,40,amarillo,2,55,160,34.38,6,18,0,0,0,78,0,0,55,0,0,0,0
p0769,INST.EDUC. LA CANDELARIA,01,41,amarillo,2,36,125,28.8,4,8,0,0,0,76,0,0,36,0,0,0,0
p0769,INST.EDUC. LA CANDELARIA,01,42,amarillo,2,48,147,32.65,8,11,0,0,0,73,0,0,48,0,0,0,0
p0769,INST.EDUC. LA CANDELARIA,01,43,amarillo,2,47,144,32.64,8,12,0,0,0,75,0,0,47,0,0,0,0
p0769,INST.EDUC. LA CANDELARIA,01,44,amarillo,2,27,76,35.53,4,6,0,0,0,37,0,0,27,0,0,0,0
p0770,INST. FERRINI - SD CALASANZ,12,1,verde,1,203,313,64.86,39,5,0,0,0,64,0,0,203,0,0,0,0
p0770,INST. FERRINI - SD CALASANZ,12,2,verde,1,203,310,65.48,33,18,0,0,0,54,0,0,203,0,0,0,0
p0770,INST. FERRINI - SD CALASANZ,12,3,verde,1,222,314,70.7,33,16,0,0,0,42,0,0,222,0,0,0,0
p0770,INST. FERRINI - SD CALASANZ,12,4,verde,1,220,317,69.4,33,17,0,0,0,42,0,0,220,0,0,0,0
p0770,INST. FERRINI - SD CALASANZ,12,5,verde,1,227,316,71.84,23,20,0,0,0,44,0,0,227,0,0,0,0
p0770,INST. FERRINI - SD CALASANZ,12,6,verde,1,206,307,67.1,21,24,0,0,0,55,0,0,206,0,0,0,0
p0770,INST. FERRINI - SD CALASANZ,12,7,verde,1,228,325,70.15,27,12,0,0,0,52,0,0,228,0,0,0,0
p0770,INST. FERRINI - SD CALASANZ,12,8,verde,1,218,318,68.55,14,12,0,0,0,70,0,0,218,0,0,0,0
p0770,INST. FERRINI - SD CALASANZ,12,9,verde,1,106,269,39.41,14,70,0,0,0,76,0,0,106,0,0,0,0
p0770,INST. FERRINI - SD CALASANZ,12,10,verde,1,107,262,40.84,9,43,0,0,0,101,0,0,107,0,0,0,0
p0770,INST. FERRINI - SD CALASANZ,12,11,verde,1,124,275,45.09,16,61,0,0,0,71,0,0,124,0,0,0,0
p0770,INST. FERRINI - SD CALASANZ,12,12,verde,1,119,253,47.04,7,49,0,0,0,74,0,0,119,0,0,0,0
p0770,INST. FERRINI - SD CALASANZ,12,13,verde,1,99,242,40.91,12,58,0,0,0,71,0,0,99,0,0,0,0
p0770,INST. FERRINI - SD CALASANZ,12,14,verde,1,158,296,53.38,23,53,0,0,0,59,0,0,158,0,0,0,0
p0770,INST. FERRINI - SD CALASANZ,12,15,verde,1,131,279,46.95,12,44,0,0,0,91,0,0,131,0,0,0,0
p0770,INST. FERRINI - SD CALASANZ,12,16,amarillo,2,98,276,35.51,12,46,0,0,0,116,0,0,98,0,0,0,0
p0770,INST. FERRINI - SD CALASANZ,12,17,amarillo,2,99,288,34.38,24,61,0,0,0,101,0,0,99,0,0,0,0
p0770,INST. FERRINI - SD CALASANZ,12,18,verde,1,125,263,47.53,19,43,0,0,0,75,0,0,125,0,0,0,0
p0770,INST. FERRINI - SD CALASANZ,12,19,verde,1,120,298,40.27,24,67,0,0,0,86,0,0,120,0,0,0,0
p0770,INST. FERRINI - SD CALASANZ,12,20,verde,1,20,43,46.51,5,3,0,0,0,12,0,0,20,0,0,0,0
p0771,INST. SALESIANO PEDRO JUSTO BERRIO,16,1,verde,1,197,299,65.89,36,20,0,0,0,41,0,0,197,0,0,0,0
p0771,INST. SALESIANO PEDRO JUSTO BERRIO,16,2,verde,1,191,296,64.53,26,18,0,0,0,55,0,0,191,0,0,0,0
p0771,INST. SALESIANO PEDRO JUSTO BERRIO,16,3,verde,1,115,246,46.75,9,60,0,0,0,60,0,0,115,0,0,0,0
p0771,INST. SALESIANO PEDRO JUSTO BERRIO,16,4,verde,1,81,222,36.49,7,69,0,0,0,63,0,0,81,0,0,0,0
p0771,INST. SALESIANO PEDRO JUSTO BERRIO,16,5,verde,1,121,255,47.45,14,46,0,0,0,71,0,0,121,0,0,0,0
p0771,INST. SALESIANO PEDRO JUSTO BERRIO,16,6,verde,1,79,180,43.89,14,27,0,0,0,56,0,0,79,0,0,0,0
p0772,INST. UNIVERSITARIA SALAZAR Y HERRERA,11,1,verde,1,163,279,58.42,16,16,0,0,0,82,0,0,163,0,0,0,0
p0772,INST. UNIVERSITARIA SALAZAR Y HERRERA,11,2,amarillo,2,6,18,33.33,1,4,0,0,0,7,0,0,6,0,0,0,0
p0773,INSTITUCION EDUCATIVA ROSALIA SUAREZ,16,1,verde,1,232,329,70.52,34,11,0,0,0,47,0,0,232,0,0,0,0
p0773,INSTITUCION EDUCATIVA ROSALIA SUAREZ,16,2,verde,1,246,326,75.46,32,14,0,0,0,31,0,0,246,0,0,0,0
p0773,INSTITUCION EDUCATIVA ROSALIA SUAREZ,16,3,verde,1,246,324,75.93,33,10,0,0,0,33,0,0,246,0,0,0,0
p0773,INSTITUCION EDUCATIVA ROSALIA SUAREZ,16,4,verde,1,253,327,77.37,14,20,0,0,0,38,0,0,253,0,0,0,0
p0773,INSTITUCION EDUCATIVA ROSALIA SUAREZ,16,5,verde,1,233,325,71.69,21,16,0,0,0,52,0,0,233,0,0,0,0
p0773,INSTITUCION EDUCATIVA ROSALIA SUAREZ,16,6,verde,1,213,315,67.62,36,8,0,0,0,53,0,0,213,0,0,0,0
p0773,INSTITUCION EDUCATIVA ROSALIA SUAREZ,16,7,verde,1,128,306,41.83,21,48,0,0,0,104,0,0,128,0,0,0,0
p0773,INSTITUCION EDUCATIVA ROSALIA SUAREZ,16,8,verde,1,115,268,42.91,19,60,0,0,0,72,0,0,115,0,0,0,0
p0773,INSTITUCION EDUCATIVA ROSALIA SUAREZ,16,9,verde,1,120,270,44.44,8,77,0,0,0,64,0,0,120,0,0,0,0
p0773,INSTITUCION EDUCATIVA ROSALIA SUAREZ,16,10,verde,1,145,288,50.35,22,44,0,0,0,75,0,0,145,0,0,0,0
p0773,INSTITUCION EDUCATIVA ROSALIA SUAREZ,16,11,amarillo,2,101,279,36.2,11,54,0,0,0,110,0,0,101,0,0,0,0
p0773,INSTITUCION EDUCATIVA ROSALIA SUAREZ,16,12,verde,1,120,278,43.17,18,48,0,0,0,90,0,0,120,0,0,0,0
p0773,INSTITUCION EDUCATIVA ROSALIA SUAREZ,16,13,verde,1,92,176,52.27,15,28,0,0,0,41,0,0,92,0,0,0,0
p0774,INSTITUTO FERRINI - SEDE ROBLEDO,07,1,verde,1,166,296,56.08,24,12,0,0,0,89,0,0,166,0,0,0,0
p0774,INSTITUTO FERRINI - SEDE ROBLEDO,07,2,verde,1,177,285,62.11,25,12,0,0,0,68,0,0,177,0,0,0,0
p0774,INSTITUTO FERRINI - SEDE ROBLEDO,07,3,verde,1,178,287,62.02,33,14,0,0,0,58,0,0,178,0,0,0,0
p0774,INSTITUTO FERRINI - SEDE ROBLEDO,07,4,verde,1,189,300,63.0,31,17,0,0,0,60,0,0,189,0,0,0,0
p0774,INSTITUTO FERRINI - SEDE ROBLEDO,07,5,verde,1,183,293,62.46,35,12,0,0,0,58,0,0,183,0,0,0,0
p0774,INSTITUTO FERRINI - SEDE ROBLEDO,07,6,verde,1,200,293,68.26,23,19,0,0,0,50,0,0,200,0,0,0,0
p0774,INSTITUTO FERRINI - SEDE ROBLEDO,07,7,verde,1,208,296,70.27,20,24,0,0,0,42,0,0,208,0,0,0,0
p0774,INSTITUTO FERRINI - SEDE ROBLEDO,07,8,verde,1,190,291,65.29,21,23,0,0,0,52,0,0,190,0,0,0,0
p0774,INSTITUTO FERRINI - SEDE ROBLEDO,07,9,verde,1,167,289,57.79,23,21,0,0,0,75,0,0,167,0,0,0,0
p0774,INSTITUTO FERRINI - SEDE ROBLEDO,07,10,verde,1,215,305,70.49,26,9,0,0,0,52,0,0,215,0,0,0,0
p0774,INSTITUTO FERRINI - SEDE ROBLEDO,07,11,verde,1,199,294,67.69,21,13,0,0,0,57,0,0,199,0,0,0,0
p0774,INSTITUTO FERRINI - SEDE ROBLEDO,07,12,verde,1,192,297,64.65,14,11,0,0,0,76,0,0,192,0,0,0,0
p0774,INSTITUTO FERRINI - SEDE ROBLEDO,07,13,verde,1,74,190,38.95,2,42,0,0,0,71,0,0,74,0,0,0,0
p0774,INSTITUTO FERRINI - SEDE ROBLEDO,07,14,verde,1,75,173,43.35,5,30,0,0,0,60,0,0,75,0,0,0,0
p0774,INSTITUTO FERRINI - SEDE ROBLEDO,07,15,amarillo,2,52,193,26.94,7,45,0,0,0,86,0,0,52,0,0,0,0
p0774,INSTITUTO FERRINI - SEDE ROBLEDO,07,16,amarillo,2,66,187,35.29,5,32,0,0,0,82,0,0,66,0,0,0,0
p0774,INSTITUTO FERRINI - SEDE ROBLEDO,07,17,amarillo,2,56,186,30.11,5,40,0,0,0,83,0,0,56,0,0,0,0
p0774,INSTITUTO FERRINI - SEDE ROBLEDO,07,18,amarillo,2,58,187,31.02,12,31,0,0,0,86,0,0,58,0,0,0,0
p0774,INSTITUTO FERRINI - SEDE ROBLEDO,07,19,amarillo,2,59,189,31.22,7,33,0,0,0,89,0,0,59,0,0,0,0
p0774,INSTITUTO FERRINI - SEDE ROBLEDO,07,20,amarillo,2,52,180,28.89,7,33,0,0,0,85,0,0,52,0,0,0,0
p0774,INSTITUTO FERRINI - SEDE ROBLEDO,07,21,amarillo,2,59,171,34.5,4,36,0,0,0,69,0,0,59,0,0,0,0
p0774,INSTITUTO FERRINI - SEDE ROBLEDO,07,22,verde,1,108,218,49.54,6,29,0,0,0,73,0,0,108,0,0,0,0
p0774,INSTITUTO FERRINI - SEDE ROBLEDO,07,23,amarillo,2,73,199,36.68,5,36,0,0,0,82,0,0,73,0,0,0,0
p0774,INSTITUTO FERRINI - SEDE ROBLEDO,07,24,verde,1,90,221,40.72,6,34,0,0,0,85,0,0,90,0,0,0,0
p0774,INSTITUTO FERRINI - SEDE ROBLEDO,07,25,amarillo,2,56,173,32.37,7,35,0,0,0,72,0,0,56,0,0,0,0
p0774,INSTITUTO FERRINI - SEDE ROBLEDO,07,26,verde,1,79,176,44.89,6,36,0,0,0,53,0,0,79,0,0,0,0
p0774,INSTITUTO FERRINI - SEDE ROBLEDO,07,27,verde,1,78,213,36.62,7,49,0,0,0,77,0,0,78,0,0,0,0
p0774,INSTITUTO FERRINI - SEDE ROBLEDO,07,28,verde,1,88,197,44.67,10,21,0,0,0,73,0,0,88,0,0,0,0
p0774,INSTITUTO FERRINI - SEDE ROBLEDO,07,29,verde,1,130,267,48.69,13,27,0,0,0,96,0,0,130,0,0,0,0
p0774,INSTITUTO FERRINI - SEDE ROBLEDO,07,30,verde,1,108,256,42.19,13,41,0,0,0,93,0,0,108,0,0,0,0
p0774,INSTITUTO FERRINI - SEDE ROBLEDO,07,31,amarillo,2,78,205,38.05,11,30,0,0,0,81,0,0,78,0,0,0,0
p0774,INSTITUTO FERRINI - SEDE ROBLEDO,07,32,amarillo,2,80,222,36.04,7,28,0,0,0,104,0,0,80,0,0,0,0
p0774,INSTITUTO FERRINI - SEDE ROBLEDO,07,33,amarillo,2,71,221,32.13,12,20,0,0,0,115,0,0,71,0,0,0,0
p0774,INSTITUTO FERRINI - SEDE ROBLEDO,07,34,verde,1,99,239,41.42,10,36,0,0,0,91,0,0,99,0,0,0,0
p0774,INSTITUTO FERRINI - SEDE ROBLEDO,07,35,verde,1,115,239,48.12,11,31,0,0,0,76,0,0,115,0,0,0,0
p0774,INSTITUTO FERRINI - SEDE ROBLEDO,07,36,verde,1,106,251,42.23,10,38,0,0,0,92,0,0,106,0,0,0,0
p0774,INSTITUTO FERRINI - SEDE ROBLEDO,07,37,amarillo,2,81,229,35.37,10,45,0,0,0,89,0,0,81,0,0,0,0
p0774,INSTITUTO FERRINI - SEDE ROBLEDO,07,38,amarillo,2,69,210,32.86,9,24,0,0,0,106,0,0,69,0,0,0,0
p0774,INSTITUTO FERRINI - SEDE ROBLEDO,07,39,verde,1,51,132,38.64,6,22,0,0,0,49,0,0,51,0,0,0,0
p0775,INSTITUTO JORGE ROBLEDO,11,1,verde,1,153,253,60.47,41,12,0,0,0,44,0,0,153,0,0,0,0
p0775,INSTITUTO JORGE ROBLEDO,11,2,verde,1,151,269,56.13,46,13,0,0,0,57,0,0,151,0,0,0,0
p0775,INSTITUTO JORGE ROBLEDO,11,3,verde,1,175,257,68.09,37,5,0,0,0,38,0,0,175,0,0,0,0
p0775,INSTITUTO JORGE ROBLEDO,11,4,verde,1,176,255,69.02,30,14,0,0,0,34,0,0,176,0,0,0,0
p0775,INSTITUTO JORGE ROBLEDO,11,5,verde,1,170,267,63.67,34,16,0,0,0,46,0,0,170,0,0,0,0
p0775,INSTITUTO JORGE ROBLEDO,11,6,verde,1,201,290,69.31,36,7,0,0,0,44,0,0,201,0,0,0,0
p0775,INSTITUTO JORGE ROBLEDO,11,7,verde,1,173,285,60.7,37,15,0,0,0,53,0,0,173,0,0,0,0
p0775,INSTITUTO JORGE ROBLEDO,11,8,verde,1,180,288,62.5,42,16,0,0,0,46,0,0,180,0,0,0,0
p0775,INSTITUTO JORGE ROBLEDO,11,9,verde,1,175,287,60.98,38,20,0,0,0,51,0,0,175,0,0,0,0
p0775,INSTITUTO JORGE ROBLEDO,11,10,verde,1,182,276,65.94,30,17,0,0,0,47,0,0,182,0,0,0,0
p0775,INSTITUTO JORGE ROBLEDO,11,11,verde,1,165,279,59.14,37,17,0,0,0,52,0,0,165,0,0,0,0
p0775,INSTITUTO JORGE ROBLEDO,11,12,verde,1,146,275,53.09,37,23,0,0,0,66,0,0,146,0,0,0,0
p0775,INSTITUTO JORGE ROBLEDO,11,13,verde,1,192,287,66.9,24,15,0,0,0,54,0,0,192,0,0,0,0
p0775,INSTITUTO JORGE ROBLEDO,11,14,verde,1,174,273,63.74,32,18,0,0,0,48,0,0,174,0,0,0,0
p0775,INSTITUTO JORGE ROBLEDO,11,15,verde,1,170,272,62.5,44,9,0,0,0,48,0,0,170,0,0,0,0
p0775,INSTITUTO JORGE ROBLEDO,11,16,verde,1,164,298,55.03,36,21,0,0,0,73,0,0,164,0,0,0,0
p0775,INSTITUTO JORGE ROBLEDO,11,17,verde,1,137,260,52.69,21,37,0,0,0,60,0,0,137,0,0,0,0
p0775,INSTITUTO JORGE ROBLEDO,11,18,amarillo,2,69,248,27.82,9,57,0,0,0,109,0,0,69,0,0,0,0
p0775,INSTITUTO JORGE ROBLEDO,11,19,verde,1,102,217,47.0,24,25,0,0,0,65,0,0,102,0,0,0,0
p0775,INSTITUTO JORGE ROBLEDO,11,20,verde,1,90,246,36.59,16,60,0,0,0,73,0,0,90,0,0,0,0
p0775,INSTITUTO JORGE ROBLEDO,11,21,verde,1,105,272,38.6,26,57,0,0,0,82,0,0,105,0,0,0,0
p0775,INSTITUTO JORGE ROBLEDO,11,22,amarillo,2,65,239,27.2,24,41,0,0,0,107,0,0,65,0,0,0,0
p0775,INSTITUTO JORGE ROBLEDO,11,23,verde,1,129,211,61.14,16,18,0,0,0,47,0,0,129,0,0,0,0
p0775,INSTITUTO JORGE ROBLEDO,11,24,verde,1,118,237,49.79,17,41,0,0,0,60,0,0,118,0,0,0,0
p0775,INSTITUTO JORGE ROBLEDO,11,25,verde,1,62,170,36.47,12,43,0,0,0,53,0,0,62,0,0,0,0
p0776,INSTITUTO SAN CARLOS,16,1,verde,1,201,290,69.31,42,11,0,0,0,35,0,0,201,0,0,0,0
p0776,INSTITUTO SAN CARLOS,16,2,verde,1,219,302,72.52,32,9,0,0,0,40,0,0,219,0,0,0,0
p0776,INSTITUTO SAN CARLOS,16,3,verde,1,209,277,75.45,28,10,0,0,0,28,0,0,209,0,0,0,0
p0776,INSTITUTO SAN CARLOS,16,4,verde,1,223,288,77.43,29,10,0,0,0,26,0,0,223,0,0,0,0
p0776,INSTITUTO SAN CARLOS,16,5,verde,1,213,279,76.34,24,14,0,0,0,25,0,0,213,0,0,0,0
p0776,INSTITUTO SAN CARLOS,16,6,verde,1,242,299,80.94,30,9,0,0,0,17,0,0,242,0,0,0,0
p0776,INSTITUTO SAN CARLOS,16,7,verde,1,249,317,78.55,27,15,0,0,0,24,0,0,249,0,0,0,0
p0776,INSTITUTO SAN CARLOS,16,8,verde,1,218,298,73.15,30,18,0,0,0,31,0,0,218,0,0,0,0
p0776,INSTITUTO SAN CARLOS,16,9,verde,1,250,314,79.62,39,9,0,0,0,15,0,0,250,0,0,0,0
p0776,INSTITUTO SAN CARLOS,16,10,verde,1,232,295,78.64,30,9,0,0,0,23,0,0,232,0,0,0,0
p0776,INSTITUTO SAN CARLOS,16,11,verde,1,223,288,77.43,29,17,0,0,0,17,0,0,223,0,0,0,0
p0776,INSTITUTO SAN CARLOS,16,12,verde,1,202,285,70.88,39,24,0,0,0,19,0,0,202,0,0,0,0
p0776,INSTITUTO SAN CARLOS,16,13,verde,1,219,277,79.06,29,12,0,0,0,15,0,0,219,0,0,0,0
p0776,INSTITUTO SAN CARLOS,16,14,verde,1,201,298,67.45,37,24,0,0,0,33,0,0,201,0,0,0,0
p0776,INSTITUTO SAN CARLOS,16,15,verde,1,239,314,76.11,36,4,0,0,0,33,0,0,239,0,0,0,0
p0776,INSTITUTO SAN CARLOS,16,16,verde,1,222,308,72.08,32,14,0,0,0,38,0,0,222,0,0,0,0
p0776,INSTITUTO SAN CARLOS,16,17,verde,1,236,302,78.15,29,5,0,0,0,28,0,0,236,0,0,0,0
p0776,INSTITUTO SAN CARLOS,16,18,verde,1,215,291,73.88,29,13,0,0,0,33,0,0,215,0,0,0,0
p0776,INSTITUTO SAN CARLOS,16,19,verde,1,222,300,74.0,29,16,0,0,0,32,0,0,222,0,0,0,0
p0776,INSTITUTO SAN CARLOS,16,20,verde,1,123,240,51.25,13,59,0,0,0,45,0,0,123,0,0,0,0
p0776,INSTITUTO SAN CARLOS,16,21,verde,1,116,217,53.46,20,34,0,0,0,44,0,0,116,0,0,0,0
p0776,INSTITUTO SAN CARLOS,16,22,verde,1,123,241,51.04,27,46,0,0,0,41,0,0,123,0,0,0,0
p0776,INSTITUTO SAN CARLOS,16,23,verde,1,154,275,56.0,30,56,0,0,0,31,0,0,154,0,0,0,0
p0776,INSTITUTO SAN CARLOS,16,24,verde,1,150,266,56.39,27,45,0,0,0,41,0,0,150,0,0,0,0
p0776,INSTITUTO SAN CARLOS,16,25,verde,1,169,258,65.5,20,40,0,0,0,28,0,0,169,0,0,0,0
p0776,INSTITUTO SAN CARLOS,16,26,verde,1,142,248,57.26,23,48,0,0,0,33,0,0,142,0,0,0,0
p0776,INSTITUTO SAN CARLOS,16,27,verde,1,140,242,57.85,31,37,0,0,0,34,0,0,140,0,0,0,0
p0776,INSTITUTO SAN CARLOS,16,28,verde,1,142,260,54.62,23,53,0,0,0,40,0,0,142,0,0,0,0
p0776,INSTITUTO SAN CARLOS,16,29,verde,1,135,255,52.94,14,76,0,0,0,27,0,0,135,0,0,0,0
p0776,INSTITUTO SAN CARLOS,16,30,verde,1,46,84,54.76,9,20,0,0,0,7,0,0,46,0,0,0,0
p0777,ITM CASTILLA,05,1,verde,1,148,233,63.52,30,9,0,0,0,38,0,0,148,0,0,0,0
p0777,ITM CASTILLA,05,2,verde,1,159,250,63.6,23,7,0,0,0,56,0,0,159,0,0,0,0
p0777,ITM CASTILLA,05,3,verde,1,145,235,61.7,26,11,0,0,0,48,0,0,145,0,0,0,0
p0777,ITM CASTILLA,05,4,verde,1,153,240,63.75,31,16,0,0,0,37,0,0,153,0,0,0,0
p0777,ITM CASTILLA,05,5,verde,1,169,242,69.83,16,17,0,0,0,38,0,0,169,0,0,0,0
p0777,ITM CASTILLA,05,6,verde,1,172,255,67.45,28,6,0,0,0,40,0,0,172,0,0,0,0
p0777,ITM CASTILLA,05,7,verde,1,160,249,64.26,25,12,0,0,0,49,0,0,160,0,0,0,0
p0777,ITM CASTILLA,05,8,verde,1,169,267,63.3,27,22,0,0,0,44,0,0,169,0,0,0,0
p0777,ITM CASTILLA,05,9,verde,1,169,259,65.25,21,15,0,0,0,51,0,0,169,0,0,0,0
p0777,ITM CASTILLA,05,10,verde,1,175,263,66.54,24,16,0,0,0,41,0,0,175,0,0,0,0
p0777,ITM CASTILLA,05,11,verde,1,173,264,65.53,18,17,0,0,0,48,0,0,173,0,0,0,0
p0777,ITM CASTILLA,05,12,verde,1,155,258,60.08,21,24,0,0,0,53,0,0,155,0,0,0,0
p0777,ITM CASTILLA,05,13,verde,1,136,232,58.62,16,22,0,0,0,57,0,0,136,0,0,0,0
p0777,ITM CASTILLA,05,14,verde,1,156,264,59.09,34,8,0,0,0,64,0,0,156,0,0,0,0
p0777,ITM CASTILLA,05,15,verde,1,162,258,62.79,10,15,0,0,0,64,0,0,162,0,0,0,0
p0777,ITM CASTILLA,05,16,verde,1,162,263,61.6,25,9,0,0,0,59,0,0,162,0,0,0,0
p0777,ITM CASTILLA,05,17,verde,1,159,271,58.67,23,13,0,0,0,65,0,0,159,0,0,0,0
p0777,ITM CASTILLA,05,18,verde,1,184,283,65.02,15,7,0,0,0,71,0,0,184,0,0,0,0
p0777,ITM CASTILLA,05,19,verde,1,166,268,61.94,23,19,0,0,0,50,0,0,166,0,0,0,0
p0777,ITM CASTILLA,05,20,amarillo,2,57,195,29.23,9,41,0,0,0,86,0,0,57,0,0,0,0
p0777,ITM CASTILLA,05,21,amarillo,2,56,204,27.45,5,44,0,0,0,96,0,0,56,0,0,0,0
p0777,ITM CASTILLA,05,22,amarillo,2,66,184,35.87,9,32,0,0,0,75,0,0,66,0,0,0,0
p0777,ITM CASTILLA,05,23,amarillo,2,67,198,33.84,3,29,0,0,0,98,0,0,67,0,0,0,0
p0777,ITM CASTILLA,05,24,amarillo,2,67,186,36.02,11,32,0,0,0,71,0,0,67,0,0,0,0
p0777,ITM CASTILLA,05,25,verde,1,99,175,56.57,10,16,0,0,0,43,0,0,99,0,0,0,0
p0777,ITM CASTILLA,05,26,verde,1,99,177,55.93,10,13,0,0,0,51,0,0,99,0,0,0,0
p0777,ITM CASTILLA,05,27,verde,1,78,179,43.58,11,25,0,0,0,62,0,0,78,0,0,0,0
p0777,ITM CASTILLA,05,28,amarillo,2,45,185,24.32,15,30,0,0,0,91,0,0,45,0,0,0,0
p0777,ITM CASTILLA,05,29,amarillo,2,49,181,27.07,8,43,0,0,0,78,0,0,49,0,0,0,0
p0777,ITM CASTILLA,05,30,amarillo,2,71,218,32.57,8,38,0,0,0,96,0,0,71,0,0,0,0
p0777,ITM CASTILLA,05,31,verde,1,97,251,38.65,9,44,0,0,0,97,0,0,97,0,0,0,0
p0777,ITM CASTILLA,05,32,verde,1,82,196,41.84,6,35,0,0,0,72,0,0,82,0,0,0,0
p0777,ITM CASTILLA,05,33,amarillo,2,83,222,37.39,9,35,0,0,0,89,0,0,83,0,0,0,0
p0777,ITM CASTILLA,05,34,verde,1,123,258,47.67,13,28,0,0,0,91,0,0,123,0,0,0,0
p0777,ITM CASTILLA,05,35,amarillo,2,82,228,35.96,10,33,0,0,0,99,0,0,82,0,0,0,0
p0777,ITM CASTILLA,05,36,amarillo,2,70,201,34.83,7,22,0,0,0,100,0,0,70,0,0,0,0
p0777,ITM CASTILLA,05,37,verde,1,102,227,44.93,12,15,0,0,0,94,0,0,102,0,0,0,0
p0777,ITM CASTILLA,05,38,verde,1,95,168,56.55,5,13,0,0,0,54,0,0,95,0,0,0,0
p0777,ITM CASTILLA,05,39,verde,1,101,186,54.3,6,12,0,0,0,65,0,0,101,0,0,0,0
p0777,ITM CASTILLA,05,40,verde,1,116,198,58.59,8,14,0,0,0,58,0,0,116,0,0,0,0
p0777,ITM CASTILLA,05,41,verde,1,106,197,53.81,11,24,0,0,0,55,0,0,106,0,0,0,0
p0777,ITM CASTILLA,05,42,verde,1,87,178,48.88,13,15,0,0,0,61,0,0,87,0,0,0,0
p0777,ITM CASTILLA,05,43,verde,1,90,197,45.69,12,26,0,0,0,66,0,0,90,0,0,0,0
p0777,ITM CASTILLA,05,44,verde,1,93,198,46.97,15,18,0,0,0,68,0,0,93,0,0,0,0
p0777,ITM CASTILLA,05,45,verde,1,89,206,43.2,11,34,0,0,0,66,0,0,89,0,0,0,0
p0777,ITM CASTILLA,05,46,amarillo,2,81,207,39.13,5,27,0,0,0,89,0,0,81,0,0,0,0
p0777,ITM CASTILLA,05,47,amarillo,2,56,178,31.46,9,22,0,0,0,88,0,0,56,0,0,0,0
p0777,ITM CASTILLA,05,48,amarillo,2,68,181,37.57,7,27,0,0,0,74,0,0,68,0,0,0,0
p0777,ITM CASTILLA,05,49,amarillo,2,16,45,35.56,4,4,0,0,0,20,0,0,16,0,0,0,0
p0778,LICEO SALAZAR Y HERRERA,12,1,verde,1,215,308,69.81,25,8,0,0,0,56,0,0,215,0,0,0,0
p0778,LICEO SALAZAR Y HERRERA,12,2,verde,1,238,314,75.8,25,9,0,0,0,40,0,0,238,0,0,0,0
p0778,LICEO SALAZAR Y HERRERA,12,3,verde,1,218,307,71.01,35,16,0,0,0,37,0,0,218,0,0,0,0
p0778,LICEO SALAZAR Y HERRERA,12,4,verde,1,253,324,78.09,33,7,0,0,0,28,0,0,253,0,0,0,0
p0778,LICEO SALAZAR Y HERRERA,12,5,verde,1,234,320,73.12,29,21,0,0,0,34,0,0,234,0,0,0,0
p0778,LICEO SALAZAR Y HERRERA,12,6,verde,1,235,316,74.37,35,11,0,0,0,34,0,0,235,0,0,0,0
p0778,LICEO SALAZAR Y HERRERA,12,7,verde,1,237,306,77.45,30,16,0,0,0,23,0,0,237,0,0,0,0
p0778,LICEO SALAZAR Y HERRERA,12,8,verde,1,213,289,73.7,30,15,0,0,0,30,0,0,213,0,0,0,0
p0778,LICEO SALAZAR Y HERRERA,12,9,verde,1,216,286,75.52,35,11,0,0,0,24,0,0,216,0,0,0,0
p0778,LICEO SALAZAR Y HERRERA,12,10,verde,1,203,277,73.29,24,22,0,0,0,24,0,0,203,0,0,0,0
p0778,LICEO SALAZAR Y HERRERA,12,11,verde,1,183,291,62.89,40,19,0,0,0,48,0,0,183,0,0,0,0
p0778,LICEO SALAZAR Y HERRERA,12,12,verde,1,229,296,77.36,28,3,0,0,0,36,0,0,229,0,0,0,0
p0778,LICEO SALAZAR Y HERRERA,12,13,verde,1,210,282,74.47,29,5,0,0,0,36,0,0,210,0,0,0,0
p0778,LICEO SALAZAR Y HERRERA,12,14,verde,1,203,286,70.98,29,7,0,0,0,46,0,0,203,0,0,0,0
p0778,LICEO SALAZAR Y HERRERA,12,15,verde,1,197,278,70.86,24,11,0,0,0,43,0,0,197,0,0,0,0
p0778,LICEO SALAZAR Y HERRERA,12,16,verde,1,206,282,73.05,23,5,0,0,0,48,0,0,206,0,0,0,0
p0778,LICEO SALAZAR Y HERRERA,12,17,verde,1,223,290,76.9,26,3,0,0,0,35,0,0,223,0,0,0,0
p0778,LICEO SALAZAR Y HERRERA,12,18,verde,1,202,268,75.37,29,14,0,0,0,23,0,0,202,0,0,0,0
p0778,LICEO SALAZAR Y HERRERA,12,19,verde,1,209,300,69.67,26,14,0,0,0,49,0,0,209,0,0,0,0
p0778,LICEO SALAZAR Y HERRERA,12,20,verde,1,227,299,75.92,18,11,0,0,0,39,0,0,227,0,0,0,0
p0778,LICEO SALAZAR Y HERRERA,12,21,verde,1,178,276,64.49,25,24,0,0,0,47,0,0,178,0,0,0,0
p0778,LICEO SALAZAR Y HERRERA,12,22,verde,1,113,264,42.8,15,73,0,0,0,61,0,0,113,0,0,0,0
p0778,LICEO SALAZAR Y HERRERA,12,23,verde,1,108,279,38.71,15,81,0,0,0,72,0,0,108,0,0,0,0
p0778,LICEO SALAZAR Y HERRERA,12,24,verde,1,110,251,43.82,13,60,0,0,0,66,0,0,110,0,0,0,0
p0778,LICEO SALAZAR Y HERRERA,12,25,verde,1,143,251,56.97,18,32,0,0,0,54,0,0,143,0,0,0,0
p0778,LICEO SALAZAR Y HERRERA,12,26,verde,1,109,244,44.67,17,59,0,0,0,59,0,0,109,0,0,0,0
p0778,LICEO SALAZAR Y HERRERA,12,27,verde,1,148,285,51.93,16,53,0,0,0,64,0,0,148,0,0,0,0
p0778,LICEO SALAZAR Y HERRERA,12,28,verde,1,119,272,43.75,18,77,0,0,0,53,0,0,119,0,0,0,0
p0778,LICEO SALAZAR Y HERRERA,12,29,verde,1,140,277,50.54,13,51,0,0,0,71,0,0,140,0,0,0,0
p0778,LICEO SALAZAR Y HERRERA,12,30,verde,1,143,289,49.48,15,61,0,0,0,68,0,0,143,0,0,0,0
p0778,LICEO SALAZAR Y HERRERA,12,31,verde,1,153,297,51.52,30,59,0,0,0,53,0,0,153,0,0,0,0
p0778,LICEO SALAZAR Y HERRERA,12,32,verde,1,113,273,41.39,12,36,0,0,0,107,0,0,113,0,0,0,0
p0778,LICEO SALAZAR Y HERRERA,12,33,verde,1,114,267,42.7,10,43,0,0,0,96,0,0,114,0,0,0,0
p0778,LICEO SALAZAR Y HERRERA,12,34,verde,1,144,241,59.75,15,38,0,0,0,42,0,0,144,0,0,0,0
p0778,LICEO SALAZAR Y HERRERA,12,35,verde,1,152,270,56.3,15,34,0,0,0,64,0,0,152,0,0,0,0
p0778,LICEO SALAZAR Y HERRERA,12,36,verde,1,158,270,58.52,20,36,0,0,0,54,0,0,158,0,0,0,0
p0778,LICEO SALAZAR Y HERRERA,12,37,verde,1,141,243,58.02,14,40,0,0,0,48,0,0,141,0,0,0,0
p0778,LICEO SALAZAR Y HERRERA,12,38,verde,1,132,263,50.19,19,51,0,0,0,59,0,0,132,0,0,0,0
p0778,LICEO SALAZAR Y HERRERA,12,39,verde,1,141,270,52.22,18,49,0,0,0,55,0,0,141,0,0,0,0
p0778,LICEO SALAZAR Y HERRERA,12,40,verde,1,66,144,45.83,8,30,0,0,0,40,0,0,66,0,0,0,0
p0779,LICEO SAN RAFAEL,16,1,verde,1,200,297,67.34,38,13,0,0,0,41,0,0,200,0,0,0,0
p0779,LICEO SAN RAFAEL,16,2,verde,1,197,297,66.33,29,10,0,0,0,60,0,0,197,0,0,0,0
p0779,LICEO SAN RAFAEL,16,3,verde,1,216,281,76.87,30,8,0,0,0,26,0,0,216,0,0,0,0
p0779,LICEO SAN RAFAEL,16,4,verde,1,212,275,77.09,20,10,0,0,0,31,0,0,212,0,0,0,0
p0779,LICEO SAN RAFAEL,16,5,verde,1,196,288,68.06,30,16,0,0,0,46,0,0,196,0,0,0,0
p0779,LICEO SAN RAFAEL,16,6,verde,1,207,297,69.7,38,18,0,0,0,34,0,0,207,0,0,0,0
p0779,LICEO SAN RAFAEL,16,7,verde,1,234,308,75.97,30,16,0,0,0,24,0,0,234,0,0,0,0
p0779,LICEO SAN RAFAEL,16,8,verde,1,232,301,77.08,22,15,0,0,0,28,0,0,232,0,0,0,0
p0779,LICEO SAN RAFAEL,16,9,verde,1,211,290,72.76,17,16,0,0,0,45,0,0,211,0,0,0,0
p0779,LICEO SAN RAFAEL,16,10,verde,1,208,313,66.45,25,14,0,0,0,62,0,0,208,0,0,0,0
p0779,LICEO SAN RAFAEL,16,11,verde,1,203,293,69.28,22,6,0,0,0,61,0,0,203,0,0,0,0
p0779,LICEO SAN RAFAEL,16,12,verde,1,164,276,59.42,20,37,0,0,0,53,0,0,164,0,0,0,0
p0779,LICEO SAN RAFAEL,16,13,verde,1,93,241,38.59,19,68,0,0,0,56,0,0,93,0,0,0,0
p0779,LICEO SAN RAFAEL,16,14,verde,1,106,255,41.57,13,48,0,0,0,83,0,0,106,0,0,0,0
p0779,LICEO SAN RAFAEL,16,15,verde,1,105,235,44.68,17,47,0,0,0,62,0,0,105,0,0,0,0
p0779,LICEO SAN RAFAEL,16,16,verde,1,116,256,45.31,26,41,0,0,0,69,0,0,116,0,0,0,0
p0779,LICEO SAN RAFAEL,16,17,verde,1,106,255,41.57,22,46,0,0,0,77,0,0,106,0,0,0,0
p0779,LICEO SAN RAFAEL,16,18,verde,1,114,259,44.02,22,42,0,0,0,78,0,0,114,0,0,0,0
p0779,LICEO SAN RAFAEL,16,19,verde,1,123,269,45.72,17,51,0,0,0,75,0,0,123,0,0,0,0
p0779,LICEO SAN RAFAEL,16,20,verde,1,70,189,37.04,15,42,0,0,0,58,0,0,70,0,0,0,0
p0780,PAR. BIBLIOTECA JOSE HORACIO BETANCUR,80,1,verde,1,193,312,61.86,26,14,0,0,0,69,0,0,193,0,0,0,0
p0780,PAR. BIBLIOTECA JOSE HORACIO BETANCUR,80,2,verde,1,198,302,65.56,30,18,0,0,0,49,0,0,198,0,0,0,0
p0780,PAR. BIBLIOTECA JOSE HORACIO BETANCUR,80,3,verde,1,181,309,58.58,31,25,0,0,0,63,0,0,181,0,0,0,0
p0780,PAR. BIBLIOTECA JOSE HORACIO BETANCUR,80,4,verde,1,179,307,58.31,27,18,0,0,0,78,0,0,179,0,0,0,0
p0780,PAR. BIBLIOTECA JOSE HORACIO BETANCUR,80,5,amarillo,2,86,275,31.27,13,41,0,0,0,128,0,0,86,0,0,0,0
p0780,PAR. BIBLIOTECA JOSE HORACIO BETANCUR,80,6,amarillo,2,87,250,34.8,11,35,0,0,0,111,0,0,87,0,0,0,0
p0780,PAR. BIBLIOTECA JOSE HORACIO BETANCUR,80,7,amarillo,2,81,216,37.5,3,39,0,0,0,92,0,0,81,0,0,0,0
p0780,PAR. BIBLIOTECA JOSE HORACIO BETANCUR,80,8,amarillo,2,86,249,34.54,8,40,0,0,0,112,0,0,86,0,0,0,0
p0780,PAR. BIBLIOTECA JOSE HORACIO BETANCUR,80,9,verde,1,116,262,44.27,9,31,0,0,0,99,0,0,116,0,0,0,0
p0780,PAR. BIBLIOTECA JOSE HORACIO BETANCUR,80,10,amarillo,2,97,246,39.43,10,24,0,0,0,112,0,0,97,0,0,0,0
p0780,PAR. BIBLIOTECA JOSE HORACIO BETANCUR,80,11,amarillo,2,95,261,36.4,16,23,0,0,0,124,0,0,95,0,0,0,0
p0780,PAR. BIBLIOTECA JOSE HORACIO BETANCUR,80,12,amarillo,2,21,75,28.0,6,9,0,0,0,39,0,0,21,0,0,0,0
p0781,PARQUE BIBLIOTECA FERNANDO BOTERO,60,1,verde,1,153,231,66.23,25,14,0,0,0,35,0,0,153,0,0,0,0
p0781,PARQUE BIBLIOTECA FERNANDO BOTERO,60,2,verde,1,146,235,62.13,29,22,0,0,0,36,0,0,146,0,0,0,0
p0781,PARQUE BIBLIOTECA FERNANDO BOTERO,60,3,verde,1,169,253,66.8,27,15,0,0,0,35,0,0,169,0,0,0,0
p0781,PARQUE BIBLIOTECA FERNANDO BOTERO,60,4,verde,1,156,258,60.47,23,18,0,0,0,55,0,0,156,0,0,0,0
p0781,PARQUE BIBLIOTECA FERNANDO BOTERO,60,5,verde,1,137,221,61.99,39,8,0,0,0,33,0,0,137,0,0,0,0
p0781,PARQUE BIBLIOTECA FERNANDO BOTERO,60,6,verde,1,136,195,69.74,28,9,0,0,0,17,0,0,136,0,0,0,0
p0781,PARQUE BIBLIOTECA FERNANDO BOTERO,60,7,verde,1,153,240,63.75,44,7,0,0,0,30,0,0,153,0,0,0,0
p0781,PARQUE BIBLIOTECA FERNANDO BOTERO,60,8,verde,1,156,240,65.0,38,13,0,0,0,27,0,0,156,0,0,0,0
p0781,PARQUE BIBLIOTECA FERNANDO BOTERO,60,9,verde,1,165,241,68.46,28,11,0,0,0,30,0,0,165,0,0,0,0
p0781,PARQUE BIBLIOTECA FERNANDO BOTERO,60,10,verde,1,130,226,57.52,22,13,0,0,0,58,0,0,130,0,0,0,0
p0781,PARQUE BIBLIOTECA FERNANDO BOTERO,60,11,verde,1,150,227,66.08,19,14,0,0,0,38,0,0,150,0,0,0,0
p0781,PARQUE BIBLIOTECA FERNANDO BOTERO,60,12,amarillo,2,49,130,37.69,5,17,0,0,0,56,0,0,49,0,0,0,0
p0781,PARQUE BIBLIOTECA FERNANDO BOTERO,60,13,verde,1,65,159,40.88,13,15,0,0,0,63,0,0,65,0,0,0,0
p0781,PARQUE BIBLIOTECA FERNANDO BOTERO,60,14,verde,1,71,181,39.23,17,18,0,0,0,70,0,0,71,0,0,0,0
p0781,PARQUE BIBLIOTECA FERNANDO BOTERO,60,15,verde,1,97,195,49.74,15,17,0,0,0,59,0,0,97,0,0,0,0
p0781,PARQUE BIBLIOTECA FERNANDO BOTERO,60,16,verde,1,96,198,48.48,18,11,0,0,0,71,0,0,96,0,0,0,0
p0781,PARQUE BIBLIOTECA FERNANDO BOTERO,60,17,verde,1,99,158,62.66,8,20,0,0,0,28,0,0,99,0,0,0,0
p0781,PARQUE BIBLIOTECA FERNANDO BOTERO,60,18,verde,1,112,177,63.28,10,14,0,0,0,37,0,0,112,0,0,0,0
p0781,PARQUE BIBLIOTECA FERNANDO BOTERO,60,19,verde,1,94,170,55.29,8,17,0,0,0,49,0,0,94,0,0,0,0
p0781,PARQUE BIBLIOTECA FERNANDO BOTERO,60,20,verde,1,114,177,64.41,12,5,0,0,0,42,0,0,114,0,0,0,0
p0781,PARQUE BIBLIOTECA FERNANDO BOTERO,60,21,verde,1,104,167,62.28,8,14,0,0,0,41,0,0,104,0,0,0,0
p0781,PARQUE BIBLIOTECA FERNANDO BOTERO,60,22,verde,1,93,181,51.38,12,24,0,0,0,46,0,0,93,0,0,0,0
p0781,PARQUE BIBLIOTECA FERNANDO BOTERO,60,23,verde,1,80,164,48.78,10,21,0,0,0,50,0,0,80,0,0,0,0
p0781,PARQUE BIBLIOTECA FERNANDO BOTERO,60,24,verde,1,84,173,48.55,17,14,0,0,0,51,0,0,84,0,0,0,0
p0781,PARQUE BIBLIOTECA FERNANDO BOTERO,60,25,verde,1,102,188,54.26,7,16,0,0,0,52,0,0,102,0,0,0,0
p0781,PARQUE BIBLIOTECA FERNANDO BOTERO,60,26,verde,1,86,175,49.14,12,15,0,0,0,58,0,0,86,0,0,0,0
p0781,PARQUE BIBLIOTECA FERNANDO BOTERO,60,27,verde,1,91,177,51.41,7,13,0,0,0,59,0,0,91,0,0,0,0
p0781,PARQUE BIBLIOTECA FERNANDO BOTERO,60,28,verde,1,69,149,46.31,5,21,0,0,0,51,0,0,69,0,0,0,0
p0781,PARQUE BIBLIOTECA FERNANDO BOTERO,60,29,verde,1,98,190,51.58,10,21,0,0,0,53,0,0,98,0,0,0,0
p0781,PARQUE BIBLIOTECA FERNANDO BOTERO,60,30,verde,1,75,163,46.01,11,18,0,0,0,56,0,0,75,0,0,0,0
p0781,PARQUE BIBLIOTECA FERNANDO BOTERO,60,31,verde,1,79,179,44.13,13,26,0,0,0,55,0,0,79,0,0,0,0
p0781,PARQUE BIBLIOTECA FERNANDO BOTERO,60,32,verde,1,77,180,42.78,9,15,0,0,0,70,0,0,77,0,0,0,0
p0781,PARQUE BIBLIOTECA FERNANDO BOTERO,60,33,verde,1,78,166,46.99,6,17,0,0,0,59,0,0,78,0,0,0,0
p0781,PARQUE BIBLIOTECA FERNANDO BOTERO,60,34,verde,1,70,152,46.05,5,23,0,0,0,52,0,0,70,0,0,0,0
p0781,PARQUE BIBLIOTECA FERNANDO BOTERO,60,35,verde,1,77,165,46.67,9,18,0,0,0,56,0,0,77,0,0,0,0
p0781,PARQUE BIBLIOTECA FERNANDO BOTERO,60,36,amarillo,2,63,191,32.98,15,21,0,0,0,88,0,0,63,0,0,0,0
p0781,PARQUE BIBLIOTECA FERNANDO BOTERO,60,37,verde,1,69,152,45.39,6,14,0,0,0,61,0,0,69,0,0,0,0
p0782,"PARROQ SAN JOSEMARIA ESCRIVA DE
BALAGUER",70,1,verde,1,190,310,61.29,43,11,0,0,0,52,0,0,190,0,0,0,0
p0782,"PARROQ SAN JOSEMARIA ESCRIVA DE
BALAGUER",70,2,amarillo,2,60,142,42.25,8,8,0,0,0,64,0,0,60,0,0,0,0
p0783,PLAZA MAYOR CTRO EXPOS. CONVEN,00,1,verde,1,142,183,77.6,21,3,0,0,0,15,0,0,142,0,0,0,0
p0783,PLAZA MAYOR CTRO EXPOS. CONVEN,00,2,verde,1,158,246,64.23,14,20,0,0,0,48,0,0,158,0,0,0,0
p0783,PLAZA MAYOR CTRO EXPOS. CONVEN,00,3,verde,1,193,299,64.55,25,21,0,0,0,56,0,0,193,0,0,0,0
p0783,PLAZA MAYOR CTRO EXPOS. CONVEN,00,4,verde,1,190,267,71.16,17,20,0,0,0,38,0,0,190,0,0,0,0
p0783,PLAZA MAYOR CTRO EXPOS. CONVEN,00,5,verde,1,167,257,64.98,18,18,0,0,0,52,0,0,167,0,0,0,0
p0783,PLAZA MAYOR CTRO EXPOS. CONVEN,00,6,verde,1,170,261,65.13,24,14,0,0,0,51,0,0,170,0,0,0,0
p0783,PLAZA MAYOR CTRO EXPOS. CONVEN,00,7,verde,1,175,284,61.62,24,25,0,0,0,56,0,0,175,0,0,0,0
p0783,PLAZA MAYOR CTRO EXPOS. CONVEN,00,8,verde,1,176,281,62.63,26,29,0,0,0,46,0,0,176,0,0,0,0
p0783,PLAZA MAYOR CTRO EXPOS. CONVEN,00,9,verde,1,173,255,67.84,42,12,0,0,0,28,0,0,173,0,0,0,0
p0783,PLAZA MAYOR CTRO EXPOS. CONVEN,00,10,verde,1,170,264,64.39,27,16,0,0,0,50,0,0,170,0,0,0,0
p0783,PLAZA MAYOR CTRO EXPOS. CONVEN,00,11,verde,1,185,307,60.26,29,38,0,0,0,51,0,0,185,0,0,0,0
p0783,PLAZA MAYOR CTRO EXPOS. CONVEN,00,12,verde,1,182,241,75.52,19,13,0,0,0,25,0,0,182,0,0,0,0
p0783,PLAZA MAYOR CTRO EXPOS. CONVEN,00,13,verde,1,158,239,66.11,18,17,0,0,0,43,0,0,158,0,0,0,0
p0783,PLAZA MAYOR CTRO EXPOS. CONVEN,00,14,verde,1,154,248,62.1,26,18,0,0,0,45,0,0,154,0,0,0,0
p0783,PLAZA MAYOR CTRO EXPOS. CONVEN,00,15,verde,1,162,248,65.32,19,23,0,0,0,41,0,0,162,0,0,0,0
p0783,PLAZA MAYOR CTRO EXPOS. CONVEN,00,16,verde,1,165,246,67.07,24,14,0,0,0,41,0,0,165,0,0,0,0
p0783,PLAZA MAYOR CTRO EXPOS. CONVEN,00,17,verde,1,179,285,62.81,28,22,0,0,0,50,0,0,179,0,0,0,0
p0783,PLAZA MAYOR CTRO EXPOS. CONVEN,00,18,verde,1,189,270,70.0,23,17,0,0,0,41,0,0,189,0,0,0,0
p0783,PLAZA MAYOR CTRO EXPOS. CONVEN,00,19,verde,1,155,265,58.49,18,25,0,0,0,62,0,0,155,0,0,0,0
p0783,PLAZA MAYOR CTRO EXPOS. CONVEN,00,20,verde,1,157,248,63.31,19,13,0,0,0,54,0,0,157,0,0,0,0
p0783,PLAZA MAYOR CTRO EXPOS. CONVEN,00,21,verde,1,150,247,60.73,19,16,0,0,0,51,0,0,150,0,0,0,0
p0783,PLAZA MAYOR CTRO EXPOS. CONVEN,00,22,verde,1,163,264,61.74,20,22,0,0,0,55,0,0,163,0,0,0,0
p0783,PLAZA MAYOR CTRO EXPOS. CONVEN,00,23,verde,1,141,239,59.0,22,22,0,0,0,48,0,0,141,0,0,0,0
p0783,PLAZA MAYOR CTRO EXPOS. CONVEN,00,24,verde,1,158,239,66.11,21,22,0,0,0,33,0,0,158,0,0,0,0
p0783,PLAZA MAYOR CTRO EXPOS. CONVEN,00,25,verde,1,171,243,70.37,18,19,0,0,0,34,0,0,171,0,0,0,0
p0783,PLAZA MAYOR CTRO EXPOS. CONVEN,00,26,verde,1,183,288,63.54,24,18,0,0,0,57,0,0,183,0,0,0,0
p0783,PLAZA MAYOR CTRO EXPOS. CONVEN,00,27,verde,1,158,253,62.45,24,21,0,0,0,46,0,0,158,0,0,0,0
p0783,PLAZA MAYOR CTRO EXPOS. CONVEN,00,28,verde,1,156,243,64.2,17,21,0,0,0,48,0,0,156,0,0,0,0
p0783,PLAZA MAYOR CTRO EXPOS. CONVEN,00,29,verde,1,140,198,70.71,17,11,0,0,0,28,0,0,140,0,0,0,0
p0783,PLAZA MAYOR CTRO EXPOS. CONVEN,00,30,verde,1,125,182,68.68,16,13,0,0,0,24,0,0,125,0,0,0,0
p0783,PLAZA MAYOR CTRO EXPOS. CONVEN,00,31,verde,1,135,195,69.23,18,13,0,0,0,23,0,0,135,0,0,0,0
p0783,PLAZA MAYOR CTRO EXPOS. CONVEN,00,32,verde,1,141,186,75.81,7,7,0,0,0,30,0,0,141,0,0,0,0
p0783,PLAZA MAYOR CTRO EXPOS. CONVEN,00,33,verde,1,136,200,68.0,19,14,0,0,0,26,0,0,136,0,0,0,0
p0783,PLAZA MAYOR CTRO EXPOS. CONVEN,00,34,verde,1,128,191,67.02,19,17,0,0,0,26,0,0,128,0,0,0,0
p0783,PLAZA MAYOR CTRO EXPOS. CONVEN,00,35,verde,1,121,186,65.05,13,10,0,0,0,39,0,0,121,0,0,0,0
p0783,PLAZA MAYOR CTRO EXPOS. CONVEN,00,36,verde,1,138,215,64.19,25,13,0,0,0,38,0,0,138,0,0,0,0
p0783,PLAZA MAYOR CTRO EXPOS. CONVEN,00,37,verde,1,147,215,68.37,22,14,0,0,0,27,0,0,147,0,0,0,0
p0783,PLAZA MAYOR CTRO EXPOS. CONVEN,00,38,verde,1,158,240,65.83,17,21,0,0,0,41,0,0,158,0,0,0,0
p0783,PLAZA MAYOR CTRO EXPOS. CONVEN,00,39,verde,1,165,234,70.51,14,16,0,0,0,35,0,0,165,0,0,0,0
p0783,PLAZA MAYOR CTRO EXPOS. CONVEN,00,40,verde,1,144,224,64.29,18,17,0,0,0,41,0,0,144,0,0,0,0
p0783,PLAZA MAYOR CTRO EXPOS. CONVEN,00,41,verde,1,161,239,67.36,18,15,0,0,0,42,0,0,161,0,0,0,0
p0783,PLAZA MAYOR CTRO EXPOS. CONVEN,00,42,verde,1,150,226,66.37,21,15,0,0,0,39,0,0,150,0,0,0,0
p0783,PLAZA MAYOR CTRO EXPOS. CONVEN,00,43,verde,1,147,223,65.92,19,12,0,0,0,44,0,0,147,0,0,0,0
p0783,PLAZA MAYOR CTRO EXPOS. CONVEN,00,44,verde,1,173,231,74.89,21,10,0,0,0,21,0,0,173,0,0,0,0
p0783,PLAZA MAYOR CTRO EXPOS. CONVEN,00,45,verde,1,186,260,71.54,19,21,0,0,0,31,0,0,186,0,0,0,0
p0783,PLAZA MAYOR CTRO EXPOS. CONVEN,00,46,verde,1,135,208,64.9,13,15,0,0,0,40,0,0,135,0,0,0,0
p0783,PLAZA MAYOR CTRO EXPOS. CONVEN,00,47,verde,1,197,280,70.36,25,19,0,0,0,35,0,0,197,0,0,0,0
p0783,PLAZA MAYOR CTRO EXPOS. CONVEN,00,48,verde,1,157,223,70.4,11,6,0,0,0,48,0,0,157,0,0,0,0
p0783,PLAZA MAYOR CTRO EXPOS. CONVEN,00,49,verde,1,130,208,62.5,18,20,0,0,0,38,0,0,130,0,0,0,0
p0783,PLAZA MAYOR CTRO EXPOS. CONVEN,00,50,verde,1,148,229,64.63,18,19,0,0,0,39,0,0,148,0,0,0,0
p0783,PLAZA MAYOR CTRO EXPOS. CONVEN,00,51,verde,1,180,283,63.6,24,24,0,0,0,51,0,0,180,0,0,0,0
p0783,PLAZA MAYOR CTRO EXPOS. CONVEN,00,52,verde,1,155,262,59.16,25,25,0,0,0,54,0,0,155,0,0,0,0
p0783,PLAZA MAYOR CTRO EXPOS. CONVEN,00,53,verde,1,228,343,66.47,25,31,0,0,0,57,0,0,228,0,0,0,0
p0783,PLAZA MAYOR CTRO EXPOS. CONVEN,00,54,verde,1,171,273,62.64,19,19,0,0,0,61,0,0,171,0,0,0,0
p0783,PLAZA MAYOR CTRO EXPOS. CONVEN,00,55,verde,1,182,298,61.07,25,25,0,0,0,60,0,0,182,0,0,0,0
p0783,PLAZA MAYOR CTRO EXPOS. CONVEN,00,56,verde,1,57,90,63.33,7,10,0,0,0,16,0,0,57,0,0,0,0
p0784,PLAZA MINORISTA JOSE MARIA VILLA,10,1,verde,1,207,312,66.35,38,5,0,0,0,53,0,0,207,0,0,0,0
p0784,PLAZA MINORISTA JOSE MARIA VILLA,10,2,verde,1,105,243,43.21,19,19,0,0,0,95,0,0,105,0,0,0,0
p0784,PLAZA MINORISTA JOSE MARIA VILLA,10,3,verde,1,20,40,50.0,3,1,0,0,0,15,0,0,20,0,0,0,0
p0785,POLITECNICO JAIME ISAZA CADAVID,14,1,verde,1,195,268,72.76,37,12,0,0,0,22,0,0,195,0,0,0,0
p0785,POLITECNICO JAIME ISAZA CADAVID,14,2,verde,1,206,301,68.44,46,15,0,0,0,34,0,0,206,0,0,0,0
p0785,POLITECNICO JAIME ISAZA CADAVID,14,3,verde,1,203,302,67.22,33,10,0,0,0,53,0,0,203,0,0,0,0
p0785,POLITECNICO JAIME ISAZA CADAVID,14,4,verde,1,178,259,68.73,37,11,0,0,0,31,0,0,178,0,0,0,0
p0785,POLITECNICO JAIME ISAZA CADAVID,14,5,verde,1,221,288,76.74,38,9,0,0,0,20,0,0,221,0,0,0,0
p0785,POLITECNICO JAIME ISAZA CADAVID,14,6,verde,1,210,282,74.47,22,15,0,0,0,31,0,0,210,0,0,0,0
p0785,POLITECNICO JAIME ISAZA CADAVID,14,7,verde,1,223,303,73.6,35,15,0,0,0,30,0,0,223,0,0,0,0
p0785,POLITECNICO JAIME ISAZA CADAVID,14,8,verde,1,245,310,79.03,35,6,0,0,0,18,0,0,245,0,0,0,0
p0785,POLITECNICO JAIME ISAZA CADAVID,14,9,verde,1,226,301,75.08,27,14,0,0,0,31,0,0,226,0,0,0,0
p0785,POLITECNICO JAIME ISAZA CADAVID,14,10,verde,1,214,298,71.81,34,14,0,0,0,33,0,0,214,0,0,0,0
p0785,POLITECNICO JAIME ISAZA CADAVID,14,11,verde,1,233,299,77.93,32,14,0,0,0,19,0,0,233,0,0,0,0
p0785,POLITECNICO JAIME ISAZA CADAVID,14,12,verde,1,239,308,77.6,34,9,0,0,0,25,0,0,239,0,0,0,0
p0785,POLITECNICO JAIME ISAZA CADAVID,14,13,verde,1,217,308,70.45,41,17,0,0,0,31,0,0,217,0,0,0,0
p0785,POLITECNICO JAIME ISAZA CADAVID,14,14,verde,1,214,300,71.33,51,17,0,0,0,17,0,0,214,0,0,0,0
p0785,POLITECNICO JAIME ISAZA CADAVID,14,15,verde,1,215,282,76.24,26,14,0,0,0,26,0,0,215,0,0,0,0
p0785,POLITECNICO JAIME ISAZA CADAVID,14,16,verde,1,191,310,61.61,53,18,0,0,0,45,0,0,191,0,0,0,0
p0785,POLITECNICO JAIME ISAZA CADAVID,14,17,verde,1,232,300,77.33,25,9,0,0,0,28,0,0,232,0,0,0,0
p0785,POLITECNICO JAIME ISAZA CADAVID,14,18,verde,1,238,313,76.04,32,11,0,0,0,31,0,0,238,0,0,0,0
p0785,POLITECNICO JAIME ISAZA CADAVID,14,19,verde,1,228,303,75.25,30,13,0,0,0,31,0,0,228,0,0,0,0
p0785,POLITECNICO JAIME ISAZA CADAVID,14,20,verde,1,218,300,72.67,37,13,0,0,0,31,0,0,218,0,0,0,0
p0785,POLITECNICO JAIME ISAZA CADAVID,14,21,verde,1,200,296,67.57,33,15,0,0,0,44,0,0,200,0,0,0,0
p0785,POLITECNICO JAIME ISAZA CADAVID,14,22,verde,1,189,290,65.17,29,17,0,0,0,53,0,0,189,0,0,0,0
p0785,POLITECNICO JAIME ISAZA CADAVID,14,23,verde,1,158,272,58.09,36,38,0,0,0,39,0,0,158,0,0,0,0
p0785,POLITECNICO JAIME ISAZA CADAVID,14,24,verde,1,120,275,43.64,22,57,0,0,0,72,0,0,120,0,0,0,0
p0785,POLITECNICO JAIME ISAZA CADAVID,14,25,verde,1,132,266,49.62,28,46,0,0,0,58,0,0,132,0,0,0,0
p0785,POLITECNICO JAIME ISAZA CADAVID,14,26,verde,1,128,253,50.59,35,41,0,0,0,47,0,0,128,0,0,0,0
p0785,POLITECNICO JAIME ISAZA CADAVID,14,27,verde,1,128,263,48.67,25,66,0,0,0,42,0,0,128,0,0,0,0
p0785,POLITECNICO JAIME ISAZA CADAVID,14,28,verde,1,117,273,42.86,35,52,0,0,0,68,0,0,117,0,0,0,0
p0785,POLITECNICO JAIME ISAZA CADAVID,14,29,verde,1,169,295,57.29,30,50,0,0,0,46,0,0,169,0,0,0,0
p0785,POLITECNICO JAIME ISAZA CADAVID,14,30,verde,1,176,298,59.06,40,40,0,0,0,39,0,0,176,0,0,0,0
p0785,POLITECNICO JAIME ISAZA CADAVID,14,31,verde,1,148,296,50.0,38,52,0,0,0,56,0,0,148,0,0,0,0
p0785,POLITECNICO JAIME ISAZA CADAVID,14,32,verde,1,137,282,48.58,32,44,0,0,0,68,0,0,137,0,0,0,0
p0785,POLITECNICO JAIME ISAZA CADAVID,14,33,verde,1,121,271,44.65,23,48,0,0,0,75,0,0,121,0,0,0,0
p0785,POLITECNICO JAIME ISAZA CADAVID,14,34,verde,1,122,279,43.73,35,55,0,0,0,64,0,0,122,0,0,0,0
p0785,POLITECNICO JAIME ISAZA CADAVID,14,35,verde,1,149,284,52.46,39,38,0,0,0,58,0,0,149,0,0,0,0
p0785,POLITECNICO JAIME ISAZA CADAVID,14,36,verde,1,142,265,53.58,20,57,0,0,0,45,0,0,142,0,0,0,0
p0785,POLITECNICO JAIME ISAZA CADAVID,14,37,verde,1,123,248,49.6,23,47,0,0,0,53,0,0,123,0,0,0,0
p0785,POLITECNICO JAIME ISAZA CADAVID,14,38,verde,1,44,96,45.83,9,15,0,0,0,27,0,0,44,0,0,0,0
p0786,"RECLUSION DE MUJERES PEDREGAL
MEDELLIN",00,1,amarillo,2,14,43,32.56,3,3,0,0,0,22,0,0,14,0,0,0,0
p0787,SEC. COL. AGUSTIN NIETO CABALLERO,10,1,verde,1,144,251,57.37,30,9,0,0,0,56,0,0,144,0,0,0,0
p0787,SEC. COL. AGUSTIN NIETO CABALLERO,10,2,verde,1,180,257,70.04,28,2,0,0,0,44,0,0,180,0,0,0,0
p0787,SEC. COL. AGUSTIN NIETO CABALLERO,10,3,verde,1,159,260,61.15,35,9,0,0,0,56,0,0,159,0,0,0,0
p0787,SEC. COL. AGUSTIN NIETO CABALLERO,10,4,verde,1,170,261,65.13,29,16,0,0,0,45,0,0,170,0,0,0,0
p0787,SEC. COL. AGUSTIN NIETO CABALLERO,10,5,verde,1,166,275,60.36,37,9,0,0,0,60,0,0,166,0,0,0,0
p0787,SEC. COL. AGUSTIN NIETO CABALLERO,10,6,verde,1,155,264,58.71,32,6,0,0,0,69,0,0,155,0,0,0,0
p0787,SEC. COL. AGUSTIN NIETO CABALLERO,10,7,verde,1,111,246,45.12,15,31,0,0,0,87,0,0,111,0,0,0,0
p0787,SEC. COL. AGUSTIN NIETO CABALLERO,10,8,amarillo,2,100,253,39.53,15,28,0,0,0,108,0,0,100,0,0,0,0
p0787,SEC. COL. AGUSTIN NIETO CABALLERO,10,9,verde,1,100,240,41.67,16,30,0,0,0,91,0,0,100,0,0,0,0
p0787,SEC. COL. AGUSTIN NIETO CABALLERO,10,10,amarillo,2,6,17,35.29,2,0,0,0,0,9,0,0,6,0,0,0,0
p0788,SEC.CONCENTRACION EDUC.KENNEDY,06,1,verde,1,171,261,65.52,21,8,0,0,0,56,0,0,171,0,0,0,0
p0788,SEC.CONCENTRACION EDUC.KENNEDY,06,2,verde,1,157,266,59.02,26,10,0,0,0,68,0,0,157,0,0,0,0
p0788,SEC.CONCENTRACION EDUC.KENNEDY,06,3,verde,1,182,282,64.54,33,20,0,0,0,45,0,0,182,0,0,0,0
p0788,SEC.CONCENTRACION EDUC.KENNEDY,06,4,verde,1,181,276,65.58,20,16,0,0,0,54,0,0,181,0,0,0,0
p0788,SEC.CONCENTRACION EDUC.KENNEDY,06,5,verde,1,130,248,52.42,25,14,0,0,0,75,0,0,130,0,0,0,0
p0788,SEC.CONCENTRACION EDUC.KENNEDY,06,6,verde,1,76,198,38.38,12,37,0,0,0,72,0,0,76,0,0,0,0
p0788,SEC.CONCENTRACION EDUC.KENNEDY,06,7,amarillo,2,71,198,35.86,11,27,0,0,0,88,0,0,71,0,0,0,0
p0788,SEC.CONCENTRACION EDUC.KENNEDY,06,8,verde,1,119,225,52.89,15,18,0,0,0,63,0,0,119,0,0,0,0
p0788,SEC.CONCENTRACION EDUC.KENNEDY,06,9,verde,1,93,189,49.21,11,19,0,0,0,60,0,0,93,0,0,0,0
p0788,SEC.CONCENTRACION EDUC.KENNEDY,06,10,verde,1,88,196,44.9,14,28,0,0,0,65,0,0,88,0,0,0,0
p0788,SEC.CONCENTRACION EDUC.KENNEDY,06,11,verde,1,86,205,41.95,12,21,0,0,0,84,0,0,86,0,0,0,0
p0788,SEC.CONCENTRACION EDUC.KENNEDY,06,12,amarillo,2,69,212,32.55,11,37,0,0,0,88,0,0,69,0,0,0,0
p0788,SEC.CONCENTRACION EDUC.KENNEDY,06,13,verde,1,93,223,41.7,13,33,0,0,0,78,0,0,93,0,0,0,0
p0788,SEC.CONCENTRACION EDUC.KENNEDY,06,14,verde,1,102,238,42.86,15,37,0,0,0,77,0,0,102,0,0,0,0
p0788,SEC.CONCENTRACION EDUC.KENNEDY,06,15,verde,1,93,213,43.66,12,18,0,0,0,85,0,0,93,0,0,0,0
p0788,SEC.CONCENTRACION EDUC.KENNEDY,06,16,verde,1,103,202,50.99,19,18,0,0,0,54,0,0,103,0,0,0,0
p0788,SEC.CONCENTRACION EDUC.KENNEDY,06,17,verde,1,99,201,49.25,16,30,0,0,0,52,0,0,99,0,0,0,0
p0788,SEC.CONCENTRACION EDUC.KENNEDY,06,18,verde,1,105,180,58.33,11,15,0,0,0,44,0,0,105,0,0,0,0
p0788,SEC.CONCENTRACION EDUC.KENNEDY,06,19,verde,1,79,181,43.65,9,19,0,0,0,69,0,0,79,0,0,0,0
p0788,SEC.CONCENTRACION EDUC.KENNEDY,06,20,verde,1,95,188,50.53,10,25,0,0,0,55,0,0,95,0,0,0,0
p0788,SEC.CONCENTRACION EDUC.KENNEDY,06,21,verde,1,74,203,36.45,16,36,0,0,0,74,0,0,74,0,0,0,0
p0788,SEC.CONCENTRACION EDUC.KENNEDY,06,22,verde,1,85,208,40.87,7,36,0,0,0,78,0,0,85,0,0,0,0
p0788,SEC.CONCENTRACION EDUC.KENNEDY,06,23,verde,1,82,189,43.39,10,21,0,0,0,73,0,0,82,0,0,0,0
p0789,SEC.ESC.AGRIPINA MONTES DEL VALLE,01,1,verde,1,104,176,59.09,25,6,0,0,0,37,0,0,104,0,0,0,0
p0789,SEC.ESC.AGRIPINA MONTES DEL VALLE,01,2,verde,1,99,194,51.03,36,5,0,0,0,49,0,0,99,0,0,0,0
p0789,SEC.ESC.AGRIPINA MONTES DEL VALLE,01,3,verde,1,92,173,53.18,25,14,0,0,0,34,0,0,92,0,0,0,0
p0789,SEC.ESC.AGRIPINA MONTES DEL VALLE,01,4,verde,1,99,173,57.23,33,7,0,0,0,33,0,0,99,0,0,0,0
p0789,SEC.ESC.AGRIPINA MONTES DEL VALLE,01,5,verde,1,85,169,50.3,24,10,0,0,0,42,0,0,85,0,0,0,0
p0789,SEC.ESC.AGRIPINA MONTES DEL VALLE,01,6,verde,1,109,171,63.74,22,6,0,0,0,31,0,0,109,0,0,0,0
p0789,SEC.ESC.AGRIPINA MONTES DEL VALLE,01,7,verde,1,104,205,50.73,30,17,0,0,0,48,0,0,104,0,0,0,0
p0789,SEC.ESC.AGRIPINA MONTES DEL VALLE,01,8,verde,1,124,209,59.33,28,15,0,0,0,37,0,0,124,0,0,0,0
p0789,SEC.ESC.AGRIPINA MONTES DEL VALLE,01,9,verde,1,117,222,52.7,23,29,0,0,0,49,0,0,117,0,0,0,0
p0789,SEC.ESC.AGRIPINA MONTES DEL VALLE,01,10,verde,1,127,212,59.91,22,12,0,0,0,44,0,0,127,0,0,0,0
p0789,SEC.ESC.AGRIPINA MONTES DEL VALLE,01,11,verde,1,124,236,52.54,20,31,0,0,0,55,0,0,124,0,0,0,0
p0789,SEC.ESC.AGRIPINA MONTES DEL VALLE,01,12,verde,1,119,222,53.6,26,18,0,0,0,53,0,0,119,0,0,0,0
p0789,SEC.ESC.AGRIPINA MONTES DEL VALLE,01,13,verde,1,110,210,52.38,33,9,0,0,0,52,0,0,110,0,0,0,0
p0789,SEC.ESC.AGRIPINA MONTES DEL VALLE,01,14,verde,1,132,216,61.11,20,10,0,0,0,46,0,0,132,0,0,0,0
p0789,SEC.ESC.AGRIPINA MONTES DEL VALLE,01,15,verde,1,123,217,56.68,34,13,0,0,0,40,0,0,123,0,0,0,0
p0789,SEC.ESC.AGRIPINA MONTES DEL VALLE,01,16,verde,1,117,224,52.23,35,10,0,0,0,54,0,0,117,0,0,0,0
p0789,SEC.ESC.AGRIPINA MONTES DEL VALLE,01,17,verde,1,123,208,59.13,20,9,0,0,0,50,0,0,123,0,0,0,0
p0789,SEC.ESC.AGRIPINA MONTES DEL VALLE,01,18,verde,1,69,145,47.59,12,10,0,0,0,52,0,0,69,0,0,0,0
p0789,SEC.ESC.AGRIPINA MONTES DEL VALLE,01,19,verde,1,51,98,52.04,5,6,0,0,0,34,0,0,51,0,0,0,0
p0789,SEC.ESC.AGRIPINA MONTES DEL VALLE,01,20,verde,1,73,140,52.14,11,11,0,0,0,40,0,0,73,0,0,0,0
p0789,SEC.ESC.AGRIPINA MONTES DEL VALLE,01,21,verde,1,55,109,50.46,4,12,0,0,0,35,0,0,55,0,0,0,0
p0789,SEC.ESC.AGRIPINA MONTES DEL VALLE,01,22,verde,1,14,35,40.0,0,8,0,0,0,13,0,0,14,0,0,0,0
p0790,SEC.ESC. AGRUPACION COLOMBIA,11,1,verde,1,187,253,73.91,34,9,0,0,0,23,0,0,187,0,0,0,0
p0790,SEC.ESC. AGRUPACION COLOMBIA,11,2,verde,1,207,274,75.55,27,5,0,0,0,32,0,0,207,0,0,0,0
p0790,SEC.ESC. AGRUPACION COLOMBIA,11,3,verde,1,175,249,70.28,29,8,0,0,0,36,0,0,175,0,0,0,0
p0790,SEC.ESC. AGRUPACION COLOMBIA,11,4,verde,1,168,211,79.62,27,2,0,0,0,12,0,0,168,0,0,0,0
p0790,SEC.ESC. AGRUPACION COLOMBIA,11,5,verde,1,166,246,67.48,44,4,0,0,0,27,0,0,166,0,0,0,0
p0790,SEC.ESC. AGRUPACION COLOMBIA,11,6,verde,1,215,263,81.75,21,5,0,0,0,21,0,0,215,0,0,0,0
p0790,SEC.ESC. AGRUPACION COLOMBIA,11,7,verde,1,210,282,74.47,35,10,0,0,0,27,0,0,210,0,0,0,0
p0790,SEC.ESC. AGRUPACION COLOMBIA,11,8,verde,1,237,283,83.75,19,7,0,0,0,18,0,0,237,0,0,0,0
p0790,SEC.ESC. AGRUPACION COLOMBIA,11,9,verde,1,214,285,75.09,39,6,0,0,0,24,0,0,214,0,0,0,0
p0790,SEC.ESC. AGRUPACION COLOMBIA,11,10,verde,1,207,284,72.89,34,13,0,0,0,28,0,0,207,0,0,0,0
p0790,SEC.ESC. AGRUPACION COLOMBIA,11,11,verde,1,226,301,75.08,36,12,0,0,0,22,0,0,226,0,0,0,0
p0790,SEC.ESC. AGRUPACION COLOMBIA,11,12,verde,1,232,296,78.38,31,6,0,0,0,26,0,0,232,0,0,0,0
p0790,SEC.ESC. AGRUPACION COLOMBIA,11,13,verde,1,195,273,71.43,29,14,0,0,0,31,0,0,195,0,0,0,0
p0790,SEC.ESC. AGRUPACION COLOMBIA,11,14,verde,1,206,264,78.03,26,17,0,0,0,13,0,0,206,0,0,0,0
p0790,SEC.ESC. AGRUPACION COLOMBIA,11,15,verde,1,221,264,83.71,17,9,0,0,0,17,0,0,221,0,0,0,0
p0790,SEC.ESC. AGRUPACION COLOMBIA,11,16,verde,1,174,252,69.05,28,19,0,0,0,29,0,0,174,0,0,0,0
p0790,SEC.ESC. AGRUPACION COLOMBIA,11,17,verde,1,217,291,74.57,26,4,0,0,0,41,0,0,217,0,0,0,0
p0790,SEC.ESC. AGRUPACION COLOMBIA,11,18,verde,1,211,279,75.63,30,7,0,0,0,29,0,0,211,0,0,0,0
p0790,SEC.ESC. AGRUPACION COLOMBIA,11,19,verde,1,205,292,70.21,38,6,0,0,0,41,0,0,205,0,0,0,0
p0790,SEC.ESC. AGRUPACION COLOMBIA,11,20,verde,1,219,279,78.49,23,8,0,0,0,27,0,0,219,0,0,0,0
p0790,SEC.ESC. AGRUPACION COLOMBIA,11,21,verde,1,195,283,68.9,22,9,0,0,0,54,0,0,195,0,0,0,0
p0790,SEC.ESC. AGRUPACION COLOMBIA,11,22,verde,1,178,259,68.73,23,23,0,0,0,35,0,0,178,0,0,0,0
p0790,SEC.ESC. AGRUPACION COLOMBIA,11,23,verde,1,122,223,54.71,19,38,0,0,0,41,0,0,122,0,0,0,0
p0790,SEC.ESC. AGRUPACION COLOMBIA,11,24,verde,1,138,236,58.47,16,33,0,0,0,46,0,0,138,0,0,0,0
p0790,SEC.ESC. AGRUPACION COLOMBIA,11,25,verde,1,141,230,61.3,24,26,0,0,0,36,0,0,141,0,0,0,0
p0790,SEC.ESC. AGRUPACION COLOMBIA,11,26,verde,1,129,219,58.9,22,33,0,0,0,34,0,0,129,0,0,0,0
p0790,SEC.ESC. AGRUPACION COLOMBIA,11,27,verde,1,138,249,55.42,16,50,0,0,0,42,0,0,138,0,0,0,0
p0790,SEC.ESC. AGRUPACION COLOMBIA,11,28,verde,1,84,165,50.91,21,33,0,0,0,27,0,0,84,0,0,0,0
p0791,SEC. ESC. AMOR AL NIÑO,13,1,verde,1,139,265,52.45,36,3,0,0,0,84,0,0,139,0,0,0,0
p0791,SEC. ESC. AMOR AL NIÑO,13,2,verde,1,131,248,52.82,30,18,0,0,0,63,0,0,131,0,0,0,0
p0791,SEC. ESC. AMOR AL NIÑO,13,3,verde,1,172,272,63.24,23,12,0,0,0,58,0,0,172,0,0,0,0
p0791,SEC. ESC. AMOR AL NIÑO,13,4,rojo,4,5,112,4.46,14,16,0,0,0,73,0,0,5,0,0,0,0
p0791,SEC. ESC. AMOR AL NIÑO,13,5,amarillo,2,39,173,22.54,6,28,0,0,0,98,0,0,39,0,0,0,0
p0791,SEC. ESC. AMOR AL NIÑO,13,6,amarillo,2,33,163,20.25,5,25,0,0,0,99,0,0,33,0,0,0,0
p0791,SEC. ESC. AMOR AL NIÑO,13,7,amarillo,2,41,171,23.98,6,17,0,0,0,105,0,0,41,0,0,0,0
p0791,SEC. ESC. AMOR AL NIÑO,13,8,amarillo,2,61,164,37.2,0,17,0,0,0,76,5,0,61,0,0,0,0
p0791,SEC. ESC. AMOR AL NIÑO,13,9,amarillo,2,51,157,32.48,0,23,0,0,0,72,6,0,51,0,0,0,0
p0791,SEC. ESC. AMOR AL NIÑO,13,10,amarillo,2,68,183,37.16,11,19,0,0,0,79,0,0,68,0,0,0,0
p0791,SEC. ESC. AMOR AL NIÑO,13,11,amarillo,2,78,193,40.41,4,11,0,0,0,97,0,0,78,0,0,0,0
p0791,SEC. ESC. AMOR AL NIÑO,13,12,amarillo,2,73,194,37.63,8,10,0,0,0,96,0,0,73,0,0,0,0
p0791,SEC. ESC. AMOR AL NIÑO,13,13,amarillo,2,49,138,35.51,10,15,0,0,0,61,0,0,49,0,0,0,0
p0792,SEC. ESC. ARZOBISPO GARCIA,02,1,verde,1,95,182,52.2,26,7,0,0,0,48,0,0,95,0,0,0,0
p0792,SEC. ESC. ARZOBISPO GARCIA,02,2,verde,1,132,223,59.19,34,8,0,0,0,44,0,0,132,0,0,0,0
p0792,SEC. ESC. ARZOBISPO GARCIA,02,3,verde,1,121,177,68.36,21,7,0,0,0,24,0,0,121,0,0,0,0
p0792,SEC. ESC. ARZOBISPO GARCIA,02,4,verde,1,113,201,56.22,26,16,0,0,0,45,0,0,113,0,0,0,0
p0792,SEC. ESC. ARZOBISPO GARCIA,02,5,verde,1,115,183,62.84,23,14,0,0,0,25,0,0,115,0,0,0,0
p0792,SEC. ESC. ARZOBISPO GARCIA,02,6,verde,1,129,217,59.45,27,9,0,0,0,48,0,0,129,0,0,0,0
p0792,SEC. ESC. ARZOBISPO GARCIA,02,7,verde,1,126,216,58.33,25,20,0,0,0,43,0,0,126,0,0,0,0
p0792,SEC. ESC. ARZOBISPO GARCIA,02,8,verde,1,132,238,55.46,23,14,0,0,0,63,0,0,132,0,0,0,0
p0792,SEC. ESC. ARZOBISPO GARCIA,02,9,verde,1,130,237,54.85,21,23,0,0,0,61,0,0,130,0,0,0,0
p0792,SEC. ESC. ARZOBISPO GARCIA,02,10,verde,1,140,253,55.34,27,26,0,0,0,53,0,0,140,0,0,0,0
p0792,SEC. ESC. ARZOBISPO GARCIA,02,11,verde,1,142,250,56.8,25,18,0,0,0,59,0,0,142,0,0,0,0
p0792,SEC. ESC. ARZOBISPO GARCIA,02,12,verde,1,150,260,57.69,20,29,0,0,0,57,0,0,150,0,0,0,0
p0792,SEC. ESC. ARZOBISPO GARCIA,02,13,verde,1,122,228,53.51,31,10,0,0,0,60,0,0,122,0,0,0,0
p0792,SEC. ESC. ARZOBISPO GARCIA,02,14,verde,1,149,249,59.84,19,13,0,0,0,63,0,0,149,0,0,0,0
p0792,SEC. ESC. ARZOBISPO GARCIA,02,15,verde,1,119,208,57.21,34,12,0,0,0,39,0,0,119,0,0,0,0
p0792,SEC. ESC. ARZOBISPO GARCIA,02,16,verde,1,133,227,58.59,19,13,0,0,0,55,0,0,133,0,0,0,0
p0792,SEC. ESC. ARZOBISPO GARCIA,02,17,verde,1,150,244,61.48,18,12,0,0,0,59,0,0,150,0,0,0,0
p0792,SEC. ESC. ARZOBISPO GARCIA,02,18,amarillo,2,75,201,37.31,5,20,0,0,0,96,0,0,75,0,0,0,0
p0792,SEC. ESC. ARZOBISPO GARCIA,02,19,amarillo,2,40,178,22.47,10,23,0,0,0,102,0,0,40,0,0,0,0
p0792,SEC. ESC. ARZOBISPO GARCIA,02,20,amarillo,2,57,172,33.14,6,19,0,0,0,87,0,0,57,0,0,0,0
p0792,SEC. ESC. ARZOBISPO GARCIA,02,21,verde,1,101,183,55.19,5,13,0,0,0,57,0,0,101,0,0,0,0
p0792,SEC. ESC. ARZOBISPO GARCIA,02,22,amarillo,2,67,178,37.64,10,12,0,0,0,86,0,0,67,0,0,0,0
p0792,SEC. ESC. ARZOBISPO GARCIA,02,23,amarillo,2,75,208,36.06,9,28,0,0,0,92,0,0,75,0,0,0,0
p0792,SEC. ESC. ARZOBISPO GARCIA,02,24,amarillo,2,67,208,32.21,8,29,0,0,0,100,0,0,67,0,0,0,0
p0792,SEC. ESC. ARZOBISPO GARCIA,02,25,verde,1,93,141,65.96,13,26,0,0,0,9,0,0,93,0,0,0,0
p0792,SEC. ESC. ARZOBISPO GARCIA,02,26,verde,1,91,196,46.43,9,13,0,0,0,78,0,0,91,0,0,0,0
p0792,SEC. ESC. ARZOBISPO GARCIA,02,27,verde,1,91,191,47.64,9,18,0,0,0,69,0,0,91,0,0,0,0
p0792,SEC. ESC. ARZOBISPO GARCIA,02,28,amarillo,2,81,226,35.84,10,31,0,0,0,102,0,0,81,0,0,0,0
p0792,SEC. ESC. ARZOBISPO GARCIA,02,29,amarillo,2,23,95,24.21,4,16,0,0,0,51,0,0,23,0,0,0,0
p0793,SEC. ESC. BALDOMERO SANIN CANO,03,1,verde,1,123,224,54.91,18,20,0,0,0,57,0,0,123,0,0,0,0
p0793,SEC. ESC. BALDOMERO SANIN CANO,03,2,verde,1,119,211,56.4,31,12,0,0,0,46,0,0,119,0,0,0,0
p0793,SEC. ESC. BALDOMERO SANIN CANO,03,3,verde,1,121,236,51.27,37,13,0,0,0,59,0,0,121,0,0,0,0
p0793,SEC. ESC. BALDOMERO SANIN CANO,03,4,verde,1,143,242,59.09,16,11,0,0,0,59,0,0,143,0,0,0,0
p0793,SEC. ESC. BALDOMERO SANIN CANO,03,5,verde,1,97,200,48.5,12,8,0,0,0,77,0,0,97,0,0,0,0
p0793,SEC. ESC. BALDOMERO SANIN CANO,03,6,amarillo,2,39,150,26.0,8,20,0,0,0,77,0,0,39,0,0,0,0
p0793,SEC. ESC. BALDOMERO SANIN CANO,03,7,amarillo,2,54,125,43.2,0,9,0,0,0,57,3,0,54,0,0,0,0
p0793,SEC. ESC. BALDOMERO SANIN CANO,03,8,verde,1,81,174,46.55,11,14,0,0,0,63,0,0,81,0,0,0,0
p0793,SEC. ESC. BALDOMERO SANIN CANO,03,9,amarillo,2,63,161,39.13,6,13,0,0,0,75,0,0,63,0,0,0,0
p0793,SEC. ESC. BALDOMERO SANIN CANO,03,10,amarillo,2,51,145,35.17,4,30,0,0,0,56,0,0,51,0,0,0,0
p0793,SEC. ESC. BALDOMERO SANIN CANO,03,11,amarillo,2,46,146,31.51,6,24,0,0,0,66,0,0,46,0,0,0,0
p0793,SEC. ESC. BALDOMERO SANIN CANO,03,12,amarillo,2,48,153,31.37,5,22,0,0,0,78,0,0,48,0,0,0,0
p0793,SEC. ESC. BALDOMERO SANIN CANO,03,13,amarillo,2,53,162,32.72,7,22,0,0,0,77,0,0,53,0,0,0,0
p0793,SEC. ESC. BALDOMERO SANIN CANO,03,14,verde,1,85,204,41.67,13,19,0,0,0,84,0,0,85,0,0,0,0
p0793,SEC. ESC. BALDOMERO SANIN CANO,03,15,amarillo,2,81,200,40.5,8,21,0,0,0,83,0,0,81,0,0,0,0
p0793,SEC. ESC. BALDOMERO SANIN CANO,03,16,verde,1,59,139,42.45,6,13,0,0,0,58,0,0,59,0,0,0,0
p0793,SEC. ESC. BALDOMERO SANIN CANO,03,17,amarillo,2,76,173,43.93,7,8,0,0,0,79,0,0,76,0,0,0,0
p0793,SEC. ESC. BALDOMERO SANIN CANO,03,18,verde,1,69,152,45.39,9,20,0,0,0,53,0,0,69,0,0,0,0
p0793,SEC. ESC. BALDOMERO SANIN CANO,03,19,amarillo,2,58,153,37.91,8,16,0,0,0,70,0,0,58,0,0,0,0
p0793,SEC. ESC. BALDOMERO SANIN CANO,03,20,amarillo,2,58,169,34.32,6,19,0,0,0,84,0,0,58,0,0,0,0
p0794,SEC. ESC. BETANIA,13,1,verde,1,130,194,67.01,33,0,0,0,0,24,0,0,130,3,0,0,0
p0794,SEC. ESC. BETANIA,13,2,verde,1,144,206,69.9,18,5,0,0,0,34,0,0,144,0,0,0,0
p0794,SEC. ESC. BETANIA,13,3,verde,1,135,211,63.98,31,11,0,0,0,28,0,0,135,0,0,0,0
p0794,SEC. ESC. BETANIA,13,4,verde,1,150,233,64.38,22,15,0,0,0,40,0,0,150,0,0,0,0
p0794,SEC. ESC. BETANIA,13,5,verde,1,154,234,65.81,24,22,0,0,0,28,0,0,154,0,0,0,0
p0794,SEC. ESC. BETANIA,13,6,verde,1,153,234,65.38,38,9,0,0,0,28,0,0,153,0,0,0,0
p0794,SEC. ESC. BETANIA,13,7,verde,1,155,240,64.58,28,12,0,0,0,37,0,0,155,0,0,0,0
p0794,SEC. ESC. BETANIA,13,8,verde,1,166,240,69.17,17,15,0,0,0,36,0,0,166,0,0,0,0
p0794,SEC. ESC. BETANIA,13,9,verde,1,166,252,65.87,25,10,0,0,0,44,0,0,166,0,0,0,0
p0794,SEC. ESC. BETANIA,13,10,verde,1,152,229,66.38,17,19,0,0,0,39,0,0,152,0,0,0,0
p0794,SEC. ESC. BETANIA,13,11,verde,1,158,234,67.52,26,7,0,0,0,41,0,0,158,0,0,0,0
p0794,SEC. ESC. BETANIA,13,12,verde,1,157,234,67.09,30,6,0,0,0,36,0,0,157,0,0,0,0
p0794,SEC. ESC. BETANIA,13,13,verde,1,173,250,69.2,16,9,0,0,0,46,0,0,173,0,0,0,0
p0794,SEC. ESC. BETANIA,13,14,verde,1,124,210,59.05,12,18,0,0,0,49,0,0,124,0,0,0,0
p0794,SEC. ESC. BETANIA,13,15,amarillo,2,59,156,37.82,7,19,0,0,0,70,0,0,59,0,0,0,0
p0794,SEC. ESC. BETANIA,13,16,amarillo,2,61,176,34.66,5,26,0,0,0,81,0,0,61,0,0,0,0
p0794,SEC. ESC. BETANIA,13,17,verde,1,108,188,57.45,8,23,0,0,0,47,0,0,108,0,0,0,0
p0794,SEC. ESC. BETANIA,13,18,verde,1,84,177,47.46,6,26,0,0,0,59,0,0,84,0,0,0,0
p0794,SEC. ESC. BETANIA,13,19,verde,1,103,211,48.82,12,21,0,0,0,73,0,0,103,0,0,0,0
p0794,SEC. ESC. BETANIA,13,20,verde,1,105,222,47.3,13,21,0,0,0,77,0,0,105,0,0,0,0
p0794,SEC. ESC. BETANIA,13,21,verde,1,107,190,56.32,17,20,0,0,0,43,0,0,107,0,0,0,0
p0794,SEC. ESC. BETANIA,13,22,verde,1,106,177,59.89,12,20,0,0,0,33,0,0,106,0,0,0,0
p0794,SEC. ESC. BETANIA,13,23,verde,1,110,205,53.66,11,17,0,0,0,62,0,0,110,0,0,0,0
p0794,SEC. ESC. BETANIA,13,24,verde,1,104,210,49.52,10,26,0,0,0,64,0,0,104,0,0,0,0
p0794,SEC. ESC. BETANIA,13,25,verde,1,95,190,50.0,11,16,0,0,0,66,0,0,95,0,0,0,0
p0794,SEC. ESC. BETANIA,13,26,verde,1,103,204,50.49,5,21,0,0,0,69,0,0,103,0,0,0,0
p0794,SEC. ESC. BETANIA,13,27,verde,1,37,93,39.78,0,13,0,0,8,32,0,0,37,0,0,0,0
p0795,SEC. ESC. CARLOS OBANDO VELASCO,11,1,verde,1,227,313,72.52,30,16,0,0,0,39,0,0,227,0,0,0,0
p0795,SEC. ESC. CARLOS OBANDO VELASCO,11,2,verde,1,231,315,73.33,29,18,0,0,0,33,0,0,231,0,0,0,0
p0795,SEC. ESC. CARLOS OBANDO VELASCO,11,3,verde,1,215,309,69.58,24,15,0,0,0,54,0,0,215,0,0,0,0
p0795,SEC. ESC. CARLOS OBANDO VELASCO,11,4,verde,1,114,276,41.3,23,64,0,0,0,71,0,0,114,0,0,0,0
p0795,SEC. ESC. CARLOS OBANDO VELASCO,11,5,verde,1,156,299,52.17,18,48,0,0,0,75,0,0,156,0,0,0,0
p0795,SEC. ESC. CARLOS OBANDO VELASCO,11,6,verde,1,31,63,49.21,4,14,0,0,0,13,0,0,31,0,0,0,0
p0796,SEC. ESC. CARPINELO AMAPOLITA,01,1,verde,1,98,234,41.88,39,6,0,0,0,74,0,0,98,0,0,0,0
p0796,SEC. ESC. CARPINELO AMAPOLITA,01,2,verde,1,91,223,40.81,38,12,0,0,0,75,0,0,91,0,0,0,0
p0796,SEC. ESC. CARPINELO AMAPOLITA,01,3,amarillo,2,56,167,33.53,10,11,0,0,0,86,0,0,56,0,0,0,0
p0796,SEC. ESC. CARPINELO AMAPOLITA,01,4,amarillo,2,33,145,22.76,8,5,0,0,0,92,0,0,33,0,0,0,0
p0796,SEC. ESC. CARPINELO AMAPOLITA,01,5,amarillo,2,40,127,31.5,4,13,0,0,0,63,0,0,40,0,0,0,0
p0796,SEC. ESC. CARPINELO AMAPOLITA,01,6,amarillo,2,64,172,37.21,8,12,0,0,0,82,0,0,64,0,0,0,0
p0796,SEC. ESC. CARPINELO AMAPOLITA,01,7,amarillo,2,53,165,32.12,7,0,0,0,0,93,7,0,53,0,0,0,0
p0797,SEC ESC CRISTO REY APOLO,15,1,verde,1,212,308,68.83,34,12,0,0,0,41,0,0,212,0,0,0,0
p0797,SEC ESC CRISTO REY APOLO,15,2,verde,1,209,293,71.33,30,9,0,0,0,43,0,0,209,0,0,0,0
p0797,SEC ESC CRISTO REY APOLO,15,3,verde,1,211,304,69.41,25,23,0,0,0,41,0,0,211,0,0,0,0
p0797,SEC ESC CRISTO REY APOLO,15,4,verde,1,195,305,63.93,22,22,0,0,0,60,0,0,195,0,0,0,0
p0797,SEC ESC CRISTO REY APOLO,15,5,verde,1,92,236,38.98,6,54,0,0,0,83,0,0,92,0,0,0,0
p0797,SEC ESC CRISTO REY APOLO,15,6,verde,1,103,260,39.62,11,61,0,0,0,81,0,0,103,0,0,0,0
p0797,SEC ESC CRISTO REY APOLO,15,7,verde,1,102,255,40.0,11,56,0,0,0,83,0,0,102,0,0,0,0
p0797,SEC ESC CRISTO REY APOLO,15,8,verde,1,124,277,44.77,16,48,0,0,0,87,0,0,124,0,0,0,0
p0797,SEC ESC CRISTO REY APOLO,15,9,verde,1,88,227,38.77,16,31,0,0,0,88,0,0,88,0,0,0,0
p0797,SEC ESC CRISTO REY APOLO,15,10,verde,1,61,140,43.57,11,27,0,0,0,41,0,0,61,0,0,0,0
p0798,SEC. ESC. DIVINA PROVIDENCIA,01,1,verde,1,99,208,47.6,28,14,0,0,0,56,0,0,99,0,0,0,0
p0798,SEC. ESC. DIVINA PROVIDENCIA,01,2,verde,1,115,199,57.79,17,13,0,0,0,46,0,0,115,0,0,0,0
p0798,SEC. ESC. DIVINA PROVIDENCIA,01,3,verde,1,99,185,53.51,21,8,0,0,0,46,0,0,99,0,0,0,0
p0798,SEC. ESC. DIVINA PROVIDENCIA,01,4,verde,1,99,172,57.56,19,11,0,0,0,39,0,0,99,0,0,0,0
p0798,SEC. ESC. DIVINA PROVIDENCIA,01,5,verde,1,93,190,48.95,27,16,0,0,0,46,0,0,93,0,0,0,0
p0798,SEC. ESC. DIVINA PROVIDENCIA,01,6,verde,1,103,196,52.55,18,16,0,0,0,46,0,0,103,0,0,0,0
p0798,SEC. ESC. DIVINA PROVIDENCIA,01,7,verde,1,121,235,51.49,28,13,0,0,0,63,0,0,121,0,0,0,0
p0798,SEC. ESC. DIVINA PROVIDENCIA,01,8,verde,1,125,244,51.23,32,9,0,0,0,65,0,0,125,0,0,0,0
p0798,SEC. ESC. DIVINA PROVIDENCIA,01,9,verde,1,128,228,56.14,22,8,0,0,0,60,0,0,128,0,0,0,0
p0798,SEC. ESC. DIVINA PROVIDENCIA,01,10,verde,1,115,218,52.75,19,14,0,0,0,58,0,0,115,0,0,0,0
p0798,SEC. ESC. DIVINA PROVIDENCIA,01,11,amarillo,2,34,107,31.78,3,15,0,0,0,53,0,0,34,0,0,0,0
p0798,SEC. ESC. DIVINA PROVIDENCIA,01,12,amarillo,2,30,111,27.03,5,13,0,0,0,63,0,0,30,0,0,0,0
p0798,SEC. ESC. DIVINA PROVIDENCIA,01,13,amarillo,2,37,112,33.04,6,12,0,0,0,52,0,0,37,0,0,0,0
p0798,SEC. ESC. DIVINA PROVIDENCIA,01,14,amarillo,2,38,89,42.7,2,4,0,0,0,43,0,0,38,0,0,0,0
p0798,SEC. ESC. DIVINA PROVIDENCIA,01,15,amarillo,2,38,99,38.38,4,13,0,0,0,44,0,0,38,0,0,0,0
p0798,SEC. ESC. DIVINA PROVIDENCIA,01,16,verde,1,56,106,52.83,9,0,0,0,0,32,5,0,56,0,0,0,0
p0798,SEC. ESC. DIVINA PROVIDENCIA,01,17,amarillo,2,31,100,31.0,6,9,0,0,0,52,0,0,31,0,0,0,0
p0798,SEC. ESC. DIVINA PROVIDENCIA,01,18,verde,1,59,138,42.75,7,18,0,0,0,48,0,0,59,0,0,0,0
p0798,SEC. ESC. DIVINA PROVIDENCIA,01,19,amarillo,2,34,113,30.09,5,19,0,0,0,51,0,0,34,0,0,0,0
p0798,SEC. ESC. DIVINA PROVIDENCIA,01,20,amarillo,2,57,150,38.0,8,19,0,0,0,61,0,0,57,0,0,0,0
p0798,SEC. ESC. DIVINA PROVIDENCIA,01,21,amarillo,2,54,152,35.53,5,13,0,0,0,78,0,0,54,0,0,0,0
p0798,SEC. ESC. DIVINA PROVIDENCIA,01,22,amarillo,2,49,115,42.61,4,7,0,0,0,53,0,0,49,0,0,0,0
p0798,SEC. ESC. DIVINA PROVIDENCIA,01,23,verde,1,72,143,50.35,9,13,0,0,0,46,0,0,72,0,0,0,0
p0798,SEC. ESC. DIVINA PROVIDENCIA,01,24,amarillo,2,42,95,44.21,2,6,0,0,0,43,0,0,42,0,0,0,0
p0798,SEC. ESC. DIVINA PROVIDENCIA,01,25,amarillo,2,27,68,39.71,3,3,0,0,0,34,0,0,27,0,0,0,0
p0798,SEC. ESC. DIVINA PROVIDENCIA,01,26,amarillo,2,36,90,40.0,2,9,0,0,0,42,0,0,36,0,0,0,0
p0798,SEC. ESC. DIVINA PROVIDENCIA,01,27,verde,1,35,79,44.3,5,14,0,0,0,25,0,0,35,0,0,0,0
p0798,SEC. ESC. DIVINA PROVIDENCIA,01,28,amarillo,2,25,67,37.31,2,6,0,0,0,33,0,0,25,0,0,0,0
p0798,SEC. ESC. DIVINA PROVIDENCIA,01,29,verde,1,48,94,51.06,3,6,0,0,0,36,0,0,48,0,0,0,0
p0798,SEC. ESC. DIVINA PROVIDENCIA,01,30,amarillo,2,33,103,32.04,2,11,0,0,0,56,0,0,33,0,0,0,0
p0798,SEC. ESC. DIVINA PROVIDENCIA,01,31,verde,1,58,132,43.94,6,16,0,0,0,51,0,0,58,0,0,0,0
p0798,SEC. ESC. DIVINA PROVIDENCIA,01,32,amarillo,2,47,124,37.9,0,17,0,0,0,53,4,0,47,0,0,0,0
p0798,SEC. ESC. DIVINA PROVIDENCIA,01,33,amarillo,2,45,126,35.71,9,14,0,0,0,57,0,0,45,0,0,0,0
p0798,SEC. ESC. DIVINA PROVIDENCIA,01,34,verde,1,22,50,44.0,1,9,0,0,0,18,0,0,22,0,0,0,0
p0799,SEC.ESC. EL DIAMANTE,07,1,verde,1,145,221,65.61,33,9,0,0,0,31,0,0,145,0,0,0,0
p0799,SEC.ESC. EL DIAMANTE,07,2,verde,1,127,223,56.95,35,10,0,0,0,47,0,0,127,0,0,0,0
p0799,SEC.ESC. EL DIAMANTE,07,3,verde,1,140,228,61.4,21,5,0,0,0,61,0,0,140,0,0,0,0
p0799,SEC.ESC. EL DIAMANTE,07,4,verde,1,137,211,64.93,33,10,0,0,0,30,0,0,137,0,0,0,0
p0799,SEC.ESC. EL DIAMANTE,07,5,verde,1,145,215,67.44,23,14,0,0,0,30,0,0,145,0,0,0,0
p0799,SEC.ESC. EL DIAMANTE,07,6,verde,1,144,226,63.72,26,10,0,0,0,39,0,0,144,0,0,0,0
p0799,SEC.ESC. EL DIAMANTE,07,7,verde,1,150,217,69.12,28,15,0,0,0,22,0,0,150,0,0,0,0
p0799,SEC.ESC. EL DIAMANTE,07,8,verde,1,139,233,59.66,24,12,0,0,0,52,0,0,139,0,0,0,0
p0799,SEC.ESC. EL DIAMANTE,07,9,verde,1,145,231,62.77,23,16,0,0,0,40,0,0,145,0,0,0,0
p0799,SEC.ESC. EL DIAMANTE,07,10,verde,1,160,257,62.26,29,20,0,0,0,40,0,0,160,0,0,0,0
p0799,SEC.ESC. EL DIAMANTE,07,11,verde,1,145,245,59.18,23,21,0,0,0,50,0,0,145,0,0,0,0
p0799,SEC.ESC. EL DIAMANTE,07,12,verde,1,170,253,67.19,21,18,0,0,0,39,0,0,170,0,0,0,0
p0799,SEC.ESC. EL DIAMANTE,07,13,verde,1,175,267,65.54,31,19,0,0,0,37,0,0,175,0,0,0,0
p0799,SEC.ESC. EL DIAMANTE,07,14,verde,1,159,256,62.11,20,17,0,0,0,54,0,0,159,0,0,0,0
p0799,SEC.ESC. EL DIAMANTE,07,15,verde,1,147,240,61.25,25,14,0,0,0,49,0,0,147,0,0,0,0
p0799,SEC.ESC. EL DIAMANTE,07,16,verde,1,167,252,66.27,22,12,0,0,0,47,0,0,167,0,0,0,0
p0799,SEC.ESC. EL DIAMANTE,07,17,verde,1,148,237,62.45,18,13,0,0,0,56,0,0,148,0,0,0,0
p0799,SEC.ESC. EL DIAMANTE,07,18,verde,1,161,260,61.92,28,15,0,0,0,53,0,0,161,0,0,0,0
p0799,SEC.ESC. EL DIAMANTE,07,19,verde,1,167,259,64.48,22,11,0,0,0,53,0,0,167,0,0,0,0
p0799,SEC.ESC. EL DIAMANTE,07,20,verde,1,169,248,68.15,19,8,0,0,0,49,0,0,169,0,0,0,0
p0799,SEC.ESC. EL DIAMANTE,07,21,verde,1,91,175,52.0,10,13,0,0,0,56,0,0,91,0,0,0,0
p0799,SEC.ESC. EL DIAMANTE,07,22,verde,1,89,200,44.5,6,43,0,0,0,61,0,0,89,0,0,0,0
p0799,SEC.ESC. EL DIAMANTE,07,23,verde,1,100,227,44.05,10,29,0,0,0,81,0,0,100,0,0,0,0
p0799,SEC.ESC. EL DIAMANTE,07,24,amarillo,2,78,205,38.05,10,30,0,0,0,81,0,0,78,0,0,0,0
p0799,SEC.ESC. EL DIAMANTE,07,25,amarillo,2,51,144,35.42,1,19,0,0,0,72,0,0,51,0,0,0,0
p0800,SEC. ESC. EL PEDREGAL,06,1,verde,1,178,284,62.68,29,18,0,0,0,55,0,0,178,0,0,0,0
p0800,SEC. ESC. EL PEDREGAL,06,2,verde,1,187,282,66.31,22,20,0,0,0,52,0,0,187,0,0,0,0
p0800,SEC. ESC. EL PEDREGAL,06,3,verde,1,172,281,61.21,23,6,0,0,0,78,0,0,172,0,0,0,0
p0800,SEC. ESC. EL PEDREGAL,06,4,amarillo,2,64,189,33.86,4,33,0,0,0,87,0,0,64,0,0,0,0
p0800,SEC. ESC. EL PEDREGAL,06,5,amarillo,2,46,170,27.06,5,33,0,0,0,82,0,0,46,0,0,0,0
p0800,SEC. ESC. EL PEDREGAL,06,6,amarillo,2,52,157,33.12,4,28,0,0,0,71,0,0,52,0,0,0,0
p0800,SEC. ESC. EL PEDREGAL,06,7,amarillo,2,61,191,31.94,5,37,0,0,0,83,0,0,61,0,0,0,0
p0800,SEC. ESC. EL PEDREGAL,06,8,amarillo,2,75,205,36.59,7,38,0,0,0,84,0,0,75,0,0,0,0
p0800,SEC. ESC. EL PEDREGAL,06,9,amarillo,2,64,202,31.68,7,45,0,0,0,83,0,0,64,0,0,0,0
p0800,SEC. ESC. EL PEDREGAL,06,10,verde,1,89,218,40.83,13,33,0,0,0,78,0,0,89,0,0,0,0
p0800,SEC. ESC. EL PEDREGAL,06,11,verde,1,104,215,48.37,5,18,0,0,0,85,0,0,104,0,0,0,0
p0800,SEC. ESC. EL PEDREGAL,06,12,amarillo,2,55,157,35.03,5,22,0,0,0,74,0,0,55,0,0,0,0
p0800,SEC. ESC. EL PEDREGAL,06,13,amarillo,2,62,164,37.8,7,19,0,0,0,74,0,0,62,0,0,0,0
p0800,SEC. ESC. EL PEDREGAL,06,14,amarillo,2,55,169,32.54,3,40,0,0,0,69,0,0,55,0,0,0,0
p0800,SEC. ESC. EL PEDREGAL,06,15,amarillo,2,25,74,33.78,2,11,0,0,0,35,0,0,25,0,0,0,0
p0801,SEC.ESC.EL SOCORRO,13,1,amarillo,2,66,188,35.11,8,39,0,0,0,71,0,0,66,0,0,0,0
p0801,SEC.ESC.EL SOCORRO,13,2,amarillo,2,52,177,29.38,4,27,0,0,0,91,0,0,52,0,0,0,0
p0801,SEC.ESC.EL SOCORRO,13,3,amarillo,2,62,176,35.23,8,23,0,0,0,77,0,0,62,0,0,0,0
p0801,SEC.ESC.EL SOCORRO,13,4,verde,1,70,163,42.94,9,16,0,0,0,66,0,0,70,0,0,0,0
p0801,SEC.ESC.EL SOCORRO,13,5,verde,1,94,194,48.45,10,20,0,0,0,66,0,0,94,0,0,0,0
p0801,SEC.ESC.EL SOCORRO,13,6,verde,1,75,179,41.9,0,22,0,0,0,65,8,0,75,0,0,0,0
p0801,SEC.ESC.EL SOCORRO,13,7,amarillo,2,60,172,34.88,7,25,0,0,0,77,0,0,60,0,0,0,0
p0801,SEC.ESC.EL SOCORRO,13,8,verde,1,104,240,43.33,17,27,0,0,0,87,0,0,104,0,0,0,0
p0801,SEC.ESC.EL SOCORRO,13,9,verde,1,89,200,44.5,12,10,0,0,0,83,0,0,89,0,0,0,0
p0801,SEC.ESC.EL SOCORRO,13,10,amarillo,2,82,192,42.71,7,12,0,0,0,87,0,0,82,0,0,0,0
p0801,SEC.ESC.EL SOCORRO,13,11,verde,1,98,186,52.69,13,19,0,0,0,49,0,0,98,0,0,0,0
p0801,SEC.ESC.EL SOCORRO,13,12,verde,1,86,175,49.14,6,19,0,0,0,59,0,0,86,0,0,0,0
p0801,SEC.ESC.EL SOCORRO,13,13,verde,1,79,177,44.63,8,18,0,0,0,63,0,0,79,0,0,0,0
p0801,SEC.ESC.EL SOCORRO,13,14,verde,1,88,200,44.0,15,21,0,0,0,75,0,0,88,0,0,0,0
p0801,SEC.ESC.EL SOCORRO,13,15,verde,1,95,197,48.22,10,19,0,0,0,69,0,0,95,0,0,0,0
p0801,SEC.ESC.EL SOCORRO,13,16,verde,1,88,204,43.14,11,27,0,0,0,74,0,0,88,0,0,0,0
p0801,SEC.ESC.EL SOCORRO,13,17,amarillo,2,67,174,38.51,0,28,0,0,0,69,4,0,67,0,0,0,0
p0801,SEC.ESC.EL SOCORRO,13,18,rojo,3,11,44,25.0,1,12,0,0,0,17,0,0,11,0,0,0,0
p0802,SEC. ESC. FIDEL ANTONIO SALDARRIAGA,02,1,verde,1,86,181,47.51,32,9,0,0,0,44,0,0,86,0,0,0,0
p0802,SEC. ESC. FIDEL ANTONIO SALDARRIAGA,02,2,verde,1,115,187,61.5,15,5,0,0,0,49,0,0,115,0,0,0,0
p0802,SEC. ESC. FIDEL ANTONIO SALDARRIAGA,02,3,verde,1,109,187,58.29,20,13,0,0,0,40,0,0,109,0,0,0,0
p0802,SEC. ESC. FIDEL ANTONIO SALDARRIAGA,02,4,verde,1,108,186,58.06,24,18,0,0,0,31,0,0,108,0,0,0,0
p0802,SEC. ESC. FIDEL ANTONIO SALDARRIAGA,02,5,verde,1,107,196,54.59,21,10,0,0,0,50,0,0,107,0,0,0,0
p0802,SEC. ESC. FIDEL ANTONIO SALDARRIAGA,02,6,verde,1,103,202,50.99,23,16,0,0,0,53,0,0,103,0,0,0,0
p0802,SEC. ESC. FIDEL ANTONIO SALDARRIAGA,02,7,verde,1,120,225,53.33,19,19,0,0,0,60,0,0,120,0,0,0,0
p0802,SEC. ESC. FIDEL ANTONIO SALDARRIAGA,02,8,verde,1,112,217,51.61,20,21,0,0,0,54,0,0,112,0,0,0,0
p0802,SEC. ESC. FIDEL ANTONIO SALDARRIAGA,02,9,verde,1,131,223,58.74,23,15,0,0,0,42,0,0,131,0,0,0,0
p0802,SEC. ESC. FIDEL ANTONIO SALDARRIAGA,02,10,verde,1,126,227,55.51,24,19,0,0,0,52,0,0,126,0,0,0,0
p0802,SEC. ESC. FIDEL ANTONIO SALDARRIAGA,02,11,verde,1,133,186,71.51,9,3,0,0,0,36,0,0,133,0,0,0,0
p0802,SEC. ESC. FIDEL ANTONIO SALDARRIAGA,02,12,verde,1,124,224,55.36,23,8,0,0,0,57,0,0,124,0,0,0,0
p0802,SEC. ESC. FIDEL ANTONIO SALDARRIAGA,02,13,verde,1,112,216,51.85,24,0,0,0,0,59,9,0,112,0,0,0,0
p0802,SEC. ESC. FIDEL ANTONIO SALDARRIAGA,02,14,verde,1,107,198,54.04,16,12,0,0,0,57,0,0,107,0,0,0,0
p0802,SEC. ESC. FIDEL ANTONIO SALDARRIAGA,02,15,amarillo,2,50,166,30.12,5,15,0,0,0,90,0,0,50,0,0,0,0
p0802,SEC. ESC. FIDEL ANTONIO SALDARRIAGA,02,16,amarillo,2,38,148,25.68,3,22,0,0,0,80,0,0,38,0,0,0,0
p0802,SEC. ESC. FIDEL ANTONIO SALDARRIAGA,02,17,verde,1,66,148,44.59,12,11,0,0,0,57,0,0,66,0,0,0,0
p0802,SEC. ESC. FIDEL ANTONIO SALDARRIAGA,02,18,amarillo,2,43,165,26.06,6,17,0,0,0,94,0,0,43,0,0,0,0
p0802,SEC. ESC. FIDEL ANTONIO SALDARRIAGA,02,19,amarillo,2,64,177,36.16,3,23,0,0,0,85,0,0,64,0,0,0,0
p0802,SEC. ESC. FIDEL ANTONIO SALDARRIAGA,02,20,amarillo,2,63,178,35.39,6,18,0,0,0,85,0,0,63,0,0,0,0
p0802,SEC. ESC. FIDEL ANTONIO SALDARRIAGA,02,21,amarillo,2,68,182,37.36,10,20,0,0,0,81,0,0,68,0,0,0,0
p0802,SEC. ESC. FIDEL ANTONIO SALDARRIAGA,02,22,amarillo,2,66,178,37.08,8,11,0,0,0,88,0,0,66,0,0,0,0
p0802,SEC. ESC. FIDEL ANTONIO SALDARRIAGA,02,23,verde,1,72,161,44.72,11,6,0,0,0,67,0,0,72,0,0,0,0
p0802,SEC. ESC. FIDEL ANTONIO SALDARRIAGA,02,24,verde,1,77,176,43.75,3,16,0,0,0,76,0,0,77,0,0,0,0
p0802,SEC. ESC. FIDEL ANTONIO SALDARRIAGA,02,25,amarillo,2,48,127,37.8,5,12,0,0,0,58,0,0,48,0,0,0,0
p0803,SEC. ESC. GUILLERMO ECHAVARRIA MISAS,14,1,verde,1,240,317,75.71,53,6,0,0,0,17,0,0,240,0,0,0,0
p0803,SEC. ESC. GUILLERMO ECHAVARRIA MISAS,14,2,verde,1,236,304,77.63,38,10,0,0,0,20,0,0,236,0,0,0,0
p0803,SEC. ESC. GUILLERMO ECHAVARRIA MISAS,14,3,verde,1,226,304,74.34,44,12,0,0,0,20,0,0,226,0,0,0,0
p0803,SEC. ESC. GUILLERMO ECHAVARRIA MISAS,14,4,verde,1,213,316,67.41,53,18,0,0,0,30,0,0,213,0,0,0,0
p0803,SEC. ESC. GUILLERMO ECHAVARRIA MISAS,14,5,verde,1,170,275,61.82,36,32,0,0,0,31,0,0,170,0,0,0,0
p0803,SEC. ESC. GUILLERMO ECHAVARRIA MISAS,14,6,verde,1,126,253,49.8,30,47,0,0,0,48,0,0,126,0,0,0,0
p0803,SEC. ESC. GUILLERMO ECHAVARRIA MISAS,14,7,verde,1,133,246,54.07,40,44,0,0,0,29,0,0,133,0,0,0,0
p0803,SEC. ESC. GUILLERMO ECHAVARRIA MISAS,14,8,verde,1,55,103,53.4,16,17,0,0,0,14,0,0,55,0,0,0,0
p0804,SEC. ESC. JOSE DE SAN MARTIN,09,1,verde,1,182,268,67.91,37,9,0,0,0,34,0,0,182,0,0,0,0
p0804,SEC. ESC. JOSE DE SAN MARTIN,09,2,verde,1,179,276,64.86,29,3,0,0,0,57,0,0,179,0,0,0,0
p0804,SEC. ESC. JOSE DE SAN MARTIN,09,3,verde,1,174,237,73.42,30,5,0,0,0,24,0,0,174,0,0,0,0
p0804,SEC. ESC. JOSE DE SAN MARTIN,09,4,verde,1,188,274,68.61,20,13,0,0,0,52,0,0,188,0,0,0,0
p0804,SEC. ESC. JOSE DE SAN MARTIN,09,5,verde,1,197,260,75.77,30,16,0,0,0,15,0,0,197,0,0,0,0
p0804,SEC. ESC. JOSE DE SAN MARTIN,09,6,verde,1,160,252,63.49,31,8,0,0,0,47,0,0,160,0,0,0,0
p0804,SEC. ESC. JOSE DE SAN MARTIN,09,7,verde,1,179,267,67.04,34,17,0,0,0,32,0,0,179,0,0,0,0
p0804,SEC. ESC. JOSE DE SAN MARTIN,09,8,verde,1,186,282,65.96,28,19,0,0,0,46,0,0,186,0,0,0,0
p0804,SEC. ESC. JOSE DE SAN MARTIN,09,9,verde,1,200,283,70.67,21,19,0,0,0,37,0,0,200,0,0,0,0
p0804,SEC. ESC. JOSE DE SAN MARTIN,09,10,verde,1,190,275,69.09,22,21,0,0,0,40,0,0,190,0,0,0,0
p0804,SEC. ESC. JOSE DE SAN MARTIN,09,11,verde,1,191,271,70.48,21,19,0,0,0,39,0,0,191,0,0,0,0
p0804,SEC. ESC. JOSE DE SAN MARTIN,09,12,verde,1,156,248,62.9,17,22,0,0,0,50,0,0,156,0,0,0,0
p0804,SEC. ESC. JOSE DE SAN MARTIN,09,13,verde,1,199,278,71.58,26,5,0,0,0,45,0,0,199,0,0,0,0
p0804,SEC. ESC. JOSE DE SAN MARTIN,09,14,verde,1,179,274,65.33,20,16,0,0,0,55,0,0,179,0,0,0,0
p0804,SEC. ESC. JOSE DE SAN MARTIN,09,15,verde,1,203,296,68.58,32,11,0,0,0,48,0,0,203,0,0,0,0
p0804,SEC. ESC. JOSE DE SAN MARTIN,09,16,verde,1,176,263,66.92,16,6,0,0,0,59,0,0,176,0,0,0,0
p0804,SEC. ESC. JOSE DE SAN MARTIN,09,17,verde,1,151,250,60.4,6,17,0,0,0,70,0,0,151,0,0,0,0
p0804,SEC. ESC. JOSE DE SAN MARTIN,09,18,amarillo,2,70,208,33.65,6,49,0,0,0,80,0,0,70,0,0,0,0
p0804,SEC. ESC. JOSE DE SAN MARTIN,09,19,amarillo,2,79,224,35.27,5,29,0,0,0,107,0,0,79,0,0,0,0
p0804,SEC. ESC. JOSE DE SAN MARTIN,09,20,verde,1,111,225,49.33,13,32,0,0,0,67,0,0,111,0,0,0,0
p0804,SEC. ESC. JOSE DE SAN MARTIN,09,21,verde,1,122,205,59.51,10,21,0,0,0,47,0,0,122,0,0,0,0
p0804,SEC. ESC. JOSE DE SAN MARTIN,09,22,verde,1,108,208,51.92,15,23,0,0,0,59,0,0,108,0,0,0,0
p0804,SEC. ESC. JOSE DE SAN MARTIN,09,23,verde,1,97,222,43.69,13,36,0,0,0,73,0,0,97,0,0,0,0
p0804,SEC. ESC. JOSE DE SAN MARTIN,09,24,verde,1,82,207,39.61,12,34,0,0,0,77,0,0,82,0,0,0,0
p0804,SEC. ESC. JOSE DE SAN MARTIN,09,25,amarillo,2,71,188,37.77,10,22,0,0,0,82,0,0,71,0,0,0,0
p0804,SEC. ESC. JOSE DE SAN MARTIN,09,26,verde,1,88,210,41.9,6,38,0,0,0,76,0,0,88,0,0,0,0
p0804,SEC. ESC. JOSE DE SAN MARTIN,09,27,verde,1,90,226,39.82,9,44,0,0,0,81,0,0,90,0,0,0,0
p0804,SEC. ESC. JOSE DE SAN MARTIN,09,28,verde,1,103,235,43.83,11,39,0,0,0,80,0,0,103,0,0,0,0
p0804,SEC. ESC. JOSE DE SAN MARTIN,09,29,verde,1,138,258,53.49,22,34,0,0,0,63,0,0,138,0,0,0,0
p0804,SEC. ESC. JOSE DE SAN MARTIN,09,30,verde,1,100,224,44.64,10,21,0,0,0,90,0,0,100,0,0,0,0
p0804,SEC. ESC. JOSE DE SAN MARTIN,09,31,verde,1,106,223,47.53,10,22,0,0,0,79,0,0,106,0,0,0,0
p0804,SEC. ESC. JOSE DE SAN MARTIN,09,32,verde,1,105,211,49.76,16,21,0,0,0,68,0,0,105,0,0,0,0
p0804,SEC. ESC. JOSE DE SAN MARTIN,09,33,verde,1,96,233,41.2,13,42,0,0,0,78,0,0,96,0,0,0,0
p0804,SEC. ESC. JOSE DE SAN MARTIN,09,34,amarillo,2,81,221,36.65,10,37,0,0,0,92,0,0,81,0,0,0,0
p0804,SEC. ESC. JOSE DE SAN MARTIN,09,35,amarillo,2,23,57,40.35,2,7,0,0,0,24,0,0,23,0,0,0,0
p0805,SEC. ESC. JUAN CANCIO RESTREPO,09,1,verde,1,190,312,60.9,33,15,0,0,0,70,0,0,190,0,0,0,0
p0805,SEC. ESC. JUAN CANCIO RESTREPO,09,2,verde,1,178,277,64.26,15,19,0,0,0,59,0,0,178,0,0,0,0
p0805,SEC. ESC. JUAN CANCIO RESTREPO,09,3,amarillo,2,69,210,32.86,8,45,0,0,0,86,0,0,69,0,0,0,0
p0805,SEC. ESC. JUAN CANCIO RESTREPO,09,4,amarillo,2,81,235,34.47,8,42,0,0,0,98,0,0,81,0,0,0,0
p0805,SEC. ESC. JUAN CANCIO RESTREPO,09,5,verde,1,112,262,42.75,9,28,0,0,0,110,0,0,112,0,0,0,0
p0805,SEC. ESC. JUAN CANCIO RESTREPO,09,6,amarillo,2,12,39,30.77,1,7,0,0,0,19,0,0,12,0,0,0,0
p0806,SEC ESC JUAN DE DIOS ARANZAZU,13,1,verde,1,194,308,62.99,31,12,0,0,0,65,0,0,194,0,0,0,0
p0806,SEC ESC JUAN DE DIOS ARANZAZU,13,2,verde,1,203,314,64.65,33,20,0,0,0,53,0,0,203,0,0,0,0
p0806,SEC ESC JUAN DE DIOS ARANZAZU,13,3,verde,1,193,308,62.66,29,8,0,0,0,70,0,0,193,0,0,0,0
p0806,SEC ESC JUAN DE DIOS ARANZAZU,13,4,verde,1,139,279,49.82,9,29,0,0,0,96,0,0,139,0,0,0,0
p0806,SEC ESC JUAN DE DIOS ARANZAZU,13,5,amarillo,2,61,211,28.91,9,30,0,0,0,109,0,0,61,0,0,0,0
p0806,SEC ESC JUAN DE DIOS ARANZAZU,13,6,verde,1,90,219,41.1,13,41,0,0,0,73,0,0,90,0,0,0,0
p0806,SEC ESC JUAN DE DIOS ARANZAZU,13,7,amarillo,2,109,251,43.43,10,18,0,0,0,112,0,0,109,0,0,0,0
p0806,SEC ESC JUAN DE DIOS ARANZAZU,13,8,amarillo,2,100,254,39.37,13,10,0,0,0,126,0,0,100,0,0,0,0
p0806,SEC ESC JUAN DE DIOS ARANZAZU,13,9,amarillo,2,85,208,40.87,8,21,0,0,0,89,0,0,85,0,0,0,0
p0807,SEC ESC JUAN NEPOMUCENO MORALES,60,1,verde,1,206,306,67.32,30,10,0,0,0,59,0,0,206,0,0,0,0
p0807,SEC ESC JUAN NEPOMUCENO MORALES,60,2,verde,1,188,294,63.95,33,14,0,0,0,50,0,0,188,0,0,0,0
p0807,SEC ESC JUAN NEPOMUCENO MORALES,60,3,verde,1,107,231,46.32,16,20,0,0,0,85,0,0,107,0,0,0,0
p0807,SEC ESC JUAN NEPOMUCENO MORALES,60,4,amarillo,2,62,173,35.84,5,31,0,0,0,71,0,0,62,0,0,0,0
p0807,SEC ESC JUAN NEPOMUCENO MORALES,60,5,verde,1,69,164,42.07,5,27,0,0,0,61,0,0,69,0,0,0,0
p0807,SEC ESC JUAN NEPOMUCENO MORALES,60,6,verde,1,67,181,37.02,6,43,0,0,0,60,0,0,67,0,0,0,0
p0807,SEC ESC JUAN NEPOMUCENO MORALES,60,7,verde,1,66,181,36.46,6,44,0,0,0,59,0,0,66,0,0,0,0
p0807,SEC ESC JUAN NEPOMUCENO MORALES,60,8,verde,1,83,191,43.46,4,19,0,0,0,82,0,0,83,0,0,0,0
p0807,SEC ESC JUAN NEPOMUCENO MORALES,60,9,verde,1,89,210,42.38,8,28,0,0,0,82,0,0,89,0,0,0,0
p0807,SEC ESC JUAN NEPOMUCENO MORALES,60,10,verde,1,7,18,38.89,1,2,0,0,0,7,0,0,7,0,0,0,0
p0808,SEC.ESC.JULIA AGUDELO,08,1,verde,1,101,183,55.19,31,9,0,0,0,35,0,0,101,0,0,0,0
p0808,SEC.ESC.JULIA AGUDELO,08,2,verde,1,101,204,49.51,25,15,0,0,0,51,0,0,101,0,0,0,0
p0808,SEC.ESC.JULIA AGUDELO,08,3,verde,1,123,214,57.48,35,5,0,0,0,45,0,0,123,0,0,0,0
p0808,SEC.ESC.JULIA AGUDELO,08,4,amarillo,2,96,232,41.38,24,7,0,0,0,99,0,0,96,0,0,0,0
p0808,SEC.ESC.JULIA AGUDELO,08,5,verde,1,102,176,57.95,19,6,0,0,0,42,0,0,102,0,0,0,0
p0808,SEC.ESC.JULIA AGUDELO,08,6,verde,1,104,183,56.83,32,9,0,0,0,32,0,0,104,0,0,0,0
p0808,SEC.ESC.JULIA AGUDELO,08,7,verde,1,126,195,64.62,25,9,0,0,0,31,0,0,126,0,0,0,0
p0808,SEC.ESC.JULIA AGUDELO,08,8,verde,1,117,198,59.09,23,9,0,0,0,45,0,0,117,0,0,0,0
p0808,SEC.ESC.JULIA AGUDELO,08,9,verde,1,119,221,53.85,22,11,0,0,0,67,0,0,119,0,0,0,0
p0808,SEC.ESC.JULIA AGUDELO,08,10,verde,1,108,198,54.55,23,19,0,0,0,38,0,0,108,0,0,0,0
p0808,SEC.ESC.JULIA AGUDELO,08,11,verde,1,131,199,65.83,31,8,0,0,0,22,0,0,131,0,0,0,0
p0808,SEC.ESC.JULIA AGUDELO,08,12,verde,1,105,214,49.07,20,10,0,0,0,78,0,0,105,0,0,0,0
p0808,SEC.ESC.JULIA AGUDELO,08,13,verde,1,124,211,58.77,26,12,0,0,0,43,0,0,124,0,0,0,0
p0808,SEC.ESC.JULIA AGUDELO,08,14,verde,1,123,212,58.02,37,16,0,0,0,32,0,0,123,0,0,0,0
p0808,SEC.ESC.JULIA AGUDELO,08,15,verde,1,142,243,58.44,25,8,0,0,0,63,0,0,142,0,0,0,0
p0808,SEC.ESC.JULIA AGUDELO,08,16,verde,1,114,208,54.81,26,13,0,0,0,50,0,0,114,0,0,0,0
p0808,SEC.ESC.JULIA AGUDELO,08,17,verde,1,132,215,61.4,17,15,0,0,0,45,0,0,132,0,0,0,0
p0808,SEC.ESC.JULIA AGUDELO,08,18,verde,1,151,240,62.92,24,17,0,0,0,40,0,0,151,0,0,0,0
p0808,SEC.ESC.JULIA AGUDELO,08,19,verde,1,150,234,64.1,27,20,0,0,0,33,0,0,150,0,0,0,0
p0808,SEC.ESC.JULIA AGUDELO,08,20,verde,1,142,241,58.92,20,13,0,0,0,61,0,0,142,0,0,0,0
p0808,SEC.ESC.JULIA AGUDELO,08,21,verde,1,133,249,53.41,34,26,0,0,0,52,0,0,133,0,0,0,0
p0808,SEC.ESC.JULIA AGUDELO,08,22,verde,1,133,234,56.84,25,16,0,0,0,55,0,0,133,0,0,0,0
p0808,SEC.ESC.JULIA AGUDELO,08,23,verde,1,112,229,48.91,25,19,0,0,0,71,0,0,112,0,0,0,0
p0808,SEC.ESC.JULIA AGUDELO,08,24,verde,1,104,220,47.27,28,15,0,0,0,67,0,0,104,0,0,0,0
p0808,SEC.ESC.JULIA AGUDELO,08,25,verde,1,165,234,70.51,20,11,0,0,0,36,0,0,165,0,0,0,0
p0808,SEC.ESC.JULIA AGUDELO,08,26,verde,1,110,204,53.92,19,16,0,0,0,51,0,0,110,0,0,0,0
p0808,SEC.ESC.JULIA AGUDELO,08,27,verde,1,160,243,65.84,23,9,0,0,0,46,0,0,160,0,0,0,0
p0808,SEC.ESC.JULIA AGUDELO,08,28,verde,1,146,227,64.32,25,8,0,0,0,45,0,0,146,0,0,0,0
p0808,SEC.ESC.JULIA AGUDELO,08,29,verde,1,142,234,60.68,23,7,0,0,0,56,0,0,142,0,0,0,0
p0808,SEC.ESC.JULIA AGUDELO,08,30,verde,1,121,225,53.78,21,8,0,0,0,71,0,0,121,0,0,0,0
p0808,SEC.ESC.JULIA AGUDELO,08,31,verde,1,133,223,59.64,20,0,0,0,0,52,9,0,133,0,0,0,0
p0808,SEC.ESC.JULIA AGUDELO,08,32,amarillo,2,51,151,33.77,5,11,0,0,0,82,0,0,51,0,0,0,0
p0808,SEC.ESC.JULIA AGUDELO,08,33,amarillo,2,52,147,35.37,4,10,0,0,0,80,0,0,52,0,0,0,0
p0808,SEC.ESC.JULIA AGUDELO,08,34,verde,1,76,150,50.67,9,16,0,0,0,46,0,0,76,0,0,0,0
p0808,SEC.ESC.JULIA AGUDELO,08,35,verde,1,104,182,57.14,11,17,0,0,0,45,0,0,104,0,0,0,0
p0808,SEC.ESC.JULIA AGUDELO,08,36,verde,1,92,171,53.8,11,10,0,0,0,51,0,0,92,0,0,0,0
p0808,SEC.ESC.JULIA AGUDELO,08,37,verde,1,84,165,50.91,7,12,0,0,0,58,0,0,84,0,0,0,0
p0808,SEC.ESC.JULIA AGUDELO,08,38,verde,1,85,178,47.75,14,16,0,0,0,61,0,0,85,0,0,0,0
p0808,SEC.ESC.JULIA AGUDELO,08,39,verde,1,73,172,42.44,13,14,0,0,0,67,0,0,73,0,0,0,0
p0808,SEC.ESC.JULIA AGUDELO,08,40,amarillo,2,63,160,39.38,9,15,0,0,0,66,0,0,63,0,0,0,0
p0808,SEC.ESC.JULIA AGUDELO,08,41,amarillo,2,63,171,36.84,12,20,0,0,0,74,0,0,63,0,0,0,0
p0808,SEC.ESC.JULIA AGUDELO,08,42,verde,1,72,170,42.35,11,20,0,0,0,64,0,0,72,0,0,0,0
p0808,SEC.ESC.JULIA AGUDELO,08,43,amarillo,2,64,179,35.75,10,16,0,0,0,86,0,0,64,0,0,0,0
p0808,SEC.ESC.JULIA AGUDELO,08,44,amarillo,2,39,148,26.35,2,26,0,0,0,79,0,0,39,0,0,0,0
p0808,SEC.ESC.JULIA AGUDELO,08,45,amarillo,2,50,154,32.47,13,19,0,0,0,70,0,0,50,0,0,0,0
p0808,SEC.ESC.JULIA AGUDELO,08,46,verde,1,106,223,47.53,13,20,0,0,0,76,0,0,106,0,0,0,0
p0808,SEC.ESC.JULIA AGUDELO,08,47,verde,1,105,213,49.3,7,16,0,0,0,84,0,0,105,0,0,0,0
p0808,SEC.ESC.JULIA AGUDELO,08,48,verde,1,89,186,47.85,16,12,0,0,0,65,0,0,89,0,0,0,0
p0808,SEC.ESC.JULIA AGUDELO,08,49,verde,1,92,179,51.4,8,11,0,0,0,64,0,0,92,0,0,0,0
p0808,SEC.ESC.JULIA AGUDELO,08,50,amarillo,2,67,162,41.36,6,19,0,0,0,68,0,0,67,0,0,0,0
p0808,SEC.ESC.JULIA AGUDELO,08,51,amarillo,2,78,192,40.62,3,22,0,0,0,85,0,0,78,0,0,0,0
p0808,SEC.ESC.JULIA AGUDELO,08,52,amarillo,2,73,196,37.24,10,25,0,0,0,82,0,0,73,0,0,0,0
p0808,SEC.ESC.JULIA AGUDELO,08,53,amarillo,2,66,163,40.49,6,13,0,0,0,74,0,0,66,0,0,0,0
p0808,SEC.ESC.JULIA AGUDELO,08,54,amarillo,2,60,172,34.88,8,16,0,0,0,85,0,0,60,0,0,0,0
p0809,SEC ESC JULIO ARBOLEDA,04,1,verde,1,180,281,64.06,26,12,0,0,0,57,0,0,180,0,0,0,0
p0809,SEC ESC JULIO ARBOLEDA,04,2,verde,1,171,280,61.07,20,11,0,0,0,71,0,0,171,0,0,0,0
p0809,SEC ESC JULIO ARBOLEDA,04,3,amarillo,2,63,227,27.75,7,32,0,0,0,121,0,0,63,0,0,0,0
p0809,SEC ESC JULIO ARBOLEDA,04,4,amarillo,2,74,212,34.91,6,22,0,0,0,106,0,0,74,0,0,0,0
p0809,SEC ESC JULIO ARBOLEDA,04,5,amarillo,2,78,227,34.36,10,31,0,0,0,106,0,0,78,0,0,0,0
p0809,SEC ESC JULIO ARBOLEDA,04,6,amarillo,2,86,248,34.68,17,22,0,0,0,120,0,0,86,0,0,0,0
p0809,SEC ESC JULIO ARBOLEDA,04,7,verde,1,9,21,42.86,2,2,0,0,0,7,0,0,9,0,0,0,0
p0810,SEC.ESC.LA COLINA,15,1,verde,1,192,290,66.21,35,14,0,0,0,45,0,0,192,0,0,0,0
p0810,SEC.ESC.LA COLINA,15,2,verde,1,181,269,67.29,24,13,0,0,0,49,0,0,181,0,0,0,0
p0810,SEC.ESC.LA COLINA,15,3,verde,1,211,280,75.36,25,8,0,0,0,31,0,0,211,0,0,0,0
p0810,SEC.ESC.LA COLINA,15,4,verde,1,198,282,70.21,30,16,0,0,0,36,0,0,198,0,0,0,0
p0810,SEC.ESC.LA COLINA,15,5,verde,1,207,289,71.63,26,19,0,0,0,36,0,0,207,0,0,0,0
p0810,SEC.ESC.LA COLINA,15,6,verde,1,208,297,70.03,34,22,0,0,0,31,0,0,208,0,0,0,0
p0810,SEC.ESC.LA COLINA,15,7,verde,1,194,288,67.36,21,21,0,0,0,48,0,0,194,0,0,0,0
p0810,SEC.ESC.LA COLINA,15,8,verde,1,192,283,67.84,32,13,0,0,0,42,0,0,192,0,0,0,0
p0810,SEC.ESC.LA COLINA,15,9,verde,1,190,289,65.74,32,17,0,0,0,45,0,0,190,0,0,0,0
p0810,SEC.ESC.LA COLINA,15,10,verde,1,198,280,70.71,20,12,0,0,0,47,0,0,198,0,0,0,0
p0810,SEC.ESC.LA COLINA,15,11,verde,1,87,233,37.34,11,50,0,0,0,83,0,0,87,0,0,0,0
p0810,SEC.ESC.LA COLINA,15,12,verde,1,92,239,38.49,9,47,0,0,0,90,0,0,92,0,0,0,0
p0810,SEC.ESC.LA COLINA,15,13,verde,1,98,230,42.61,13,42,0,0,0,74,0,0,98,0,0,0,0
p0810,SEC.ESC.LA COLINA,15,14,verde,1,124,267,46.44,16,51,0,0,0,74,0,0,124,0,0,0,0
p0810,SEC.ESC.LA COLINA,15,15,verde,1,119,265,44.91,14,46,0,0,0,83,0,0,119,0,0,0,0
p0810,SEC.ESC.LA COLINA,15,16,verde,1,119,277,42.96,12,59,0,0,0,84,0,0,119,0,0,0,0
p0810,SEC.ESC.LA COLINA,15,17,amarillo,2,109,287,37.98,14,34,0,0,0,128,0,0,109,0,0,0,0
p0810,SEC.ESC.LA COLINA,15,18,verde,1,122,256,47.66,17,29,0,0,0,83,0,0,122,0,0,0,0
p0810,SEC.ESC.LA COLINA,15,19,verde,1,107,227,47.14,12,44,0,0,0,62,0,0,107,0,0,0,0
p0810,SEC.ESC.LA COLINA,15,20,verde,1,42,110,38.18,9,26,0,0,0,32,0,0,42,0,0,0,0
p0811,SEC. ESC. LA ESPERANZA No 2,01,1,verde,1,59,123,47.97,27,5,0,0,0,30,0,0,59,0,0,0,0
p0811,SEC. ESC. LA ESPERANZA No 2,01,2,verde,1,40,62,64.52,0,1,0,0,0,18,3,0,40,0,0,0,0
p0811,SEC. ESC. LA ESPERANZA No 2,01,3,amarillo,2,36,105,34.29,15,7,0,0,0,41,0,0,36,0,0,0,0
p0811,SEC. ESC. LA ESPERANZA No 2,01,4,verde,1,66,138,47.83,19,7,0,0,0,44,0,0,66,0,0,0,0
p0811,SEC. ESC. LA ESPERANZA No 2,01,5,verde,1,89,169,52.66,28,8,0,0,0,43,0,0,89,0,0,0,0
p0811,SEC. ESC. LA ESPERANZA No 2,01,6,verde,1,70,161,43.48,22,9,0,0,0,50,0,0,70,0,0,0,0
p0811,SEC. ESC. LA ESPERANZA No 2,01,7,verde,1,92,201,45.77,26,11,0,0,0,65,0,0,92,0,0,0,0
p0811,SEC. ESC. LA ESPERANZA No 2,01,8,verde,1,88,198,44.44,28,11,0,0,0,62,0,0,88,0,0,0,0
p0811,SEC. ESC. LA ESPERANZA No 2,01,9,verde,1,91,201,45.27,35,9,0,0,0,53,0,0,91,0,0,0,0
p0811,SEC. ESC. LA ESPERANZA No 2,01,10,verde,1,84,191,43.98,37,13,0,0,0,51,0,0,84,0,0,0,0
p0811,SEC. ESC. LA ESPERANZA No 2,01,11,verde,1,104,197,52.79,24,15,0,0,0,47,0,0,104,0,0,0,0
p0811,SEC. ESC. LA ESPERANZA No 2,01,12,verde,1,77,154,50.0,15,7,0,0,0,52,0,0,77,0,0,0,0
p0811,SEC. ESC. LA ESPERANZA No 2,01,13,verde,1,47,90,52.22,10,4,0,0,0,26,0,0,47,0,0,0,0
p0811,SEC. ESC. LA ESPERANZA No 2,01,14,verde,1,87,163,53.37,23,6,0,0,0,40,0,0,87,0,0,0,0
p0811,SEC. ESC. LA ESPERANZA No 2,01,15,verde,1,29,60,48.33,4,2,0,0,0,23,0,0,29,0,0,0,0
p0811,SEC. ESC. LA ESPERANZA No 2,01,16,verde,1,27,45,60.0,1,3,0,0,0,14,0,0,27,0,0,0,0
p0811,SEC. ESC. LA ESPERANZA No 2,01,17,verde,1,38,79,48.1,4,3,0,0,0,33,0,0,38,0,0,0,0
p0811,SEC. ESC. LA ESPERANZA No 2,01,18,amarillo,2,28,111,25.23,7,11,0,0,0,63,0,0,28,0,0,0,0
p0811,SEC. ESC. LA ESPERANZA No 2,01,19,amarillo,2,27,96,28.12,5,6,0,0,0,56,0,0,27,0,0,0,0
p0811,SEC. ESC. LA ESPERANZA No 2,01,20,amarillo,2,21,93,22.58,5,6,0,0,0,59,0,0,21,0,0,0,0
p0811,SEC. ESC. LA ESPERANZA No 2,01,21,amarillo,2,24,94,25.53,7,13,0,0,0,49,0,0,24,0,0,0,0
p0811,SEC. ESC. LA ESPERANZA No 2,01,22,verde,1,27,52,51.92,0,2,0,0,0,21,2,0,27,0,0,0,0
p0811,SEC. ESC. LA ESPERANZA No 2,01,23,verde,1,47,106,44.34,10,0,0,0,0,36,8,0,47,0,0,0,0
p0811,SEC. ESC. LA ESPERANZA No 2,01,24,amarillo,2,40,112,35.71,6,9,0,0,0,54,0,0,40,0,0,0,0
p0811,SEC. ESC. LA ESPERANZA No 2,01,25,amarillo,2,24,83,28.92,3,11,0,0,0,43,0,0,24,0,0,0,0
p0811,SEC. ESC. LA ESPERANZA No 2,01,26,amarillo,2,36,130,27.69,9,13,0,0,0,70,0,0,36,0,0,0,0
p0811,SEC. ESC. LA ESPERANZA No 2,01,27,amarillo,2,31,109,28.44,6,17,0,0,0,54,0,0,31,0,0,0,0
p0811,SEC. ESC. LA ESPERANZA No 2,01,28,amarillo,2,59,157,37.58,13,14,0,0,0,65,0,0,59,0,0,0,0
p0811,SEC. ESC. LA ESPERANZA No 2,01,29,amarillo,2,44,138,31.88,8,10,0,0,0,71,0,0,44,0,0,0,0
p0811,SEC. ESC. LA ESPERANZA No 2,01,30,amarillo,2,35,98,35.71,0,8,0,0,0,46,5,0,35,0,0,0,0
p0811,SEC. ESC. LA ESPERANZA No 2,01,31,verde,1,56,125,44.8,12,5,0,0,0,48,0,0,56,0,0,0,0
p0811,SEC. ESC. LA ESPERANZA No 2,01,32,verde,1,46,111,41.44,5,11,0,0,0,43,0,0,46,0,0,0,0
p0811,SEC. ESC. LA ESPERANZA No 2,01,33,amarillo,2,43,123,34.96,2,8,0,0,0,67,0,0,43,0,0,0,0
p0811,SEC. ESC. LA ESPERANZA No 2,01,34,amarillo,2,45,125,36.0,7,0,0,0,0,58,8,0,45,0,0,0,0
p0811,SEC. ESC. LA ESPERANZA No 2,01,35,amarillo,2,24,83,28.92,5,10,0,0,0,43,0,0,24,0,0,0,0
p0811,SEC. ESC. LA ESPERANZA No 2,01,36,verde,1,6,14,42.86,1,1,0,0,0,6,0,0,6,0,0,0,0
p0812,SEC ESC LA FRONTERA,02,1,verde,1,150,242,61.98,26,10,0,0,0,52,0,0,150,0,0,0,0
p0812,SEC ESC LA FRONTERA,02,2,verde,1,134,249,53.82,22,13,0,0,0,73,0,0,134,0,0,0,0
p0812,SEC ESC LA FRONTERA,02,3,verde,1,143,253,56.52,15,25,0,0,0,60,0,0,143,0,0,0,0
p0812,SEC ESC LA FRONTERA,02,4,verde,1,147,256,57.42,17,19,0,0,0,61,0,0,147,0,0,0,0
p0812,SEC ESC LA FRONTERA,02,5,verde,1,94,211,44.55,17,22,0,0,0,68,0,0,94,0,0,0,0
p0812,SEC ESC LA FRONTERA,02,6,amarillo,2,40,162,24.69,3,21,0,0,0,96,0,0,40,0,0,0,0
p0812,SEC ESC LA FRONTERA,02,7,amarillo,2,51,166,30.72,7,18,0,0,0,90,0,0,51,0,0,0,0
p0812,SEC ESC LA FRONTERA,02,8,amarillo,2,74,196,37.76,5,37,0,0,0,78,0,0,74,0,0,0,0
p0812,SEC ESC LA FRONTERA,02,9,amarillo,2,53,173,30.64,4,28,0,0,0,85,0,0,53,0,0,0,0
p0812,SEC ESC LA FRONTERA,02,10,amarillo,2,70,206,33.98,10,22,0,0,0,98,0,0,70,0,0,0,0
p0812,SEC ESC LA FRONTERA,02,11,amarillo,2,67,193,34.72,0,10,0,0,0,102,5,0,67,0,0,0,0
p0812,SEC ESC LA FRONTERA,02,12,amarillo,2,55,161,34.16,3,22,0,0,0,78,0,0,55,0,0,0,0
p0813,SEC. ESC. LEON DE GREIFF,06,1,verde,1,106,201,52.74,29,11,0,0,0,47,0,0,106,0,0,0,0
p0813,SEC. ESC. LEON DE GREIFF,06,2,verde,1,110,196,56.12,27,8,0,0,0,47,0,0,110,0,0,0,0
p0813,SEC. ESC. LEON DE GREIFF,06,3,verde,1,123,184,66.85,16,9,0,0,0,33,0,0,123,0,0,0,0
p0813,SEC. ESC. LEON DE GREIFF,06,4,verde,1,116,215,53.95,31,16,0,0,0,44,0,0,116,0,0,0,0
p0813,SEC. ESC. LEON DE GREIFF,06,5,verde,1,117,202,57.92,26,17,0,0,0,37,0,0,117,0,0,0,0
p0813,SEC. ESC. LEON DE GREIFF,06,6,verde,1,124,220,56.36,31,23,0,0,0,37,0,0,124,0,0,0,0
p0813,SEC. ESC. LEON DE GREIFF,06,7,verde,1,137,225,60.89,24,14,0,0,0,47,0,0,137,0,0,0,0
p0813,SEC. ESC. LEON DE GREIFF,06,8,verde,1,131,240,54.58,20,29,0,0,0,57,0,0,131,0,0,0,0
p0813,SEC. ESC. LEON DE GREIFF,06,9,verde,1,148,241,61.41,21,16,0,0,0,53,0,0,148,0,0,0,0
p0813,SEC. ESC. LEON DE GREIFF,06,10,verde,1,117,218,53.67,30,12,0,0,0,55,0,0,117,0,0,0,0
p0813,SEC. ESC. LEON DE GREIFF,06,11,verde,1,143,225,63.56,19,0,0,0,0,54,4,0,143,0,0,0,0
p0813,SEC. ESC. LEON DE GREIFF,06,12,verde,1,147,237,62.03,13,14,0,0,0,60,0,0,147,0,0,0,0
p0813,SEC. ESC. LEON DE GREIFF,06,13,verde,1,93,178,52.25,14,15,0,0,0,50,0,0,93,0,0,0,0
p0813,SEC. ESC. LEON DE GREIFF,06,14,verde,1,84,186,45.16,16,18,0,0,0,62,0,0,84,0,0,0,0
p0813,SEC. ESC. LEON DE GREIFF,06,15,verde,1,110,224,49.11,11,18,0,0,0,76,0,0,110,0,0,0,0
p0813,SEC. ESC. LEON DE GREIFF,06,16,verde,1,88,169,52.07,8,10,0,0,0,59,0,0,88,0,0,0,0
p0813,SEC. ESC. LEON DE GREIFF,06,17,verde,1,70,160,43.75,6,24,0,0,0,56,0,0,70,0,0,0,0
p0813,SEC. ESC. LEON DE GREIFF,06,18,verde,1,80,207,38.65,13,33,0,0,0,76,0,0,80,0,0,0,0
p0813,SEC. ESC. LEON DE GREIFF,06,19,amarillo,2,53,144,36.81,8,18,0,0,0,63,0,0,53,0,0,0,0
p0814,SEC.ESC. MANUEL URIBE ANGEL,02,1,verde,1,104,211,49.29,27,9,0,0,0,66,0,0,104,0,0,0,0
p0814,SEC.ESC. MANUEL URIBE ANGEL,02,2,verde,1,114,230,49.57,32,9,0,0,0,69,0,0,114,0,0,0,0
p0814,SEC.ESC. MANUEL URIBE ANGEL,02,3,verde,1,118,203,58.13,25,12,0,0,0,40,0,0,118,0,0,0,0
p0814,SEC.ESC. MANUEL URIBE ANGEL,02,4,verde,1,130,213,61.03,24,13,0,0,0,42,0,0,130,0,0,0,0
p0814,SEC.ESC. MANUEL URIBE ANGEL,02,5,verde,1,115,189,60.85,20,12,0,0,0,39,0,0,115,0,0,0,0
p0814,SEC.ESC. MANUEL URIBE ANGEL,02,6,verde,1,133,238,55.88,17,20,0,0,0,66,0,0,133,0,0,0,0
p0814,SEC.ESC. MANUEL URIBE ANGEL,02,7,verde,1,123,224,54.91,28,21,0,0,0,45,0,0,123,0,0,0,0
p0814,SEC.ESC. MANUEL URIBE ANGEL,02,8,verde,1,121,227,53.3,26,19,0,0,0,57,0,0,121,0,0,0,0
p0814,SEC.ESC. MANUEL URIBE ANGEL,02,9,verde,1,131,218,60.09,18,21,0,0,0,43,0,0,131,0,0,0,0
p0814,SEC.ESC. MANUEL URIBE ANGEL,02,10,verde,1,123,236,52.12,22,19,0,0,0,65,0,0,123,0,0,0,0
p0814,SEC.ESC. MANUEL URIBE ANGEL,02,11,verde,1,134,227,59.03,19,16,0,0,0,52,0,0,134,0,0,0,0
p0814,SEC.ESC. MANUEL URIBE ANGEL,02,12,verde,1,133,235,56.6,14,26,0,0,0,54,0,0,133,0,0,0,0
p0814,SEC.ESC. MANUEL URIBE ANGEL,02,13,verde,1,78,130,60.0,7,12,0,0,0,32,0,0,78,0,0,0,0
p0814,SEC.ESC. MANUEL URIBE ANGEL,02,14,verde,1,100,201,49.75,19,14,0,0,0,63,0,0,100,0,0,0,0
p0814,SEC.ESC. MANUEL URIBE ANGEL,02,15,verde,1,140,244,57.38,27,11,0,0,0,58,0,0,140,0,0,0,0
p0814,SEC.ESC. MANUEL URIBE ANGEL,02,16,verde,1,136,237,57.38,23,7,0,0,0,61,0,0,136,0,0,0,0
p0814,SEC.ESC. MANUEL URIBE ANGEL,02,17,verde,1,143,240,59.58,25,10,0,0,0,51,0,0,143,0,0,0,0
p0814,SEC.ESC. MANUEL URIBE ANGEL,02,18,verde,1,140,243,57.61,21,6,0,0,0,68,0,0,140,0,0,0,0
p0814,SEC.ESC. MANUEL URIBE ANGEL,02,19,verde,1,86,203,42.36,11,18,0,0,0,86,0,0,86,0,0,0,0
p0814,SEC.ESC. MANUEL URIBE ANGEL,02,20,rojo,4,6,128,4.69,8,17,0,0,0,96,0,0,6,0,0,0,0
p0814,SEC.ESC. MANUEL URIBE ANGEL,02,21,amarillo,2,40,188,21.28,0,26,0,0,0,108,9,0,40,0,0,0,0
p0814,SEC.ESC. MANUEL URIBE ANGEL,02,22,amarillo,2,45,165,27.27,4,19,0,0,0,97,0,0,45,0,0,0,0
p0814,SEC.ESC. MANUEL URIBE ANGEL,02,23,amarillo,2,49,177,27.68,6,14,0,0,0,106,0,0,49,0,0,0,0
p0814,SEC.ESC. MANUEL URIBE ANGEL,02,24,amarillo,2,61,156,39.1,6,16,0,0,0,70,0,0,61,0,0,0,0
p0814,SEC.ESC. MANUEL URIBE ANGEL,02,25,verde,1,77,172,44.77,10,17,0,0,0,59,0,0,77,0,0,0,0
p0814,SEC.ESC. MANUEL URIBE ANGEL,02,26,amarillo,2,72,181,39.78,7,14,0,0,0,83,0,0,72,0,0,0,0
p0814,SEC.ESC. MANUEL URIBE ANGEL,02,27,amarillo,2,39,159,24.53,7,22,0,0,0,86,0,0,39,0,0,0,0
p0814,SEC.ESC. MANUEL URIBE ANGEL,02,28,amarillo,2,77,195,39.49,11,20,0,0,0,84,0,0,77,0,0,0,0
p0814,SEC.ESC. MANUEL URIBE ANGEL,02,29,amarillo,2,80,225,35.56,6,31,0,0,0,106,0,0,80,0,0,0,0
p0814,SEC.ESC. MANUEL URIBE ANGEL,02,30,amarillo,2,31,146,21.23,6,22,0,0,0,80,0,0,31,0,0,0,0
p0814,SEC.ESC. MANUEL URIBE ANGEL,02,31,amarillo,2,66,186,35.48,11,17,0,0,0,90,0,0,66,0,0,0,0
p0814,SEC.ESC. MANUEL URIBE ANGEL,02,32,verde,1,99,220,45.0,10,24,0,0,0,84,0,0,99,0,0,0,0
p0814,SEC.ESC. MANUEL URIBE ANGEL,02,33,verde,1,114,232,49.14,11,20,0,0,0,80,0,0,114,0,0,0,0
p0814,SEC.ESC. MANUEL URIBE ANGEL,02,34,amarillo,2,70,194,36.08,10,14,0,0,0,96,0,0,70,0,0,0,0
p0814,SEC.ESC. MANUEL URIBE ANGEL,02,35,amarillo,2,59,184,32.07,4,14,0,0,0,105,0,0,59,0,0,0,0
p0814,SEC.ESC. MANUEL URIBE ANGEL,02,36,verde,1,94,177,53.11,10,14,0,0,0,56,0,0,94,0,0,0,0
p0814,SEC.ESC. MANUEL URIBE ANGEL,02,37,verde,1,72,167,43.11,10,8,0,0,0,72,0,0,72,0,0,0,0
p0814,SEC.ESC. MANUEL URIBE ANGEL,02,38,amarillo,2,69,173,39.88,8,19,0,0,0,74,0,0,69,0,0,0,0
p0814,SEC.ESC. MANUEL URIBE ANGEL,02,39,amarillo,2,75,195,38.46,12,18,0,0,0,84,0,0,75,0,0,0,0
p0814,SEC.ESC. MANUEL URIBE ANGEL,02,40,amarillo,2,69,187,36.9,5,18,0,0,0,91,0,0,69,0,0,0,0
p0814,SEC.ESC. MANUEL URIBE ANGEL,02,41,amarillo,2,56,172,32.56,8,20,0,0,0,82,0,0,56,0,0,0,0
p0814,SEC.ESC. MANUEL URIBE ANGEL,02,42,amarillo,2,23,75,30.67,5,5,0,0,0,41,0,0,23,0,0,0,0
p0815,SEC. ESC. MEDELLIN,01,1,verde,1,109,196,55.61,24,9,0,0,0,46,0,0,109,0,0,0,0
p0815,SEC. ESC. MEDELLIN,01,2,verde,1,100,199,50.25,33,10,0,0,0,51,0,0,100,0,0,0,0
p0815,SEC. ESC. MEDELLIN,01,3,verde,1,96,190,50.53,35,10,0,0,0,42,0,0,96,0,0,0,0
p0815,SEC. ESC. MEDELLIN,01,4,verde,1,116,196,59.18,28,12,0,0,0,36,0,0,116,0,0,0,0
p0815,SEC. ESC. MEDELLIN,01,5,verde,1,106,208,50.96,33,13,0,0,0,46,0,0,106,0,0,0,0
p0815,SEC. ESC. MEDELLIN,01,6,verde,1,127,218,58.26,22,18,0,0,0,43,0,0,127,0,0,0,0
p0815,SEC. ESC. MEDELLIN,01,7,verde,1,119,220,54.09,27,20,0,0,0,43,0,0,119,0,0,0,0
p0815,SEC. ESC. MEDELLIN,01,8,verde,1,114,210,54.29,31,16,0,0,0,41,0,0,114,0,0,0,0
p0815,SEC. ESC. MEDELLIN,01,9,verde,1,132,238,55.46,28,21,0,0,0,54,0,0,132,0,0,0,0
p0815,SEC. ESC. MEDELLIN,01,10,verde,1,120,218,55.05,24,12,0,0,0,55,0,0,120,0,0,0,0
p0815,SEC. ESC. MEDELLIN,01,11,verde,1,119,193,61.66,20,9,0,0,0,40,0,0,119,0,0,0,0
p0815,SEC. ESC. MEDELLIN,01,12,verde,1,130,210,61.9,24,10,0,0,0,43,0,0,130,0,0,0,0
p0815,SEC. ESC. MEDELLIN,01,13,verde,1,126,225,56.0,18,8,0,0,0,65,0,0,126,0,0,0,0
p0815,SEC. ESC. MEDELLIN,01,14,verde,1,110,198,55.56,9,14,0,0,0,56,0,0,110,0,0,0,0
p0815,SEC. ESC. MEDELLIN,01,15,amarillo,2,36,143,25.17,0,18,0,0,0,80,5,0,36,0,0,0,0
p0815,SEC. ESC. MEDELLIN,01,16,amarillo,2,59,162,36.42,7,14,0,0,0,76,0,0,59,0,0,0,0
p0815,SEC. ESC. MEDELLIN,01,17,verde,1,97,189,51.32,11,19,0,0,0,56,0,0,97,0,0,0,0
p0815,SEC. ESC. MEDELLIN,01,18,amarillo,2,66,161,40.99,10,15,0,0,0,68,0,0,66,0,0,0,0
p0815,SEC. ESC. MEDELLIN,01,19,amarillo,2,55,148,37.16,10,21,0,0,0,62,0,0,55,0,0,0,0
p0815,SEC. ESC. MEDELLIN,01,20,verde,1,76,172,44.19,11,16,0,0,0,64,0,0,76,0,0,0,0
p0815,SEC. ESC. MEDELLIN,01,21,verde,1,87,197,44.16,12,22,0,0,0,74,0,0,87,0,0,0,0
p0815,SEC. ESC. MEDELLIN,01,22,amarillo,2,52,142,36.62,9,8,0,0,0,71,0,0,52,0,0,0,0
p0815,SEC. ESC. MEDELLIN,01,23,verde,1,78,166,46.99,13,14,0,0,0,54,0,0,78,0,0,0,0
p0815,SEC. ESC. MEDELLIN,01,24,amarillo,2,65,178,36.52,6,17,0,0,0,84,0,0,65,0,0,0,0
p0815,SEC. ESC. MEDELLIN,01,25,amarillo,2,58,150,38.67,8,9,0,0,0,72,0,0,58,0,0,0,0
p0815,SEC. ESC. MEDELLIN,01,26,amarillo,2,9,27,33.33,1,3,0,0,0,14,0,0,9,0,0,0,0
p0816,SEC. ESC. MONSEÑOR PERDOMO,13,1,verde,1,133,208,63.94,38,9,0,0,0,28,0,0,133,0,0,0,0
p0816,SEC. ESC. MONSEÑOR PERDOMO,13,2,verde,1,144,225,64.0,31,5,0,0,0,41,0,0,144,0,0,0,0
p0816,SEC. ESC. MONSEÑOR PERDOMO,13,3,verde,1,156,258,60.47,47,4,0,0,0,48,0,0,156,0,0,0,0
p0816,SEC. ESC. MONSEÑOR PERDOMO,13,4,verde,1,140,221,63.35,31,8,0,0,0,38,0,0,140,0,0,0,0
p0816,SEC. ESC. MONSEÑOR PERDOMO,13,5,verde,1,158,223,70.85,38,12,0,0,0,12,0,0,158,0,0,0,0
p0816,SEC. ESC. MONSEÑOR PERDOMO,13,6,verde,1,155,238,65.13,45,16,0,0,0,18,0,0,155,0,0,0,0
p0816,SEC. ESC. MONSEÑOR PERDOMO,13,7,verde,1,166,244,68.03,28,18,0,0,0,31,0,0,166,0,0,0,0
p0816,SEC. ESC. MONSEÑOR PERDOMO,13,8,verde,1,173,243,71.19,29,12,0,0,0,24,0,0,173,0,0,0,0
p0816,SEC. ESC. MONSEÑOR PERDOMO,13,9,verde,1,172,246,69.92,33,10,0,0,0,26,0,0,172,0,0,0,0
p0816,SEC. ESC. MONSEÑOR PERDOMO,13,10,verde,1,166,245,67.76,30,6,0,0,0,39,0,0,166,0,0,0,0
p0816,SEC. ESC. MONSEÑOR PERDOMO,13,11,verde,1,168,254,66.14,32,16,0,0,0,34,0,0,168,0,0,0,0
p0816,SEC. ESC. MONSEÑOR PERDOMO,13,12,verde,1,191,264,72.35,26,10,0,0,0,32,0,0,191,0,0,0,0
p0816,SEC. ESC. MONSEÑOR PERDOMO,13,13,verde,1,180,229,78.6,33,15,0,0,0,0,0,0,180,0,1,0,0
p0816,SEC. ESC. MONSEÑOR PERDOMO,13,14,verde,1,173,254,68.11,15,20,0,0,0,44,0,0,173,0,0,0,0
p0816,SEC. ESC. MONSEÑOR PERDOMO,13,15,verde,1,167,251,66.53,26,27,0,0,0,29,0,0,167,0,0,0,0
p0816,SEC. ESC. MONSEÑOR PERDOMO,13,16,verde,1,177,261,67.82,29,16,0,0,0,33,0,0,177,0,0,0,0
p0816,SEC. ESC. MONSEÑOR PERDOMO,13,17,verde,1,176,267,65.92,31,17,0,0,0,40,0,0,176,0,0,0,0
p0816,SEC. ESC. MONSEÑOR PERDOMO,13,18,verde,1,173,255,67.84,20,22,0,0,0,36,0,0,173,0,0,0,0
p0816,SEC. ESC. MONSEÑOR PERDOMO,13,19,verde,1,141,230,61.3,19,24,0,0,0,45,0,0,141,0,0,0,0
p0816,SEC. ESC. MONSEÑOR PERDOMO,13,20,verde,1,169,241,70.12,22,9,0,0,0,36,0,0,169,0,0,0,0
p0816,SEC. ESC. MONSEÑOR PERDOMO,13,21,verde,1,192,274,70.07,25,6,0,0,0,47,0,0,192,0,0,0,0
p0816,SEC. ESC. MONSEÑOR PERDOMO,13,22,verde,1,87,184,47.28,9,26,0,0,0,59,0,0,87,0,0,0,0
p0816,SEC. ESC. MONSEÑOR PERDOMO,13,23,amarillo,2,78,210,37.14,16,32,0,0,0,82,0,0,78,0,0,0,0
p0816,SEC. ESC. MONSEÑOR PERDOMO,13,24,verde,1,112,240,46.67,19,29,0,0,0,77,0,0,112,0,0,0,0
p0816,SEC. ESC. MONSEÑOR PERDOMO,13,25,verde,1,109,224,48.66,17,24,0,0,0,70,0,0,109,0,0,0,0
p0816,SEC. ESC. MONSEÑOR PERDOMO,13,26,verde,1,96,226,42.48,19,25,0,0,0,83,0,0,96,0,0,0,0
p0816,SEC. ESC. MONSEÑOR PERDOMO,13,27,verde,1,88,235,37.45,15,40,0,0,0,88,0,0,88,0,0,0,0
p0816,SEC. ESC. MONSEÑOR PERDOMO,13,28,verde,1,87,198,43.94,8,36,0,0,0,64,0,0,87,0,0,0,0
p0817,SEC.ESC.NIÑO JESUS DE PRAGA,08,1,verde,1,139,273,50.92,28,8,0,0,0,91,0,0,139,0,0,0,0
p0817,SEC.ESC.NIÑO JESUS DE PRAGA,08,2,verde,1,134,250,53.6,33,13,0,0,0,65,0,0,134,0,0,0,0
p0817,SEC.ESC.NIÑO JESUS DE PRAGA,08,3,verde,1,120,247,48.58,25,14,0,0,0,82,0,0,120,0,0,0,0
p0817,SEC.ESC.NIÑO JESUS DE PRAGA,08,4,verde,1,138,265,52.08,26,22,0,0,0,70,0,0,138,0,0,0,0
p0817,SEC.ESC.NIÑO JESUS DE PRAGA,08,5,verde,1,136,253,53.75,19,10,0,0,0,82,0,0,136,0,0,0,0
p0817,SEC.ESC.NIÑO JESUS DE PRAGA,08,6,verde,1,144,270,53.33,18,0,0,0,0,92,8,0,144,0,0,0,0
p0817,SEC.ESC.NIÑO JESUS DE PRAGA,08,7,amarillo,2,43,189,22.75,13,28,0,0,0,102,0,0,43,0,0,0,0
p0817,SEC.ESC.NIÑO JESUS DE PRAGA,08,8,amarillo,2,58,198,29.29,10,17,0,0,0,111,0,0,58,0,0,0,0
p0817,SEC.ESC.NIÑO JESUS DE PRAGA,08,9,amarillo,2,78,226,34.51,14,31,0,0,0,94,0,0,78,0,0,0,0
p0817,SEC.ESC.NIÑO JESUS DE PRAGA,08,10,amarillo,2,73,208,35.1,6,21,0,0,0,104,0,0,73,0,0,0,0
p0817,SEC.ESC.NIÑO JESUS DE PRAGA,08,11,amarillo,2,91,218,41.74,6,20,0,0,0,97,0,0,91,0,0,0,0
p0817,SEC.ESC.NIÑO JESUS DE PRAGA,08,12,amarillo,2,94,249,37.75,0,11,0,0,0,132,6,0,94,0,0,0,0
p0817,SEC.ESC.NIÑO JESUS DE PRAGA,08,13,amarillo,2,88,230,38.26,9,12,0,0,0,115,0,0,88,0,0,0,0
p0817,SEC.ESC.NIÑO JESUS DE PRAGA,08,14,amarillo,2,55,146,37.67,4,13,0,0,0,70,0,0,55,0,0,0,0
p0818,SEC. ESC. NUEVO HORIZONTE 2,01,1,verde,1,81,189,42.86,29,10,0,0,0,58,0,0,81,0,0,0,0
p0818,SEC. ESC. NUEVO HORIZONTE 2,01,2,amarillo,2,26,90,28.89,0,11,0,0,0,49,2,0,26,0,0,0,0
p0818,SEC. ESC. NUEVO HORIZONTE 2,01,3,verde,1,49,107,45.79,3,6,0,0,0,46,0,0,49,0,0,0,0
p0818,SEC. ESC. NUEVO HORIZONTE 2,01,4,amarillo,2,28,79,35.44,5,8,0,0,0,34,0,0,28,0,0,0,0
p0818,SEC. ESC. NUEVO HORIZONTE 2,01,5,amarillo,2,45,109,41.28,4,12,0,0,0,48,0,0,45,0,0,0,0
p0818,SEC. ESC. NUEVO HORIZONTE 2,01,6,amarillo,2,36,102,35.29,7,12,0,0,0,44,0,0,36,0,0,0,0
p0818,SEC. ESC. NUEVO HORIZONTE 2,01,7,amarillo,2,63,149,42.28,5,12,0,0,0,65,0,0,63,0,0,0,0
p0818,SEC. ESC. NUEVO HORIZONTE 2,01,8,amarillo,2,51,133,38.35,9,12,0,0,0,55,0,0,51,0,0,0,0
p0818,SEC. ESC. NUEVO HORIZONTE 2,01,9,verde,1,39,73,53.42,6,2,0,0,0,24,0,0,39,0,0,0,0
p0818,SEC. ESC. NUEVO HORIZONTE 2,01,10,verde,1,44,97,45.36,5,9,0,0,0,36,0,0,44,0,0,0,0
p0818,SEC. ESC. NUEVO HORIZONTE 2,01,11,verde,1,48,91,52.75,6,4,0,0,0,33,0,0,48,0,0,0,0
p0818,SEC. ESC. NUEVO HORIZONTE 2,01,12,verde,1,44,70,62.86,2,2,0,0,0,22,0,0,44,0,0,0,0
p0818,SEC. ESC. NUEVO HORIZONTE 2,01,13,amarillo,2,26,78,33.33,4,2,0,0,0,44,0,0,26,0,0,0,0
p0818,SEC. ESC. NUEVO HORIZONTE 2,01,14,verde,1,23,57,40.35,5,0,0,0,0,21,6,0,23,0,0,0,0
p0818,SEC. ESC. NUEVO HORIZONTE 2,01,15,verde,1,30,62,48.39,3,0,0,0,0,23,3,0,30,0,0,0,0
p0818,SEC. ESC. NUEVO HORIZONTE 2,01,16,verde,1,27,63,42.86,2,6,0,0,0,26,0,0,27,0,0,0,0
p0818,SEC. ESC. NUEVO HORIZONTE 2,01,17,verde,1,24,57,42.11,0,3,6,0,0,21,0,0,24,0,0,0,0
p0818,SEC. ESC. NUEVO HORIZONTE 2,01,18,amarillo,2,22,58,37.93,2,5,0,0,0,25,0,0,22,0,0,0,0
p0818,SEC. ESC. NUEVO HORIZONTE 2,01,19,amarillo,2,19,57,33.33,0,5,0,0,0,28,3,0,19,0,0,0,0
p0818,SEC. ESC. NUEVO HORIZONTE 2,01,20,amarillo,2,10,59,16.95,5,2,0,0,0,42,0,0,10,0,0,0,0
p0818,SEC. ESC. NUEVO HORIZONTE 2,01,21,verde,1,28,62,45.16,0,7,0,0,0,26,1,0,28,0,0,0,0
p0818,SEC. ESC. NUEVO HORIZONTE 2,01,22,verde,1,31,60,51.67,4,2,0,0,0,22,0,0,31,0,0,0,0
p0818,SEC. ESC. NUEVO HORIZONTE 2,01,23,verde,1,33,76,43.42,0,9,0,0,0,30,3,0,33,0,0,0,0
p0818,SEC. ESC. NUEVO HORIZONTE 2,01,24,verde,1,36,60,60.0,0,1,0,0,0,23,0,0,36,0,0,0,0
p0818,SEC. ESC. NUEVO HORIZONTE 2,01,25,amarillo,2,23,70,32.86,2,8,0,0,0,37,0,0,23,0,0,0,0
p0818,SEC. ESC. NUEVO HORIZONTE 2,01,26,amarillo,2,40,96,41.67,6,5,0,0,0,44,0,0,40,0,0,0,0
p0818,SEC. ESC. NUEVO HORIZONTE 2,01,27,amarillo,2,31,92,33.7,4,9,0,0,0,46,0,0,31,0,0,0,0
p0818,SEC. ESC. NUEVO HORIZONTE 2,01,28,amarillo,2,35,92,38.04,2,3,0,0,0,51,0,0,35,0,0,0,0
p0818,SEC. ESC. NUEVO HORIZONTE 2,01,29,amarillo,2,40,107,37.38,0,7,0,0,0,56,3,0,40,0,0,0,0
p0818,SEC. ESC. NUEVO HORIZONTE 2,01,30,amarillo,2,36,96,37.5,0,8,0,0,0,46,3,0,36,0,0,0,0
p0818,SEC. ESC. NUEVO HORIZONTE 2,01,31,amarillo,2,42,118,35.59,3,10,0,0,0,63,0,0,42,0,0,0,0
p0818,SEC. ESC. NUEVO HORIZONTE 2,01,32,amarillo,2,28,74,37.84,0,2,0,0,0,40,3,0,28,0,0,0,0
p0819,SEC. ESC. PEDRO DE CASTRO,12,1,verde,1,177,249,71.08,38,7,0,0,0,26,0,0,177,0,0,0,0
p0819,SEC. ESC. PEDRO DE CASTRO,12,2,verde,1,179,262,68.32,33,11,0,0,0,36,0,0,179,0,0,0,0
p0819,SEC. ESC. PEDRO DE CASTRO,12,3,verde,1,198,286,69.23,31,11,0,0,0,43,0,0,198,0,0,0,0
p0819,SEC. ESC. PEDRO DE CASTRO,12,4,verde,1,171,226,75.66,30,6,0,0,0,18,0,0,171,0,0,0,0
p0819,SEC. ESC. PEDRO DE CASTRO,12,5,verde,1,191,245,77.96,19,14,0,0,0,19,0,0,191,0,0,0,0
p0819,SEC. ESC. PEDRO DE CASTRO,12,6,verde,1,182,254,71.65,31,13,0,0,0,26,0,0,182,0,0,0,0
p0819,SEC. ESC. PEDRO DE CASTRO,12,7,verde,1,210,272,77.21,27,15,0,0,0,18,0,0,210,0,0,0,0
p0819,SEC. ESC. PEDRO DE CASTRO,12,8,verde,1,224,281,79.72,34,3,0,0,0,19,0,0,224,0,0,0,0
p0819,SEC. ESC. PEDRO DE CASTRO,12,9,verde,1,240,285,84.21,18,10,0,0,0,17,0,0,240,0,0,0,0
p0819,SEC. ESC. PEDRO DE CASTRO,12,10,verde,1,206,281,73.31,31,11,0,0,0,31,0,0,206,0,0,0,0
p0819,SEC. ESC. PEDRO DE CASTRO,12,11,verde,1,205,280,73.21,31,11,0,0,0,29,0,0,205,0,0,0,0
p0819,SEC. ESC. PEDRO DE CASTRO,12,12,verde,1,228,290,78.62,24,10,0,0,0,26,0,0,228,0,0,0,0
p0819,SEC. ESC. PEDRO DE CASTRO,12,13,verde,1,213,281,75.8,30,11,0,0,0,24,0,0,213,0,0,0,0
p0819,SEC. ESC. PEDRO DE CASTRO,12,14,verde,1,204,268,76.12,24,11,0,0,0,25,0,0,204,0,0,0,0
p0819,SEC. ESC. PEDRO DE CASTRO,12,15,verde,1,151,195,77.44,18,12,0,0,0,14,0,0,151,0,0,0,0
p0820,SEC.ESC.PIO XII,13,1,verde,1,149,235,63.4,21,9,0,0,0,53,0,0,149,0,0,0,0
p0820,SEC.ESC.PIO XII,13,2,verde,1,162,249,65.06,23,18,0,0,0,41,0,0,162,0,0,0,0
p0820,SEC.ESC.PIO XII,13,3,verde,1,169,266,63.53,32,24,0,0,0,34,0,0,169,0,0,0,0
p0820,SEC.ESC.PIO XII,13,4,verde,1,175,271,64.58,27,21,0,0,0,41,0,0,175,0,0,0,0
p0820,SEC.ESC.PIO XII,13,5,verde,1,161,261,61.69,38,15,0,0,0,44,0,0,161,0,0,0,0
p0820,SEC.ESC.PIO XII,13,6,verde,1,154,256,60.16,34,11,0,0,0,52,0,0,154,0,0,0,0
p0820,SEC.ESC.PIO XII,13,7,verde,1,175,256,68.36,23,9,0,0,0,43,0,0,175,0,0,0,0
p0820,SEC.ESC.PIO XII,13,8,verde,1,180,260,69.23,28,10,0,0,0,40,0,0,180,0,0,0,0
p0820,SEC.ESC.PIO XII,13,9,verde,1,188,252,74.6,19,6,0,0,0,30,0,0,188,0,0,0,0
p0820,SEC.ESC.PIO XII,13,10,verde,1,161,240,67.08,17,6,0,0,0,53,0,0,161,0,0,0,0
p0820,SEC.ESC.PIO XII,13,11,verde,1,168,256,65.62,23,9,0,0,0,51,0,0,168,0,0,0,0
p0820,SEC.ESC.PIO XII,13,12,verde,1,86,180,47.78,12,20,0,0,0,58,0,0,86,0,0,0,0
p0820,SEC.ESC.PIO XII,13,13,verde,1,112,197,56.85,12,16,0,0,0,55,0,0,112,0,0,0,0
p0820,SEC.ESC.PIO XII,13,14,verde,1,101,218,46.33,14,33,0,0,0,63,0,0,101,0,0,0,0
p0820,SEC.ESC.PIO XII,13,15,verde,1,107,233,45.92,19,25,0,0,0,79,0,0,107,0,0,0,0
p0820,SEC.ESC.PIO XII,13,16,verde,1,132,221,59.73,17,19,0,0,0,51,0,0,132,0,0,0,0
p0820,SEC.ESC.PIO XII,13,17,verde,1,125,206,60.68,12,20,0,0,0,45,0,0,125,0,0,0,0
p0820,SEC.ESC.PIO XII,13,18,verde,1,108,205,52.68,14,22,0,0,0,57,0,0,108,0,0,0,0
p0820,SEC.ESC.PIO XII,13,19,verde,1,90,194,46.39,11,24,0,0,0,64,0,0,90,0,0,0,0
p0820,SEC.ESC.PIO XII,13,20,verde,1,95,208,45.67,15,32,0,0,0,62,0,0,95,0,0,0,0
p0820,SEC.ESC.PIO XII,13,21,verde,1,92,214,42.99,13,17,0,0,0,91,0,0,92,0,0,0,0
p0820,SEC.ESC.PIO XII,13,22,verde,1,78,190,41.05,16,31,0,0,0,63,0,0,78,0,0,0,0
p0820,SEC.ESC.PIO XII,13,23,verde,1,56,142,39.44,9,21,0,0,0,52,0,0,56,0,0,0,0
p0821,SEC. ESC. PORFIRIO BARBA JACOB,04,1,verde,1,182,300,60.67,32,14,0,0,0,68,0,0,182,0,0,0,0
p0821,SEC. ESC. PORFIRIO BARBA JACOB,04,2,verde,1,106,271,39.11,14,39,0,0,0,106,0,0,106,0,0,0,0
p0821,SEC. ESC. PORFIRIO BARBA JACOB,04,3,verde,1,37,93,39.78,5,13,0,0,0,37,0,0,37,0,0,0,0
p0822,SEC.ESC.RAFAEL URIBE URIBE,12,1,verde,1,200,275,72.73,33,7,0,0,0,31,0,0,200,0,0,0,0
p0822,SEC.ESC.RAFAEL URIBE URIBE,12,2,verde,1,160,246,65.04,22,20,0,0,0,41,0,0,160,0,0,0,0
p0822,SEC.ESC.RAFAEL URIBE URIBE,12,3,rojo,5,9,215,4.19,24,27,0,0,0,45,0,0,0,0,0,0,109
p0822,SEC.ESC.RAFAEL URIBE URIBE,12,4,verde,1,116,224,51.79,10,35,0,0,0,62,0,0,116,0,0,0,0
p0822,SEC.ESC.RAFAEL URIBE URIBE,12,5,verde,1,143,221,64.71,20,25,0,0,0,29,0,0,143,0,0,0,0
p0822,SEC.ESC.RAFAEL URIBE URIBE,12,6,verde,1,130,208,62.5,9,30,0,0,0,36,0,0,130,0,0,0,0
p0822,SEC.ESC.RAFAEL URIBE URIBE,12,7,verde,1,120,191,62.83,17,22,0,0,0,31,0,0,120,0,0,0,0
p0822,SEC.ESC.RAFAEL URIBE URIBE,12,8,verde,1,119,234,50.85,25,42,0,0,0,48,0,0,119,0,0,0,0
p0822,SEC.ESC.RAFAEL URIBE URIBE,12,9,verde,1,126,249,50.6,17,47,0,0,0,54,0,0,126,0,0,0,0
p0822,SEC.ESC.RAFAEL URIBE URIBE,12,10,verde,1,94,231,40.69,22,43,0,0,0,71,0,0,94,0,0,0,0
p0822,SEC.ESC.RAFAEL URIBE URIBE,12,11,verde,1,14,34,41.18,1,9,0,0,0,10,0,0,14,0,0,0,0
p0823,SEC. ESC. REPUBLICA DE COSTA RICA,15,1,verde,1,136,233,58.37,40,13,0,0,0,42,0,0,136,0,0,0,0
p0823,SEC. ESC. REPUBLICA DE COSTA RICA,15,2,verde,1,150,250,60.0,42,8,0,0,0,46,0,0,150,0,0,0,0
p0823,SEC. ESC. REPUBLICA DE COSTA RICA,15,3,verde,1,148,238,62.18,39,11,0,0,0,33,0,0,148,0,0,0,0
p0823,SEC. ESC. REPUBLICA DE COSTA RICA,15,4,verde,1,165,236,69.92,39,5,0,0,0,22,0,0,165,0,0,0,0
p0823,SEC. ESC. REPUBLICA DE COSTA RICA,15,5,verde,1,155,248,62.5,44,9,0,0,0,38,0,0,155,0,0,0,0
p0823,SEC. ESC. REPUBLICA DE COSTA RICA,15,6,verde,1,167,244,68.44,28,12,0,0,0,34,0,0,167,0,0,0,0
p0823,SEC. ESC. REPUBLICA DE COSTA RICA,15,7,verde,1,161,242,66.53,24,19,0,0,0,34,0,0,161,0,0,0,0
p0823,SEC. ESC. REPUBLICA DE COSTA RICA,15,8,verde,1,176,254,69.29,32,17,0,0,0,24,0,0,176,0,0,0,0
p0823,SEC. ESC. REPUBLICA DE COSTA RICA,15,9,verde,1,167,245,68.16,23,16,0,0,0,34,0,0,167,0,0,0,0
p0823,SEC. ESC. REPUBLICA DE COSTA RICA,15,10,verde,1,185,275,67.27,28,23,0,0,0,38,0,0,185,0,0,0,0
p0823,SEC. ESC. REPUBLICA DE COSTA RICA,15,11,verde,1,173,266,65.04,29,24,0,0,0,36,0,0,173,0,0,0,0
p0823,SEC. ESC. REPUBLICA DE COSTA RICA,15,12,verde,1,173,257,67.32,21,12,0,0,0,47,0,0,173,0,0,0,0
p0823,SEC. ESC. REPUBLICA DE COSTA RICA,15,13,verde,1,171,260,65.77,26,8,0,0,0,52,0,0,171,0,0,0,0
p0823,SEC. ESC. REPUBLICA DE COSTA RICA,15,14,verde,1,160,253,63.24,27,12,0,0,0,49,0,0,160,0,0,0,0
p0823,SEC. ESC. REPUBLICA DE COSTA RICA,15,15,verde,1,171,259,66.02,30,9,0,0,0,47,0,0,171,0,0,0,0
p0823,SEC. ESC. REPUBLICA DE COSTA RICA,15,16,verde,1,169,253,66.8,26,7,0,0,0,49,0,0,169,0,0,0,0
p0823,SEC. ESC. REPUBLICA DE COSTA RICA,15,17,verde,1,135,250,54.0,14,30,0,0,0,70,0,0,135,0,0,0,0
p0823,SEC. ESC. REPUBLICA DE COSTA RICA,15,18,verde,1,99,219,45.21,14,32,0,0,0,69,0,0,99,0,0,0,0
p0823,SEC. ESC. REPUBLICA DE COSTA RICA,15,19,verde,1,140,280,50.0,12,46,0,0,0,79,0,0,140,0,0,0,0
p0823,SEC. ESC. REPUBLICA DE COSTA RICA,15,20,verde,1,135,275,49.09,19,30,0,0,0,84,0,0,135,0,0,0,0
p0823,SEC. ESC. REPUBLICA DE COSTA RICA,15,21,verde,1,129,276,46.74,17,43,0,0,0,85,0,0,129,0,0,0,0
p0823,SEC. ESC. REPUBLICA DE COSTA RICA,15,22,verde,1,121,253,47.83,18,37,0,0,0,76,0,0,121,0,0,0,0
p0823,SEC. ESC. REPUBLICA DE COSTA RICA,15,23,verde,1,106,197,53.81,11,30,0,0,0,47,0,0,106,0,0,0,0
p0823,SEC. ESC. REPUBLICA DE COSTA RICA,15,24,verde,1,44,99,44.44,8,13,0,0,0,34,0,0,44,0,0,0,0
p0824,SEC. ESC. REPUBLICA DE PANAMA,13,1,verde,1,142,233,60.94,36,8,0,0,0,45,0,0,142,0,0,0,0
p0824,SEC. ESC. REPUBLICA DE PANAMA,13,2,verde,1,140,210,66.67,28,5,0,0,0,35,0,0,140,0,0,0,0
p0824,SEC. ESC. REPUBLICA DE PANAMA,13,3,verde,1,158,246,64.23,17,17,0,0,0,47,0,0,158,0,0,0,0
p0824,SEC. ESC. REPUBLICA DE PANAMA,13,4,verde,1,163,226,72.12,20,8,0,0,0,30,0,0,163,0,0,0,0
p0824,SEC. ESC. REPUBLICA DE PANAMA,13,5,verde,1,188,245,76.73,19,10,0,0,0,26,0,0,188,0,0,0,0
p0824,SEC. ESC. REPUBLICA DE PANAMA,13,6,verde,1,172,242,71.07,21,10,0,0,0,36,0,0,172,0,0,0,0
p0824,SEC. ESC. REPUBLICA DE PANAMA,13,7,verde,1,176,257,68.48,19,15,0,0,0,42,0,0,176,0,0,0,0
p0824,SEC. ESC. REPUBLICA DE PANAMA,13,8,verde,1,169,248,68.15,17,22,0,0,0,39,0,0,169,0,0,0,0
p0824,SEC. ESC. REPUBLICA DE PANAMA,13,9,verde,1,164,260,63.08,33,15,0,0,0,42,0,0,164,0,0,0,0
p0824,SEC. ESC. REPUBLICA DE PANAMA,13,10,verde,1,178,265,67.17,16,8,0,0,0,58,0,0,178,0,0,0,0
p0824,SEC. ESC. REPUBLICA DE PANAMA,13,11,verde,1,180,252,71.43,18,8,0,0,0,46,0,0,180,0,0,0,0
p0824,SEC. ESC. REPUBLICA DE PANAMA,13,12,verde,1,144,244,59.02,21,20,0,0,0,55,0,0,144,0,0,0,0
p0824,SEC. ESC. REPUBLICA DE PANAMA,13,13,verde,1,116,229,50.66,11,26,0,0,0,73,0,0,116,0,0,0,0
p0824,SEC. ESC. REPUBLICA DE PANAMA,13,14,verde,1,118,261,45.21,20,39,0,0,0,79,0,0,118,0,0,0,0
p0824,SEC. ESC. REPUBLICA DE PANAMA,13,15,verde,1,115,226,50.88,15,16,0,0,0,78,0,0,115,0,0,0,0
p0824,SEC. ESC. REPUBLICA DE PANAMA,13,16,verde,1,99,198,50.0,12,19,0,0,0,64,0,0,99,0,0,0,0
p0824,SEC. ESC. REPUBLICA DE PANAMA,13,17,verde,1,94,216,43.52,14,25,0,0,0,79,0,0,94,0,0,0,0
p0825,SEC ESC SAN JOSE (IE MANUELA BELTRAN),03,1,verde,1,131,248,52.82,41,13,0,0,0,58,0,0,131,0,0,0,0
p0825,SEC ESC SAN JOSE (IE MANUELA BELTRAN),03,2,verde,1,129,240,53.75,26,19,0,0,0,47,0,0,129,0,0,0,0
p0825,SEC ESC SAN JOSE (IE MANUELA BELTRAN),03,3,verde,1,129,234,55.13,31,16,0,0,0,49,0,0,129,0,0,0,0
p0825,SEC ESC SAN JOSE (IE MANUELA BELTRAN),03,4,verde,1,153,255,60.0,17,20,0,0,0,59,0,0,153,0,0,0,0
p0825,SEC ESC SAN JOSE (IE MANUELA BELTRAN),03,5,verde,1,139,254,54.72,23,23,0,0,0,62,0,0,139,0,0,0,0
p0825,SEC ESC SAN JOSE (IE MANUELA BELTRAN),03,6,verde,1,145,232,62.5,36,6,0,0,0,40,0,0,145,0,0,0,0
p0825,SEC ESC SAN JOSE (IE MANUELA BELTRAN),03,7,verde,1,135,223,60.54,15,11,0,0,0,55,0,0,135,0,0,0,0
p0825,SEC ESC SAN JOSE (IE MANUELA BELTRAN),03,8,verde,1,118,220,53.64,45,9,0,0,0,40,0,0,118,0,0,0,0
p0825,SEC ESC SAN JOSE (IE MANUELA BELTRAN),03,9,verde,1,139,239,58.16,28,13,0,0,0,50,0,0,139,0,0,0,0
p0825,SEC ESC SAN JOSE (IE MANUELA BELTRAN),03,10,verde,1,138,233,59.23,18,11,0,0,0,58,0,0,138,0,0,0,0
p0825,SEC ESC SAN JOSE (IE MANUELA BELTRAN),03,11,verde,1,153,231,66.23,20,9,0,0,0,46,0,0,153,0,0,0,0
p0825,SEC ESC SAN JOSE (IE MANUELA BELTRAN),03,12,verde,1,141,237,59.49,17,15,0,0,0,57,0,0,141,0,0,0,0
p0825,SEC ESC SAN JOSE (IE MANUELA BELTRAN),03,13,verde,1,137,254,53.94,17,14,0,0,0,80,0,0,137,0,0,0,0
p0825,SEC ESC SAN JOSE (IE MANUELA BELTRAN),03,14,verde,1,138,233,59.23,23,10,0,0,0,52,0,0,138,0,0,0,0
p0825,SEC ESC SAN JOSE (IE MANUELA BELTRAN),03,15,amarillo,2,57,157,36.31,5,17,0,0,0,74,0,0,57,0,0,0,0
p0825,SEC ESC SAN JOSE (IE MANUELA BELTRAN),03,16,amarillo,2,59,182,32.42,7,15,0,0,0,97,0,0,59,0,0,0,0
p0825,SEC ESC SAN JOSE (IE MANUELA BELTRAN),03,17,amarillo,2,46,170,27.06,5,28,0,0,0,90,0,0,46,0,0,0,0
p0825,SEC ESC SAN JOSE (IE MANUELA BELTRAN),03,18,amarillo,2,62,181,34.25,4,29,0,0,0,85,0,0,62,0,0,0,0
p0825,SEC ESC SAN JOSE (IE MANUELA BELTRAN),03,19,amarillo,2,41,153,26.8,6,15,0,0,0,90,0,0,41,0,0,0,0
p0825,SEC ESC SAN JOSE (IE MANUELA BELTRAN),03,20,amarillo,2,54,174,31.03,8,25,0,0,0,83,0,0,54,0,0,0,0
p0825,SEC ESC SAN JOSE (IE MANUELA BELTRAN),03,21,verde,1,101,181,55.8,13,13,0,0,0,50,0,0,101,0,0,0,0
p0825,SEC ESC SAN JOSE (IE MANUELA BELTRAN),03,22,verde,1,93,183,50.82,9,8,0,0,0,65,0,0,93,0,0,0,0
p0825,SEC ESC SAN JOSE (IE MANUELA BELTRAN),03,23,verde,1,81,164,49.39,18,11,0,0,0,53,0,0,81,0,0,0,0
p0825,SEC ESC SAN JOSE (IE MANUELA BELTRAN),03,24,verde,1,81,183,44.26,12,16,0,0,0,67,0,0,81,0,0,0,0
p0825,SEC ESC SAN JOSE (IE MANUELA BELTRAN),03,25,verde,1,95,180,52.78,7,6,0,0,0,67,0,0,95,0,0,0,0
p0825,SEC ESC SAN JOSE (IE MANUELA BELTRAN),03,26,amarillo,2,81,201,40.3,9,21,0,0,0,88,0,0,81,0,0,0,0
p0825,SEC ESC SAN JOSE (IE MANUELA BELTRAN),03,27,amarillo,2,58,178,32.58,7,25,0,0,0,87,0,0,58,0,0,0,0
p0825,SEC ESC SAN JOSE (IE MANUELA BELTRAN),03,28,amarillo,2,70,200,35.0,10,29,0,0,0,83,0,0,70,0,0,0,0
p0825,SEC ESC SAN JOSE (IE MANUELA BELTRAN),03,29,amarillo,2,57,160,35.62,0,17,0,0,0,78,5,0,57,0,0,0,0
p0825,SEC ESC SAN JOSE (IE MANUELA BELTRAN),03,30,amarillo,2,65,180,36.11,11,14,0,0,0,82,0,0,65,0,0,0,0
p0825,SEC ESC SAN JOSE (IE MANUELA BELTRAN),03,31,verde,1,85,220,38.64,12,38,0,0,0,80,0,0,85,0,0,0,0
p0825,SEC ESC SAN JOSE (IE MANUELA BELTRAN),03,32,amarillo,2,81,189,42.86,0,14,0,0,0,84,5,0,81,0,0,0,0
p0825,SEC ESC SAN JOSE (IE MANUELA BELTRAN),03,33,amarillo,2,56,166,33.73,6,8,0,0,0,93,0,0,56,0,0,0,0
p0825,SEC ESC SAN JOSE (IE MANUELA BELTRAN),03,34,verde,1,79,164,48.17,10,16,0,0,0,56,0,0,79,0,0,0,0
p0825,SEC ESC SAN JOSE (IE MANUELA BELTRAN),03,35,verde,1,81,189,42.86,14,17,0,0,0,74,0,0,81,0,0,0,0
p0825,SEC ESC SAN JOSE (IE MANUELA BELTRAN),03,36,verde,1,77,173,44.51,7,19,0,0,0,65,0,0,77,0,0,0,0
p0825,SEC ESC SAN JOSE (IE MANUELA BELTRAN),03,37,verde,1,75,169,44.38,12,20,0,0,0,59,0,0,75,0,0,0,0
p0825,SEC ESC SAN JOSE (IE MANUELA BELTRAN),03,38,verde,1,79,173,45.66,0,17,0,0,0,65,5,0,79,0,0,0,0
p0825,SEC ESC SAN JOSE (IE MANUELA BELTRAN),03,39,amarillo,2,57,155,36.77,7,13,0,0,0,72,0,0,57,0,0,0,0
p0825,SEC ESC SAN JOSE (IE MANUELA BELTRAN),03,40,amarillo,2,62,182,34.07,12,23,0,0,0,85,0,0,62,0,0,0,0
p0825,SEC ESC SAN JOSE (IE MANUELA BELTRAN),03,41,amarillo,2,58,165,35.15,10,21,0,0,0,70,0,0,58,0,0,0,0
p0825,SEC ESC SAN JOSE (IE MANUELA BELTRAN),03,42,amarillo,2,51,152,33.55,9,16,0,0,0,74,0,0,51,0,0,0,0
p0826,SEC.ESC.SAN MARTIN DE PORRES,06,1,verde,1,129,215,60.0,25,12,0,0,0,44,0,0,129,0,0,0,0
p0826,SEC.ESC.SAN MARTIN DE PORRES,06,2,verde,1,134,227,59.03,17,7,0,0,0,63,0,0,134,0,0,0,0
p0826,SEC.ESC.SAN MARTIN DE PORRES,06,3,verde,1,119,196,60.71,25,11,0,0,0,37,0,0,119,0,0,0,0
p0826,SEC.ESC.SAN MARTIN DE PORRES,06,4,verde,1,121,207,58.45,22,21,0,0,0,39,0,0,121,0,0,0,0
p0826,SEC.ESC.SAN MARTIN DE PORRES,06,5,verde,1,143,223,64.13,19,15,0,0,0,41,0,0,143,0,0,0,0
p0826,SEC.ESC.SAN MARTIN DE PORRES,06,6,verde,1,142,225,63.11,16,14,0,0,0,49,0,0,142,0,0,0,0
p0826,SEC.ESC.SAN MARTIN DE PORRES,06,7,verde,1,158,248,63.71,29,15,0,0,0,41,0,0,158,0,0,0,0
p0826,SEC.ESC.SAN MARTIN DE PORRES,06,8,verde,1,126,252,50.0,27,31,0,0,0,64,0,0,126,0,0,0,0
p0826,SEC.ESC.SAN MARTIN DE PORRES,06,9,verde,1,142,239,59.41,24,25,0,0,0,45,0,0,142,0,0,0,0
p0826,SEC.ESC.SAN MARTIN DE PORRES,06,10,verde,1,139,238,58.4,29,15,0,0,0,52,0,0,139,0,0,0,0
p0826,SEC.ESC.SAN MARTIN DE PORRES,06,11,verde,1,141,245,57.55,35,11,0,0,0,54,0,0,141,0,0,0,0
p0826,SEC.ESC.SAN MARTIN DE PORRES,06,12,verde,1,148,245,60.41,27,9,0,0,0,55,0,0,148,0,0,0,0
p0826,SEC.ESC.SAN MARTIN DE PORRES,06,13,verde,1,160,234,68.38,15,8,0,0,0,47,0,0,160,0,0,0,0
p0826,SEC.ESC.SAN MARTIN DE PORRES,06,14,amarillo,2,67,196,34.18,9,27,0,0,0,89,0,0,67,0,0,0,0
p0826,SEC.ESC.SAN MARTIN DE PORRES,06,15,verde,1,108,237,45.57,11,33,0,0,0,80,0,0,108,0,0,0,0
p0826,SEC.ESC.SAN MARTIN DE PORRES,06,16,amarillo,2,84,223,37.67,10,36,0,0,0,87,0,0,84,0,0,0,0
p0826,SEC.ESC.SAN MARTIN DE PORRES,06,17,verde,1,114,257,44.36,17,28,0,0,0,93,0,0,114,0,0,0,0
p0826,SEC.ESC.SAN MARTIN DE PORRES,06,18,verde,1,86,177,48.59,14,15,0,0,0,57,0,0,86,0,0,0,0
p0826,SEC.ESC.SAN MARTIN DE PORRES,06,19,verde,1,82,200,41.0,12,27,0,0,0,76,0,0,82,0,0,0,0
p0826,SEC.ESC.SAN MARTIN DE PORRES,06,20,amarillo,2,19,56,33.93,6,6,0,0,0,24,0,0,19,0,0,0,0
p0827,SEC. ESC. SANTA LUCIA,12,1,verde,1,156,243,64.2,26,7,0,0,0,51,0,0,156,0,0,0,0
p0827,SEC. ESC. SANTA LUCIA,12,2,verde,1,176,262,67.18,31,11,0,0,0,39,0,0,176,0,0,0,0
p0827,SEC. ESC. SANTA LUCIA,12,3,verde,1,151,230,65.65,30,6,0,0,0,38,0,0,151,0,0,0,0
p0827,SEC. ESC. SANTA LUCIA,12,4,verde,1,187,260,71.92,25,15,0,0,0,28,0,0,187,0,0,0,0
p0827,SEC. ESC. SANTA LUCIA,12,5,verde,1,185,251,73.71,14,17,0,0,0,31,0,0,185,0,0,0,0
p0827,SEC. ESC. SANTA LUCIA,12,6,verde,1,175,246,71.14,18,15,0,0,0,36,0,0,175,0,0,0,0
p0827,SEC. ESC. SANTA LUCIA,12,7,verde,1,212,264,80.3,20,8,0,0,0,22,0,0,212,0,0,0,0
p0827,SEC. ESC. SANTA LUCIA,12,8,verde,1,173,262,66.03,31,17,0,0,0,40,0,0,173,0,0,0,0
p0827,SEC. ESC. SANTA LUCIA,12,9,verde,1,199,284,70.07,31,16,0,0,0,36,0,0,199,0,0,0,0
p0827,SEC. ESC. SANTA LUCIA,12,10,verde,1,183,271,67.53,23,19,0,0,0,45,0,0,183,0,0,0,0
p0827,SEC. ESC. SANTA LUCIA,12,11,verde,1,164,270,60.74,28,23,0,0,0,52,0,0,164,0,0,0,0
p0827,SEC. ESC. SANTA LUCIA,12,12,verde,1,187,268,69.78,25,23,0,0,0,30,0,0,187,0,0,0,0
p0827,SEC. ESC. SANTA LUCIA,12,13,verde,1,199,279,71.33,22,20,0,0,0,33,0,0,199,0,0,0,0
p0827,SEC. ESC. SANTA LUCIA,12,14,verde,1,166,251,66.14,22,24,0,0,0,36,0,0,166,0,0,0,0
p0827,SEC. ESC. SANTA LUCIA,12,15,verde,1,180,273,65.93,38,5,0,0,0,49,0,0,180,0,0,0,0
p0827,SEC. ESC. SANTA LUCIA,12,16,verde,1,164,259,63.32,18,20,0,0,0,54,0,0,164,0,0,0,0
p0827,SEC. ESC. SANTA LUCIA,12,17,verde,1,213,287,74.22,21,8,0,0,0,40,0,0,213,0,0,0,0
p0827,SEC. ESC. SANTA LUCIA,12,18,verde,1,197,265,74.34,13,6,0,0,0,45,0,0,197,0,0,0,0
p0827,SEC. ESC. SANTA LUCIA,12,19,verde,1,190,270,70.37,23,2,0,0,0,49,0,0,190,0,0,0,0
p0827,SEC. ESC. SANTA LUCIA,12,20,verde,1,118,258,45.74,0,20,0,0,0,50,0,0,118,0,0,0,50
p0827,SEC. ESC. SANTA LUCIA,12,21,verde,1,113,228,49.56,17,38,0,0,0,58,0,0,113,0,0,0,0
p0827,SEC. ESC. SANTA LUCIA,12,22,verde,1,129,253,50.99,19,36,0,0,0,65,0,0,129,0,0,0,0
p0827,SEC. ESC. SANTA LUCIA,12,23,verde,1,138,221,62.44,15,22,0,0,0,44,0,0,138,0,0,0,0
p0827,SEC. ESC. SANTA LUCIA,12,24,verde,1,123,219,56.16,13,33,0,0,0,47,0,0,123,0,0,0,0
p0827,SEC. ESC. SANTA LUCIA,12,25,verde,1,129,245,52.65,15,44,0,0,0,57,0,0,129,0,0,0,0
p0827,SEC. ESC. SANTA LUCIA,12,26,verde,1,116,236,49.15,9,35,0,0,0,72,0,0,116,0,0,0,0
p0827,SEC. ESC. SANTA LUCIA,12,27,verde,1,97,240,40.42,14,55,0,0,0,74,0,0,97,0,0,0,0
p0827,SEC. ESC. SANTA LUCIA,12,28,verde,1,45,112,40.18,8,19,0,0,0,39,0,0,45,0,0,0,0
p0828,SEC.ESC. SANTA MARGARITA,07,1,verde,1,105,203,51.72,33,8,0,0,0,49,0,0,105,0,0,0,0
p0828,SEC.ESC. SANTA MARGARITA,07,2,verde,1,88,201,43.78,39,11,0,0,0,55,0,0,88,0,0,0,0
p0828,SEC.ESC. SANTA MARGARITA,07,3,verde,1,104,206,50.49,25,12,0,0,0,57,0,0,104,0,0,0,0
p0828,SEC.ESC. SANTA MARGARITA,07,4,verde,1,120,219,54.79,27,10,0,0,0,56,0,0,120,0,0,0,0
p0828,SEC.ESC. SANTA MARGARITA,07,5,verde,1,120,221,54.3,21,25,0,0,0,46,0,0,120,0,0,0,0
p0828,SEC.ESC. SANTA MARGARITA,07,6,verde,1,130,231,56.28,29,18,0,0,0,46,0,0,130,0,0,0,0
p0828,SEC.ESC. SANTA MARGARITA,07,7,verde,1,139,234,59.4,19,20,0,0,0,49,0,0,139,0,0,0,0
p0828,SEC.ESC. SANTA MARGARITA,07,8,verde,1,116,219,52.97,16,22,0,0,0,60,0,0,116,0,0,0,0
p0828,SEC.ESC. SANTA MARGARITA,07,9,verde,1,132,239,55.23,26,14,0,0,0,58,0,0,132,0,0,0,0
p0828,SEC.ESC. SANTA MARGARITA,07,10,verde,1,146,238,61.34,21,11,0,0,0,53,0,0,146,0,0,0,0
p0828,SEC.ESC. SANTA MARGARITA,07,11,verde,1,112,227,49.34,25,12,0,0,0,71,0,0,112,0,0,0,0
p0828,SEC.ESC. SANTA MARGARITA,07,12,amarillo,2,54,170,31.76,5,24,0,0,0,82,0,0,54,0,0,0,0
p0828,SEC.ESC. SANTA MARGARITA,07,13,amarillo,2,45,174,25.86,6,15,0,0,0,105,0,0,45,0,0,0,0
p0828,SEC.ESC. SANTA MARGARITA,07,14,verde,1,86,155,55.48,0,14,0,0,0,46,4,0,86,0,0,0,0
p0828,SEC.ESC. SANTA MARGARITA,07,15,amarillo,2,56,165,33.94,7,16,0,0,0,82,0,0,56,0,0,0,0
p0828,SEC.ESC. SANTA MARGARITA,07,16,amarillo,2,57,177,32.2,0,28,0,0,0,78,6,0,57,0,0,0,0
p0828,SEC.ESC. SANTA MARGARITA,07,17,amarillo,2,74,188,39.36,10,20,0,0,0,82,0,0,74,0,0,0,0
p0828,SEC.ESC. SANTA MARGARITA,07,18,amarillo,2,69,208,33.17,0,9,0,0,0,118,7,0,69,0,0,0,0
p0828,SEC.ESC. SANTA MARGARITA,07,19,verde,1,89,195,45.64,9,19,0,0,0,74,0,0,89,0,0,0,0
p0828,SEC.ESC. SANTA MARGARITA,07,20,verde,1,90,180,50.0,14,14,0,0,0,54,0,0,90,0,0,0,0
p0828,SEC.ESC. SANTA MARGARITA,07,21,amarillo,2,60,164,36.59,15,22,0,0,0,62,0,0,60,0,0,0,0
p0828,SEC.ESC. SANTA MARGARITA,07,22,amarillo,2,55,160,34.38,10,8,0,0,0,84,0,0,55,0,0,0,0
p0828,SEC.ESC. SANTA MARGARITA,07,23,amarillo,2,73,194,37.63,8,13,0,0,0,95,0,0,73,0,0,0,0
p0828,SEC.ESC. SANTA MARGARITA,07,24,amarillo,2,13,49,26.53,2,9,0,0,0,23,0,0,13,0,0,0,0
p0829,SEC. ESC. SANTISIMA TRINIDAD,15,1,verde,1,19,39,48.72,4,4,0,0,0,12,0,0,19,0,0,0,0
p0830,SEC. ESC. SOFIA OSPINA DE NAVARRO,16,1,verde,1,178,235,75.74,30,7,0,0,0,18,0,0,178,0,0,0,0
p0830,SEC. ESC. SOFIA OSPINA DE NAVARRO,16,2,verde,1,182,245,74.29,23,8,0,0,0,29,0,0,182,0,0,0,0
p0830,SEC. ESC. SOFIA OSPINA DE NAVARRO,16,3,verde,1,182,220,82.73,24,3,0,0,0,10,0,0,182,0,0,0,0
p0830,SEC. ESC. SOFIA OSPINA DE NAVARRO,16,4,verde,1,215,257,83.66,18,7,0,0,0,16,0,0,215,0,0,0,0
p0830,SEC. ESC. SOFIA OSPINA DE NAVARRO,16,5,verde,1,217,275,78.91,37,8,0,0,0,10,0,0,217,0,0,0,0
p0830,SEC. ESC. SOFIA OSPINA DE NAVARRO,16,6,verde,1,219,283,77.39,36,10,0,0,0,17,0,0,219,0,0,0,0
p0830,SEC. ESC. SOFIA OSPINA DE NAVARRO,16,7,verde,1,201,278,72.3,37,17,0,0,0,18,0,0,201,0,0,0,0
p0830,SEC. ESC. SOFIA OSPINA DE NAVARRO,16,8,verde,1,193,255,75.69,38,14,0,0,0,9,0,0,193,0,0,0,0
p0830,SEC. ESC. SOFIA OSPINA DE NAVARRO,16,9,verde,1,215,277,77.62,24,14,0,0,0,23,0,0,215,0,0,0,0
p0830,SEC. ESC. SOFIA OSPINA DE NAVARRO,16,10,verde,1,214,280,76.43,28,10,0,0,0,27,0,0,214,0,0,0,0
p0830,SEC. ESC. SOFIA OSPINA DE NAVARRO,16,11,verde,1,216,278,77.7,33,6,0,0,0,20,0,0,216,0,0,0,0
p0830,SEC. ESC. SOFIA OSPINA DE NAVARRO,16,12,verde,1,204,260,78.46,15,13,0,0,0,27,0,0,204,0,0,0,0
p0830,SEC. ESC. SOFIA OSPINA DE NAVARRO,16,13,verde,1,112,198,56.57,13,27,0,0,0,46,0,0,112,0,0,0,0
p0830,SEC. ESC. SOFIA OSPINA DE NAVARRO,16,14,verde,1,127,222,57.21,25,32,0,0,0,34,0,0,127,0,0,0,0
p0830,SEC. ESC. SOFIA OSPINA DE NAVARRO,16,15,verde,1,102,199,51.26,16,29,0,0,0,49,0,0,102,0,0,0,0
p0831,SEC ESC SOR MARIA LUISA COURBIN,08,1,verde,1,91,181,50.28,33,10,0,0,0,37,0,0,91,0,0,0,0
p0831,SEC ESC SOR MARIA LUISA COURBIN,08,2,verde,1,90,173,52.02,23,7,0,0,0,48,0,0,90,0,0,0,0
p0831,SEC ESC SOR MARIA LUISA COURBIN,08,3,verde,1,78,143,54.55,18,10,0,0,0,29,0,0,78,0,0,0,0
p0831,SEC ESC SOR MARIA LUISA COURBIN,08,4,verde,1,93,186,50.0,22,8,0,0,0,59,0,0,93,0,0,0,0
p0831,SEC ESC SOR MARIA LUISA COURBIN,08,5,verde,1,98,134,73.13,17,13,0,0,0,0,0,0,98,0,0,0,3
p0831,SEC ESC SOR MARIA LUISA COURBIN,08,6,verde,1,129,214,60.28,24,12,0,0,0,45,0,0,129,0,0,0,0
p0831,SEC ESC SOR MARIA LUISA COURBIN,08,7,verde,1,121,224,54.02,33,14,0,0,0,44,0,0,121,0,0,0,0
p0831,SEC ESC SOR MARIA LUISA COURBIN,08,8,verde,1,137,222,61.71,24,12,0,0,0,42,0,0,137,0,0,0,0
p0831,SEC ESC SOR MARIA LUISA COURBIN,08,9,verde,1,130,217,59.91,21,16,0,0,0,42,0,0,130,0,0,0,0
p0831,SEC ESC SOR MARIA LUISA COURBIN,08,10,verde,1,133,221,60.18,16,20,0,0,0,41,0,0,133,0,0,0,0
p0831,SEC ESC SOR MARIA LUISA COURBIN,08,11,verde,1,138,225,61.33,24,10,0,0,0,46,0,0,138,0,0,0,0
p0831,SEC ESC SOR MARIA LUISA COURBIN,08,12,verde,1,128,217,58.99,32,9,0,0,0,43,0,0,128,0,0,0,0
p0831,SEC ESC SOR MARIA LUISA COURBIN,08,13,verde,1,132,220,60.0,25,8,0,0,0,48,0,0,132,0,0,0,0
p0831,SEC ESC SOR MARIA LUISA COURBIN,08,14,verde,1,155,235,65.96,18,12,0,0,0,46,0,0,155,0,0,0,0
p0831,SEC ESC SOR MARIA LUISA COURBIN,08,15,verde,1,119,211,56.4,23,7,0,0,0,58,0,0,119,0,0,0,0
p0831,SEC ESC SOR MARIA LUISA COURBIN,08,16,verde,1,94,197,47.72,5,15,0,0,0,78,0,0,94,0,0,0,0
p0831,SEC ESC SOR MARIA LUISA COURBIN,08,17,amarillo,2,52,153,33.99,16,14,0,0,0,69,0,0,52,0,0,0,0
p0831,SEC ESC SOR MARIA LUISA COURBIN,08,18,verde,1,113,193,58.55,11,13,0,0,0,52,0,0,113,0,0,0,0
p0831,SEC ESC SOR MARIA LUISA COURBIN,08,19,verde,1,79,192,41.15,10,24,0,0,0,79,0,0,79,0,0,0,0
p0831,SEC ESC SOR MARIA LUISA COURBIN,08,20,verde,1,101,222,45.5,11,18,0,0,0,92,0,0,101,0,0,0,0
p0831,SEC ESC SOR MARIA LUISA COURBIN,08,21,verde,1,85,201,42.29,11,16,0,0,0,81,0,0,85,0,0,0,0
p0831,SEC ESC SOR MARIA LUISA COURBIN,08,22,amarillo,2,63,160,39.38,10,10,0,0,0,74,0,0,63,0,0,0,0
p0831,SEC ESC SOR MARIA LUISA COURBIN,08,23,verde,1,36,82,43.9,6,4,0,0,0,34,0,0,36,0,0,0,0
p0832,SEC ESC TOMAS CARRASQUILLA No 1,04,1,verde,1,188,299,62.88,25,18,0,0,0,66,0,0,188,0,0,0,0
p0832,SEC ESC TOMAS CARRASQUILLA No 1,04,2,verde,1,132,288,45.83,16,23,0,0,0,112,0,0,132,0,0,0,0
p0832,SEC ESC TOMAS CARRASQUILLA No 1,04,3,amarillo,2,71,222,31.98,8,27,0,0,0,110,0,0,71,0,0,0,0
p0832,SEC ESC TOMAS CARRASQUILLA No 1,04,4,amarillo,2,87,246,35.37,7,31,0,0,0,115,0,0,87,0,0,0,0
p0832,SEC ESC TOMAS CARRASQUILLA No 1,04,5,amarillo,2,66,187,35.29,0,19,0,0,0,94,5,0,66,0,0,0,0
p0833,SEC ESC TOSCANA,05,1,verde,1,171,287,59.58,27,13,0,0,0,73,0,0,171,0,0,0,0
p0833,SEC ESC TOSCANA,05,2,verde,1,172,290,59.31,22,25,0,0,0,67,0,0,172,0,0,0,0
p0833,SEC ESC TOSCANA,05,3,verde,1,150,267,56.18,17,15,0,0,0,79,0,0,150,0,0,0,0
p0833,SEC ESC TOSCANA,05,4,amarillo,2,66,198,33.33,7,26,0,0,0,95,0,0,66,0,0,0,0
p0833,SEC ESC TOSCANA,05,5,amarillo,2,63,195,32.31,7,31,0,0,0,89,0,0,63,0,0,0,0
p0833,SEC ESC TOSCANA,05,6,amarillo,2,74,224,33.04,13,32,0,0,0,103,0,0,74,0,0,0,0
p0833,SEC ESC TOSCANA,05,7,verde,1,101,236,42.8,9,27,0,0,0,92,0,0,101,0,0,0,0
p0833,SEC ESC TOSCANA,05,8,amarillo,2,76,203,37.44,14,23,0,0,0,85,0,0,76,0,0,0,0
p0834,SEC ESC TRICENTENARIO,05,1,verde,1,150,251,59.76,34,8,0,0,0,58,0,0,150,0,0,0,0
p0834,SEC ESC TRICENTENARIO,05,2,verde,1,137,250,54.8,24,9,0,0,0,75,0,0,137,0,0,0,0
p0834,SEC ESC TRICENTENARIO,05,3,verde,1,164,245,66.94,21,13,0,0,0,46,0,0,164,0,0,0,0
p0834,SEC ESC TRICENTENARIO,05,4,verde,1,156,250,62.4,23,19,0,0,0,49,0,0,156,0,0,0,0
p0834,SEC ESC TRICENTENARIO,05,5,verde,1,144,255,56.47,20,19,0,0,0,69,0,0,144,0,0,0,0
p0834,SEC ESC TRICENTENARIO,05,6,verde,1,177,281,62.99,24,21,0,0,0,56,0,0,177,0,0,0,0
p0834,SEC ESC TRICENTENARIO,05,7,verde,1,155,262,59.16,29,22,0,0,0,52,0,0,155,0,0,0,0
p0834,SEC ESC TRICENTENARIO,05,8,verde,1,152,252,60.32,18,24,0,0,0,55,0,0,152,0,0,0,0
p0834,SEC ESC TRICENTENARIO,05,9,verde,1,154,266,57.89,26,10,0,0,0,73,0,0,154,0,0,0,0
p0834,SEC ESC TRICENTENARIO,05,10,verde,1,158,270,58.52,25,17,0,0,0,69,0,0,158,0,0,0,0
p0834,SEC ESC TRICENTENARIO,05,11,verde,1,140,252,55.56,17,13,0,0,0,81,0,0,140,0,0,0,0
p0834,SEC ESC TRICENTENARIO,05,12,verde,1,101,215,46.98,11,26,0,0,0,76,0,0,101,0,0,0,0
p0834,SEC ESC TRICENTENARIO,05,13,amarillo,2,46,185,24.86,4,44,0,0,0,88,0,0,46,0,0,0,0
p0834,SEC ESC TRICENTENARIO,05,14,amarillo,2,59,191,30.89,3,35,0,0,0,93,0,0,59,0,0,0,0
p0834,SEC ESC TRICENTENARIO,05,15,amarillo,2,68,197,34.52,7,27,0,0,0,91,0,0,68,0,0,0,0
p0834,SEC ESC TRICENTENARIO,05,16,verde,1,95,184,51.63,5,21,0,0,0,61,0,0,95,0,0,0,0
p0834,SEC ESC TRICENTENARIO,05,17,amarillo,2,56,180,31.11,6,33,0,0,0,84,0,0,56,0,0,0,0
p0834,SEC ESC TRICENTENARIO,05,18,amarillo,2,55,170,32.35,7,37,0,0,0,68,0,0,55,0,0,0,0
p0834,SEC ESC TRICENTENARIO,05,19,amarillo,2,77,224,34.38,10,53,0,0,0,82,0,0,77,0,0,0,0
p0834,SEC ESC TRICENTENARIO,05,20,amarillo,2,56,202,27.72,16,36,0,0,0,93,0,0,56,0,0,0,0
p0834,SEC ESC TRICENTENARIO,05,21,amarillo,2,85,236,36.02,11,33,0,0,0,104,0,0,85,0,0,0,0
p0834,SEC ESC TRICENTENARIO,05,22,amarillo,2,73,220,33.18,9,11,0,0,0,124,0,0,73,0,0,0,0
p0834,SEC ESC TRICENTENARIO,05,23,verde,1,102,225,45.33,12,22,0,0,0,86,0,0,102,0,0,0,0
p0834,SEC ESC TRICENTENARIO,05,24,verde,1,98,200,49.0,14,34,0,0,0,49,0,0,98,0,0,0,0
p0834,SEC ESC TRICENTENARIO,05,25,amarillo,2,71,197,36.04,5,33,0,0,0,83,0,0,71,0,0,0,0
p0834,SEC ESC TRICENTENARIO,05,26,amarillo,2,68,217,31.34,13,33,0,0,0,98,0,0,68,0,0,0,0
p0834,SEC ESC TRICENTENARIO,05,27,amarillo,2,44,143,30.77,10,19,0,0,0,67,0,0,44,0,0,0,0
p0835,SEC. ESC. VEINTE DE JULIO,13,1,verde,1,138,257,53.7,22,27,0,0,0,65,0,0,138,0,0,0,0
p0835,SEC. ESC. VEINTE DE JULIO,13,2,amarillo,2,72,192,37.5,8,27,0,0,0,83,0,0,72,0,0,0,0
p0835,SEC. ESC. VEINTE DE JULIO,13,3,amarillo,2,15,34,44.12,0,2,0,0,0,16,1,0,15,0,0,0,0
p0836,SEC. ESC. VILLA TURBAY,08,1,verde,1,95,231,41.13,27,11,0,0,0,80,0,0,95,0,0,0,0
p0836,SEC. ESC. VILLA TURBAY,08,2,verde,1,92,195,47.18,27,14,0,0,0,55,0,0,92,0,0,0,0
p0836,SEC. ESC. VILLA TURBAY,08,3,verde,1,96,212,45.28,34,16,0,0,0,56,0,0,96,0,0,0,0
p0836,SEC. ESC. VILLA TURBAY,08,4,verde,1,106,216,49.07,24,24,0,0,0,56,0,0,106,0,0,0,0
p0836,SEC. ESC. VILLA TURBAY,08,5,verde,1,87,183,47.54,18,11,0,0,0,58,0,0,87,0,0,0,0
p0836,SEC. ESC. VILLA TURBAY,08,6,verde,1,94,198,47.47,25,5,0,0,0,67,0,0,94,0,0,0,0
p0836,SEC. ESC. VILLA TURBAY,08,7,amarillo,2,31,145,21.38,2,13,0,0,0,97,0,0,31,0,0,0,0
p0836,SEC. ESC. VILLA TURBAY,08,8,amarillo,2,51,160,31.87,6,14,0,0,0,81,0,0,51,0,0,0,0
p0836,SEC. ESC. VILLA TURBAY,08,9,amarillo,2,51,136,37.5,9,10,0,0,0,64,0,0,51,0,0,0,0
p0836,SEC. ESC. VILLA TURBAY,08,10,amarillo,2,42,132,31.82,9,12,0,0,0,66,0,0,42,0,0,0,0
p0836,SEC. ESC. VILLA TURBAY,08,11,amarillo,2,29,149,19.46,10,16,0,0,0,91,0,0,29,0,0,0,0
p0836,SEC. ESC. VILLA TURBAY,08,12,amarillo,2,52,160,32.5,9,13,0,0,0,81,0,0,52,0,0,0,0
p0836,SEC. ESC. VILLA TURBAY,08,13,amarillo,2,52,142,36.62,8,12,0,0,0,64,0,0,52,0,0,0,0
p0836,SEC. ESC. VILLA TURBAY,08,14,amarillo,2,41,113,36.28,4,10,0,0,0,56,0,0,41,0,0,0,0
p0837,"SECCION ESCUELA ALEJANDRO
ECHAVARRIA",09,1,verde,1,187,307,60.91,17,11,0,0,0,86,0,0,187,0,0,0,0
p0837,"SECCION ESCUELA ALEJANDRO
ECHAVARRIA",09,2,verde,1,164,291,56.36,29,13,0,0,0,79,0,0,164,0,0,0,0
p0837,"SECCION ESCUELA ALEJANDRO
ECHAVARRIA",09,3,verde,1,202,312,64.74,24,18,0,0,0,64,0,0,202,0,0,0,0
p0837,"SECCION ESCUELA ALEJANDRO
ECHAVARRIA",09,4,verde,1,199,316,62.97,24,14,0,0,0,73,0,0,199,0,0,0,0
p0837,"SECCION ESCUELA ALEJANDRO
ECHAVARRIA",09,5,amarillo,2,114,285,40.0,15,17,0,0,0,131,0,0,114,0,0,0,0
p0837,"SECCION ESCUELA ALEJANDRO
ECHAVARRIA",09,6,verde,1,92,239,38.49,11,41,0,0,0,91,0,0,92,0,0,0,0
p0837,"SECCION ESCUELA ALEJANDRO
ECHAVARRIA",09,7,verde,1,84,216,38.89,9,42,0,0,0,79,0,0,84,0,0,0,0
p0837,"SECCION ESCUELA ALEJANDRO
ECHAVARRIA",09,8,amarillo,2,66,203,32.51,7,34,0,0,0,94,0,0,66,0,0,0,0
p0837,"SECCION ESCUELA ALEJANDRO
ECHAVARRIA",09,9,verde,1,111,249,44.58,10,25,0,0,0,96,0,0,111,0,0,0,0
p0837,"SECCION ESCUELA ALEJANDRO
ECHAVARRIA",09,10,amarillo,2,85,240,35.42,9,19,0,0,0,121,0,0,85,0,0,0,0
p0837,"SECCION ESCUELA ALEJANDRO
ECHAVARRIA",09,11,amarillo,2,87,245,35.51,16,19,0,0,0,118,0,0,87,0,0,0,0
p0837,"SECCION ESCUELA ALEJANDRO
ECHAVARRIA",09,12,amarillo,2,42,113,37.17,8,13,0,0,0,47,0,0,42,0,0,0,0
p0838,SECCION ESCUELA CARLOS FRANCO,16,1,verde,1,223,318,70.13,29,13,0,0,0,50,0,0,223,0,0,0,0
p0838,SECCION ESCUELA CARLOS FRANCO,16,2,amarillo,2,117,300,39.0,10,44,0,0,0,127,0,0,117,0,0,0,0
p0839,SECCION ESCUELA HOGAR ANTIOQUIA,08,1,verde,1,116,198,58.59,24,7,0,0,0,43,0,0,116,0,0,0,0
p0839,SECCION ESCUELA HOGAR ANTIOQUIA,08,2,verde,1,104,198,52.53,24,16,0,0,0,42,0,0,104,0,0,0,0
p0839,SECCION ESCUELA HOGAR ANTIOQUIA,08,3,verde,1,132,209,63.16,15,9,0,0,0,51,0,0,132,0,0,0,0
p0839,SECCION ESCUELA HOGAR ANTIOQUIA,08,4,verde,1,133,216,61.57,19,6,0,0,0,52,0,0,133,0,0,0,0
p0839,SECCION ESCUELA HOGAR ANTIOQUIA,08,5,verde,1,69,157,43.95,7,12,0,0,0,65,0,0,69,0,0,0,0
p0839,SECCION ESCUELA HOGAR ANTIOQUIA,08,6,verde,1,80,166,48.19,13,10,0,0,0,61,0,0,80,0,0,0,0
p0839,SECCION ESCUELA HOGAR ANTIOQUIA,08,7,verde,1,80,182,43.96,10,19,0,0,0,71,0,0,80,0,0,0,0
p0839,SECCION ESCUELA HOGAR ANTIOQUIA,08,8,amarillo,2,62,158,39.24,8,14,0,0,0,70,0,0,62,0,0,0,0
p0839,SECCION ESCUELA HOGAR ANTIOQUIA,08,9,verde,1,14,39,35.9,5,5,0,0,0,14,0,0,14,0,0,0,0
p0840,SENA,10,1,verde,1,103,172,59.88,23,0,0,0,0,40,2,0,103,0,0,0,0
p0840,SENA,10,2,verde,1,110,190,57.89,19,5,0,0,0,51,0,0,110,0,0,0,0
p0840,SENA,10,3,verde,1,117,192,60.94,24,9,0,0,0,35,0,0,117,0,0,0,0
p0840,SENA,10,4,verde,1,108,192,56.25,25,8,0,0,0,45,0,0,108,0,0,0,0
p0840,SENA,10,5,verde,1,126,205,61.46,21,14,0,0,0,44,0,0,126,0,0,0,0
p0840,SENA,10,6,verde,1,104,173,60.12,25,7,0,0,0,31,0,0,104,0,0,0,0
p0840,SENA,10,7,verde,1,117,200,58.5,18,9,0,0,0,52,0,0,117,0,0,0,0
p0840,SENA,10,8,verde,1,153,218,70.18,15,0,0,0,0,38,5,0,153,0,0,0,0
p0840,SENA,10,9,verde,1,130,205,63.41,20,6,0,0,0,46,0,0,130,0,0,0,0
p0840,SENA,10,10,verde,1,119,191,62.3,14,3,0,0,0,53,0,0,119,0,0,0,0
p0840,SENA,10,11,verde,1,143,212,67.45,13,9,0,0,0,38,0,0,143,0,0,0,0
p0840,SENA,10,12,amarillo,2,52,159,32.7,6,23,0,0,0,74,0,0,52,0,0,0,0
p0840,SENA,10,13,verde,1,89,176,50.57,6,21,0,0,0,57,0,0,89,0,0,0,0
p0840,SENA,10,14,amarillo,2,75,184,40.76,7,13,0,0,0,83,0,0,75,0,0,0,0
p0840,SENA,10,15,amarillo,2,65,183,35.52,8,19,0,0,0,86,0,0,65,0,0,0,0
p0840,SENA,10,16,verde,1,72,143,50.35,6,13,0,0,0,52,0,0,72,0,0,0,0
p0841,SENA PEDREGAL,06,1,verde,1,84,200,42.0,9,33,0,0,0,71,0,0,84,0,0,0,0
p0842,SENA - SEDE BUENOS AIRES,09,1,verde,1,174,301,57.81,20,18,0,0,0,81,0,0,174,0,0,0,0
p0842,SENA - SEDE BUENOS AIRES,09,2,verde,1,156,267,58.43,10,19,0,0,0,80,0,0,156,0,0,0,0
p0842,SENA - SEDE BUENOS AIRES,09,3,amarillo,2,47,204,23.04,4,42,0,0,0,108,0,0,47,0,0,0,0
p0842,SENA - SEDE BUENOS AIRES,09,4,amarillo,2,59,173,34.1,5,26,0,0,0,82,0,0,59,0,0,0,0
p0842,SENA - SEDE BUENOS AIRES,09,5,amarillo,2,62,167,37.13,7,28,0,0,0,69,0,0,62,0,0,0,0
p0842,SENA - SEDE BUENOS AIRES,09,6,amarillo,2,53,187,28.34,8,36,0,0,0,89,0,0,53,0,0,0,0
p0842,SENA - SEDE BUENOS AIRES,09,7,amarillo,2,66,211,31.28,9,24,0,0,0,110,0,0,66,0,0,0,0
p0842,SENA - SEDE BUENOS AIRES,09,8,amarillo,2,48,184,26.09,5,22,0,0,0,108,0,0,48,0,0,0,0
p0842,SENA - SEDE BUENOS AIRES,09,9,amarillo,2,63,188,33.51,12,21,0,0,0,87,0,0,63,0,0,0,0
p0842,SENA - SEDE BUENOS AIRES,09,10,amarillo,2,4,15,26.67,1,0,0,0,0,3,0,0,4,0,0,0,6
p0843,TECNOLOGICO DE ANTIOQUIA,07,1,verde,1,188,289,65.05,32,12,0,0,0,54,0,0,188,0,0,0,0
p0843,TECNOLOGICO DE ANTIOQUIA,07,2,verde,1,173,286,60.49,26,9,0,0,0,73,0,0,173,0,0,0,0
p0843,TECNOLOGICO DE ANTIOQUIA,07,3,verde,1,197,302,65.23,33,13,0,0,0,53,0,0,197,0,0,0,0
p0843,TECNOLOGICO DE ANTIOQUIA,07,4,verde,1,201,290,69.31,40,15,0,0,0,31,0,0,201,0,0,0,0
p0843,TECNOLOGICO DE ANTIOQUIA,07,5,verde,1,183,295,62.03,26,10,0,0,0,74,0,0,183,0,0,0,0
p0843,TECNOLOGICO DE ANTIOQUIA,07,6,verde,1,194,299,64.88,31,16,0,0,0,52,0,0,194,0,0,0,0
p0843,TECNOLOGICO DE ANTIOQUIA,07,7,verde,1,194,300,64.67,26,25,0,0,0,51,0,0,194,0,0,0,0
p0843,TECNOLOGICO DE ANTIOQUIA,07,8,verde,1,203,305,66.56,27,18,0,0,0,54,0,0,203,0,0,0,0
p0843,TECNOLOGICO DE ANTIOQUIA,07,9,verde,1,177,292,60.62,32,30,0,0,0,48,0,0,177,0,0,0,0
p0843,TECNOLOGICO DE ANTIOQUIA,07,10,verde,1,203,296,68.58,33,11,0,0,0,49,0,0,203,0,0,0,0
p0843,TECNOLOGICO DE ANTIOQUIA,07,11,verde,1,198,301,65.78,21,14,0,0,0,66,0,0,198,0,0,0,0
p0843,TECNOLOGICO DE ANTIOQUIA,07,12,verde,1,177,292,60.62,26,20,0,0,0,66,0,0,177,0,0,0,0
p0843,TECNOLOGICO DE ANTIOQUIA,07,13,amarillo,2,82,248,33.06,8,62,0,0,0,96,0,0,82,0,0,0,0
p0843,TECNOLOGICO DE ANTIOQUIA,07,14,amarillo,2,87,244,35.66,5,59,0,0,0,91,0,0,87,0,0,0,0
p0843,TECNOLOGICO DE ANTIOQUIA,07,15,rojo,3,51,225,22.67,6,58,0,0,0,106,0,0,51,0,0,0,0
p0843,TECNOLOGICO DE ANTIOQUIA,07,16,amarillo,2,81,243,33.33,5,50,0,0,0,106,0,0,81,0,0,0,0
p0843,TECNOLOGICO DE ANTIOQUIA,07,17,verde,1,98,249,39.36,20,45,0,0,0,83,0,0,98,0,0,0,0
p0843,TECNOLOGICO DE ANTIOQUIA,07,18,verde,1,91,241,37.76,16,54,0,0,0,80,0,0,91,0,0,0,0
p0843,TECNOLOGICO DE ANTIOQUIA,07,19,verde,1,108,250,43.2,14,52,0,0,0,74,0,0,108,0,0,0,0
p0843,TECNOLOGICO DE ANTIOQUIA,07,20,verde,1,87,235,37.02,9,60,0,0,0,78,0,0,87,0,0,0,0
p0843,TECNOLOGICO DE ANTIOQUIA,07,21,verde,1,83,225,36.89,6,53,0,0,0,82,0,0,83,0,0,0,0
p0843,TECNOLOGICO DE ANTIOQUIA,07,22,verde,1,123,267,46.07,9,49,0,0,0,78,0,0,123,0,0,0,0
p0843,TECNOLOGICO DE ANTIOQUIA,07,23,verde,1,115,261,44.06,12,47,0,0,0,86,0,0,115,0,0,0,0
p0843,TECNOLOGICO DE ANTIOQUIA,07,24,verde,1,101,235,42.98,11,33,0,0,0,84,0,0,101,0,0,0,0
p0843,TECNOLOGICO DE ANTIOQUIA,07,25,amarillo,2,82,258,31.78,6,40,0,0,0,125,0,0,82,0,0,0,0
p0843,TECNOLOGICO DE ANTIOQUIA,07,26,amarillo,2,60,248,24.19,13,37,0,0,0,136,0,0,60,0,0,0,0
p0843,TECNOLOGICO DE ANTIOQUIA,07,27,verde,1,110,255,43.14,13,38,0,0,0,92,0,0,110,0,0,0,0
p0843,TECNOLOGICO DE ANTIOQUIA,07,28,verde,1,93,247,37.65,20,55,0,0,0,76,0,0,93,0,0,0,0
p0843,TECNOLOGICO DE ANTIOQUIA,07,29,amarillo,2,74,246,30.08,16,63,0,0,0,92,0,0,74,0,0,0,0
p0843,TECNOLOGICO DE ANTIOQUIA,07,30,verde,1,58,153,37.91,7,31,0,0,0,57,0,0,58,0,0,0,0
p0844,TERMINAL DE TRANSPORTES DEL NORTE,05,1,verde,1,153,272,56.25,37,17,0,0,0,62,0,0,153,0,0,0,0
p0844,TERMINAL DE TRANSPORTES DEL NORTE,05,2,verde,1,170,284,59.86,29,7,0,0,0,73,0,0,170,0,0,0,0
p0844,TERMINAL DE TRANSPORTES DEL NORTE,05,3,amarillo,2,83,226,36.73,15,22,0,0,0,100,0,0,83,0,0,0,0
p0844,TERMINAL DE TRANSPORTES DEL NORTE,05,4,amarillo,2,47,150,31.33,10,36,0,0,0,55,0,0,47,0,0,0,0
p0844,TERMINAL DE TRANSPORTES DEL NORTE,05,5,amarillo,2,58,168,34.52,8,19,0,0,0,79,0,0,58,0,0,0,0
p0844,TERMINAL DE TRANSPORTES DEL NORTE,05,6,amarillo,2,67,203,33.0,8,19,0,0,0,104,0,0,67,0,0,0,0
p0844,TERMINAL DE TRANSPORTES DEL NORTE,05,7,amarillo,2,54,194,27.84,10,19,0,0,0,109,0,0,54,0,0,0,0
p0844,TERMINAL DE TRANSPORTES DEL NORTE,05,8,verde,1,48,110,43.64,7,13,0,0,0,39,0,0,48,0,0,0,0
p0845,UNID.DEPORTIVA ANDRES ESCOBAR,16,1,verde,1,210,310,67.74,34,12,0,0,0,53,0,0,210,0,0,0,0
p0845,UNID.DEPORTIVA ANDRES ESCOBAR,16,2,verde,1,223,305,73.11,32,18,0,0,0,32,0,0,223,0,0,0,0
p0845,UNID.DEPORTIVA ANDRES ESCOBAR,16,3,verde,1,235,323,72.76,41,8,0,0,0,37,0,0,235,0,0,0,0
p0845,UNID.DEPORTIVA ANDRES ESCOBAR,16,4,verde,1,207,322,64.29,43,27,0,0,0,44,0,0,207,0,0,0,0
p0845,UNID.DEPORTIVA ANDRES ESCOBAR,16,5,verde,1,205,303,67.66,33,20,0,0,0,44,0,0,205,0,0,0,0
p0845,UNID.DEPORTIVA ANDRES ESCOBAR,16,6,verde,1,206,307,67.1,24,17,0,0,0,58,0,0,206,0,0,0,0
p0845,UNID.DEPORTIVA ANDRES ESCOBAR,16,7,amarillo,2,79,255,30.98,19,70,0,0,0,83,0,0,79,0,0,0,0
p0845,UNID.DEPORTIVA ANDRES ESCOBAR,16,8,verde,1,111,259,42.86,21,63,0,0,0,61,0,0,111,0,0,0,0
p0845,UNID.DEPORTIVA ANDRES ESCOBAR,16,9,verde,1,132,264,50.0,20,45,0,0,0,64,0,0,132,0,0,0,0
p0845,UNID.DEPORTIVA ANDRES ESCOBAR,16,10,verde,1,94,254,37.01,20,48,0,0,0,87,0,0,94,0,0,0,0
p0845,UNID.DEPORTIVA ANDRES ESCOBAR,16,11,verde,1,128,276,46.38,22,45,0,0,0,78,0,0,128,0,0,0,0
p0845,UNID.DEPORTIVA ANDRES ESCOBAR,16,12,verde,1,92,223,41.26,22,64,0,0,0,45,0,0,92,0,0,0,0
p0846,UNIVERSIDAD CLARETIANA,10,1,verde,1,147,293,50.17,30,15,0,0,0,96,0,0,147,0,0,0,0
p0846,UNIVERSIDAD CLARETIANA,10,2,amarillo,2,112,285,39.3,19,32,0,0,0,120,0,0,112,0,0,0,0
p0846,UNIVERSIDAD CLARETIANA,10,3,rojo,3,28,286,9.79,10,61,0,0,0,184,0,0,28,0,0,0,0
p0846,UNIVERSIDAD CLARETIANA,10,4,amarillo,2,53,256,20.7,12,46,0,0,0,141,0,0,53,0,0,0,0
p0846,UNIVERSIDAD CLARETIANA,10,5,rojo,3,44,274,16.06,8,48,0,0,0,172,0,0,44,0,0,0,0
p0846,UNIVERSIDAD CLARETIANA,10,6,rojo,3,30,291,10.31,6,60,0,0,0,194,0,0,30,0,0,0,0
p0846,UNIVERSIDAD CLARETIANA,10,7,rojo,3,43,268,16.04,9,56,0,0,0,158,0,0,43,0,0,0,0
p0846,UNIVERSIDAD CLARETIANA,10,8,rojo,3,7,44,15.91,0,9,0,0,0,27,0,0,7,1,0,0,0
p0847,UNIVERSIDAD DE MEDELLIN,16,1,verde,1,151,225,67.11,27,5,0,0,0,39,0,0,151,0,0,0,0
p0847,UNIVERSIDAD DE MEDELLIN,16,2,verde,1,179,250,71.6,36,8,0,0,0,26,0,0,179,0,0,0,0
p0847,UNIVERSIDAD DE MEDELLIN,16,3,verde,1,153,237,64.56,16,12,0,0,0,50,0,0,153,0,0,0,0
p0847,UNIVERSIDAD DE MEDELLIN,16,4,verde,1,146,214,68.22,30,13,0,0,0,24,0,0,146,0,0,0,0
p0847,UNIVERSIDAD DE MEDELLIN,16,5,verde,1,180,248,72.58,29,11,0,0,0,24,0,0,180,0,0,0,0
p0847,UNIVERSIDAD DE MEDELLIN,16,6,verde,1,178,262,67.94,24,24,0,0,0,34,0,0,178,0,0,0,0
p0847,UNIVERSIDAD DE MEDELLIN,16,7,verde,1,198,254,77.95,35,8,0,0,0,11,0,0,198,0,0,0,0
p0847,UNIVERSIDAD DE MEDELLIN,16,8,verde,1,178,269,66.17,33,13,0,0,0,37,0,0,178,0,0,0,0
p0847,UNIVERSIDAD DE MEDELLIN,16,9,verde,1,185,251,73.71,32,11,0,0,0,20,0,0,185,0,0,0,0
p0847,UNIVERSIDAD DE MEDELLIN,16,10,verde,1,202,263,76.81,20,11,0,0,0,27,0,0,202,0,0,0,0
p0847,UNIVERSIDAD DE MEDELLIN,16,11,verde,1,198,266,74.44,21,13,0,0,0,31,0,0,198,0,0,0,0
p0847,UNIVERSIDAD DE MEDELLIN,16,12,verde,1,183,266,68.8,24,25,0,0,0,33,0,0,183,0,0,0,0
p0847,UNIVERSIDAD DE MEDELLIN,16,13,verde,1,177,241,73.44,20,17,0,0,0,25,0,0,177,0,0,0,0
p0847,UNIVERSIDAD DE MEDELLIN,16,14,verde,1,178,268,66.42,36,16,0,0,0,35,0,0,178,0,0,0,0
p0847,UNIVERSIDAD DE MEDELLIN,16,15,verde,1,143,239,59.83,26,25,0,0,0,42,0,0,143,0,0,0,0
p0847,UNIVERSIDAD DE MEDELLIN,16,16,verde,1,184,279,65.95,30,11,0,0,0,53,0,0,184,0,0,0,0
p0847,UNIVERSIDAD DE MEDELLIN,16,17,verde,1,189,261,72.41,23,6,0,0,0,40,0,0,189,0,0,0,0
p0847,UNIVERSIDAD DE MEDELLIN,16,18,verde,1,168,252,66.67,17,19,0,0,0,42,0,0,168,0,0,0,0
p0847,UNIVERSIDAD DE MEDELLIN,16,19,verde,1,188,259,72.59,20,14,0,0,0,35,0,0,188,0,0,0,0
p0847,UNIVERSIDAD DE MEDELLIN,16,20,verde,1,174,257,67.7,36,10,0,0,0,30,0,0,174,0,0,0,0
p0847,UNIVERSIDAD DE MEDELLIN,16,21,verde,1,184,268,68.66,26,6,0,0,0,49,0,0,184,0,0,0,0
p0847,UNIVERSIDAD DE MEDELLIN,16,22,verde,1,159,246,64.63,23,6,0,0,0,56,0,0,159,0,0,0,0
p0847,UNIVERSIDAD DE MEDELLIN,16,23,verde,1,103,203,50.74,10,24,0,0,0,59,0,0,103,0,0,0,0
p0847,UNIVERSIDAD DE MEDELLIN,16,24,amarillo,2,64,196,32.65,13,45,0,0,0,74,0,0,64,0,0,0,0
p0847,UNIVERSIDAD DE MEDELLIN,16,25,amarillo,2,59,187,31.55,10,47,0,0,0,70,0,0,59,0,0,0,0
p0847,UNIVERSIDAD DE MEDELLIN,16,26,verde,1,111,215,51.63,25,28,0,0,0,45,0,0,111,0,0,0,0
p0847,UNIVERSIDAD DE MEDELLIN,16,27,verde,1,86,211,40.76,18,45,0,0,0,59,0,0,86,0,0,0,0
p0847,UNIVERSIDAD DE MEDELLIN,16,28,verde,1,120,208,57.69,17,17,0,0,0,48,0,0,120,0,0,0,0
p0847,UNIVERSIDAD DE MEDELLIN,16,29,verde,1,141,215,65.58,27,47,0,0,0,0,0,0,141,0,0,0,0
p0847,UNIVERSIDAD DE MEDELLIN,16,30,verde,1,110,231,47.62,16,23,0,0,0,78,0,0,110,0,0,0,0
p0847,UNIVERSIDAD DE MEDELLIN,16,31,verde,1,90,207,43.48,18,35,0,0,0,61,0,0,90,0,0,0,0
p0847,UNIVERSIDAD DE MEDELLIN,16,32,verde,1,143,217,65.9,13,20,0,0,0,36,0,0,143,0,0,0,0
p0847,UNIVERSIDAD DE MEDELLIN,16,33,verde,1,126,232,54.31,12,37,0,0,0,54,0,0,126,0,0,0,0
p0847,UNIVERSIDAD DE MEDELLIN,16,34,verde,1,125,221,56.56,16,33,0,0,0,47,0,0,125,0,0,0,0
p0847,UNIVERSIDAD DE MEDELLIN,16,35,verde,1,136,241,56.43,21,37,0,0,0,44,0,0,136,0,0,0,0
p0847,UNIVERSIDAD DE MEDELLIN,16,36,verde,1,125,231,54.11,19,33,0,0,0,52,0,0,125,0,0,0,0
p0847,UNIVERSIDAD DE MEDELLIN,16,37,verde,1,100,224,44.64,21,42,0,0,0,59,0,0,100,0,0,0,0
p0847,UNIVERSIDAD DE MEDELLIN,16,38,verde,1,86,208,41.35,12,44,0,0,0,62,0,0,86,0,0,0,0
p0847,UNIVERSIDAD DE MEDELLIN,16,39,verde,1,48,107,44.86,5,26,0,0,0,28,0,0,48,0,0,0,0
p0848,UNIVERSIDAD EAFIT,14,1,verde,1,206,260,79.23,42,7,0,0,0,3,0,0,206,0,0,0,0
p0848,UNIVERSIDAD EAFIT,14,2,verde,1,226,296,76.35,39,12,0,0,0,18,0,0,226,0,0,0,0
p0848,UNIVERSIDAD EAFIT,14,3,verde,1,218,287,75.96,47,10,0,0,0,12,0,0,218,0,0,0,0
p0848,UNIVERSIDAD EAFIT,14,4,verde,1,236,302,78.15,44,6,0,0,0,15,0,0,236,0,0,0,0
p0848,UNIVERSIDAD EAFIT,14,5,verde,1,226,307,73.62,45,15,0,0,0,19,0,0,226,0,0,0,0
p0848,UNIVERSIDAD EAFIT,14,6,verde,1,204,292,69.86,52,11,0,0,0,23,0,0,204,0,0,0,0
p0848,UNIVERSIDAD EAFIT,14,7,verde,1,221,291,75.95,37,11,0,0,0,21,0,0,221,0,0,0,0
p0848,UNIVERSIDAD EAFIT,14,8,verde,1,194,228,85.09,26,3,0,0,0,5,0,0,194,0,0,0,0
p0848,UNIVERSIDAD EAFIT,14,9,verde,1,230,277,83.03,33,5,0,0,0,9,0,0,230,0,0,0,0
p0848,UNIVERSIDAD EAFIT,14,10,verde,1,201,244,82.38,25,7,0,0,0,10,0,0,201,0,0,0,0
p0848,UNIVERSIDAD EAFIT,14,11,verde,1,224,270,82.96,28,5,0,0,0,12,0,0,224,0,0,0,0
p0848,UNIVERSIDAD EAFIT,14,12,verde,1,208,283,73.5,53,13,0,0,0,9,0,0,208,0,0,0,0
p0848,UNIVERSIDAD EAFIT,14,13,verde,1,247,293,84.3,32,7,0,0,0,6,0,0,247,0,0,0,0
p0848,UNIVERSIDAD EAFIT,14,14,verde,1,263,311,84.57,36,3,0,0,0,9,0,0,263,0,0,0,0
p0848,UNIVERSIDAD EAFIT,14,15,verde,1,269,312,86.22,29,3,0,0,0,11,0,0,269,0,0,0,0
p0848,UNIVERSIDAD EAFIT,14,16,verde,1,247,318,77.67,48,9,0,0,0,11,0,0,247,0,0,0,0
p0848,UNIVERSIDAD EAFIT,14,17,verde,1,238,301,79.07,40,11,0,0,0,12,0,0,238,0,0,0,0
p0848,UNIVERSIDAD EAFIT,14,18,verde,1,228,293,77.82,38,19,0,0,0,8,0,0,228,0,0,0,0
p0848,UNIVERSIDAD EAFIT,14,19,verde,1,259,317,81.7,42,7,0,0,0,8,0,0,259,0,0,0,0
p0848,UNIVERSIDAD EAFIT,14,20,verde,1,270,318,84.91,33,8,0,0,0,7,0,0,270,0,0,0,0
p0848,UNIVERSIDAD EAFIT,14,21,verde,1,261,315,82.86,41,3,0,0,0,8,0,0,261,0,0,0,0
p0848,UNIVERSIDAD EAFIT,14,22,verde,1,248,302,82.12,39,6,0,0,0,9,0,0,248,0,0,0,0
p0848,UNIVERSIDAD EAFIT,14,23,verde,1,242,309,78.32,46,9,0,0,0,10,0,0,242,0,0,0,0
p0848,UNIVERSIDAD EAFIT,14,24,verde,1,220,286,76.92,47,7,0,0,0,10,0,0,220,0,0,0,0
p0848,UNIVERSIDAD EAFIT,14,25,verde,1,238,288,82.64,42,3,0,0,0,4,0,0,238,0,0,0,0
p0848,UNIVERSIDAD EAFIT,14,26,verde,1,227,292,77.74,43,14,0,0,0,7,0,0,227,0,0,0,0
p0848,UNIVERSIDAD EAFIT,14,27,verde,1,223,308,72.4,51,14,0,0,0,20,0,0,223,0,0,0,0
p0848,UNIVERSIDAD EAFIT,14,28,verde,1,232,312,74.36,50,15,0,0,0,13,0,0,232,0,0,0,0
p0848,UNIVERSIDAD EAFIT,14,29,verde,1,216,295,73.22,39,15,0,0,0,24,0,0,216,0,0,0,0
p0848,UNIVERSIDAD EAFIT,14,30,verde,1,141,235,60.0,31,38,0,0,0,25,0,0,141,0,0,0,0
p0848,UNIVERSIDAD EAFIT,14,31,verde,1,130,244,53.28,47,48,0,0,0,19,0,0,130,0,0,0,0
p0848,UNIVERSIDAD EAFIT,14,32,verde,1,189,303,62.38,61,27,0,0,0,25,0,0,189,0,0,0,0
p0848,UNIVERSIDAD EAFIT,14,33,verde,1,175,306,57.19,63,44,0,0,0,22,0,0,175,0,0,0,0
p0848,UNIVERSIDAD EAFIT,14,34,verde,1,150,260,57.69,43,35,0,0,0,29,0,0,150,0,0,0,0
p0848,UNIVERSIDAD EAFIT,14,35,verde,1,147,247,59.51,39,37,0,0,0,22,0,0,147,0,0,0,0
p0848,UNIVERSIDAD EAFIT,14,36,verde,1,138,248,55.65,38,41,0,0,0,29,0,0,138,0,0,0,0
p0848,UNIVERSIDAD EAFIT,14,37,verde,1,32,64,50.0,9,11,0,0,0,12,0,0,32,0,0,0,0
p0849,UNIVERSIDAD PONTIFICIA BOLIVARIANA,11,1,verde,1,230,308,74.68,39,9,0,0,0,29,0,0,230,0,0,0,0
p0849,UNIVERSIDAD PONTIFICIA BOLIVARIANA,11,2,verde,1,217,318,68.24,31,8,0,0,0,60,0,0,217,0,0,0,0
p0849,UNIVERSIDAD PONTIFICIA BOLIVARIANA,11,3,verde,1,229,316,72.47,41,11,0,0,0,35,0,0,229,0,0,0,0
p0849,UNIVERSIDAD PONTIFICIA BOLIVARIANA,11,4,verde,1,233,317,73.5,32,12,0,0,0,40,0,0,233,0,0,0,0
p0849,UNIVERSIDAD PONTIFICIA BOLIVARIANA,11,5,verde,1,226,303,74.59,34,14,0,0,0,28,0,0,226,0,0,0,0
p0849,UNIVERSIDAD PONTIFICIA BOLIVARIANA,11,6,verde,1,228,310,73.55,31,14,0,0,0,36,0,0,228,0,0,0,0
p0849,UNIVERSIDAD PONTIFICIA BOLIVARIANA,11,7,verde,1,232,303,76.57,34,15,0,0,0,20,0,0,232,0,0,0,0
p0849,UNIVERSIDAD PONTIFICIA BOLIVARIANA,11,8,verde,1,243,323,75.23,28,19,0,0,0,30,0,0,243,0,0,0,0
p0849,UNIVERSIDAD PONTIFICIA BOLIVARIANA,11,9,verde,1,236,331,71.3,43,22,0,0,0,30,0,0,236,0,0,0,0
p0849,UNIVERSIDAD PONTIFICIA BOLIVARIANA,11,10,verde,1,229,311,73.63,26,15,0,0,0,38,0,0,229,0,0,0,0
p0849,UNIVERSIDAD PONTIFICIA BOLIVARIANA,11,11,verde,1,180,294,61.22,34,26,0,0,0,52,0,0,180,0,0,0,0
p0849,UNIVERSIDAD PONTIFICIA BOLIVARIANA,11,12,verde,1,229,318,72.01,30,10,0,0,0,47,0,0,229,0,0,0,0
p0849,UNIVERSIDAD PONTIFICIA BOLIVARIANA,11,13,verde,1,226,316,71.52,32,16,0,0,0,41,0,0,226,0,0,0,0
p0849,UNIVERSIDAD PONTIFICIA BOLIVARIANA,11,14,verde,1,227,320,70.94,30,12,0,0,0,48,0,0,227,0,0,0,0
p0849,UNIVERSIDAD PONTIFICIA BOLIVARIANA,11,15,verde,1,210,304,69.08,25,13,0,0,0,52,0,0,210,0,0,0,0
p0849,UNIVERSIDAD PONTIFICIA BOLIVARIANA,11,16,verde,1,180,285,63.16,26,38,0,0,0,37,0,0,180,0,0,0,0
p0849,UNIVERSIDAD PONTIFICIA BOLIVARIANA,11,17,verde,1,136,272,50.0,17,72,0,0,0,47,0,0,136,0,0,0,0
p0849,UNIVERSIDAD PONTIFICIA BOLIVARIANA,11,18,verde,1,105,280,37.5,19,71,0,0,0,83,0,0,105,0,0,0,0
p0849,UNIVERSIDAD PONTIFICIA BOLIVARIANA,11,19,verde,1,84,260,32.31,14,79,0,0,0,82,0,0,84,0,0,0,0
p0849,UNIVERSIDAD PONTIFICIA BOLIVARIANA,11,20,verde,1,113,259,43.63,17,67,0,0,0,58,0,0,113,0,0,0,0
p0849,UNIVERSIDAD PONTIFICIA BOLIVARIANA,11,21,verde,1,107,276,38.77,26,63,0,0,0,79,0,0,107,0,0,0,0
p0849,UNIVERSIDAD PONTIFICIA BOLIVARIANA,11,22,verde,1,139,263,52.85,23,61,0,0,0,39,0,0,139,0,0,0,0
p0849,UNIVERSIDAD PONTIFICIA BOLIVARIANA,11,23,verde,1,136,276,49.28,19,57,0,0,0,63,0,0,136,0,0,0,0
p0849,UNIVERSIDAD PONTIFICIA BOLIVARIANA,11,24,verde,1,138,272,50.74,8,62,0,0,0,61,0,0,138,0,0,0,0
p0849,UNIVERSIDAD PONTIFICIA BOLIVARIANA,11,25,verde,1,150,271,55.35,17,59,0,0,0,44,0,0,150,0,0,0,0
p0849,UNIVERSIDAD PONTIFICIA BOLIVARIANA,11,26,verde,1,145,288,50.35,24,55,0,0,0,59,0,0,145,0,0,0,0
p0849,UNIVERSIDAD PONTIFICIA BOLIVARIANA,11,27,verde,1,163,307,53.09,24,46,0,0,0,74,0,0,163,0,0,0,0
p0849,UNIVERSIDAD PONTIFICIA BOLIVARIANA,11,28,verde,1,131,273,47.99,17,46,0,0,0,78,0,0,131,0,0,0,0
p0849,UNIVERSIDAD PONTIFICIA BOLIVARIANA,11,29,verde,1,102,259,39.38,25,66,0,0,0,65,0,0,102,0,0,0,0
p0849,UNIVERSIDAD PONTIFICIA BOLIVARIANA,11,30,verde,1,93,250,37.2,13,52,0,0,0,91,0,0,93,0,0,0,0
p0849,UNIVERSIDAD PONTIFICIA BOLIVARIANA,11,31,verde,1,94,269,34.94,32,71,0,0,0,71,0,0,94,0,0,0,0
p0849,UNIVERSIDAD PONTIFICIA BOLIVARIANA,11,32,verde,1,106,276,38.41,23,49,0,0,0,94,0,0,106,0,0,0,0
p0849,UNIVERSIDAD PONTIFICIA BOLIVARIANA,11,33,verde,1,98,252,38.89,22,57,0,0,0,74,0,0,98,0,0,0,0
p0849,UNIVERSIDAD PONTIFICIA BOLIVARIANA,11,34,verde,1,155,277,55.96,30,35,0,0,0,52,0,0,155,0,0,0,0
p0849,UNIVERSIDAD PONTIFICIA BOLIVARIANA,11,35,verde,1,136,276,49.28,30,52,0,0,0,55,0,0,136,0,0,0,0
p0849,UNIVERSIDAD PONTIFICIA BOLIVARIANA,11,36,verde,1,120,292,41.1,28,72,0,0,0,70,0,0,120,0,0,0,0
p0849,UNIVERSIDAD PONTIFICIA BOLIVARIANA,11,37,verde,1,61,144,42.36,8,36,0,0,0,39,0,0,61,0,0,0,0
