dept_co,dept_nombre,muni_co,muni_nombre,total_votantes,votos_validos,pct_participacion,mesas_total,mesas_escrutadas,votos_AE,votos_IC,votos_Valencia,votos_Fajardo,votos_Lopez,votos_Botero,votos_coalicion_AE,diff_AE_IC,diff_coalicion_IC,pct_AE,pct_IC,pct_Valencia,pct_Fajardo,pct_coalicion,gana_AE,gana_coalicion,ganador,ganador_coalicion
1,ANTIOQUIA,1001,MEDELLIN,1241123,1227731,65.6,5329,5329,676358,300729,101941,105609,5056,9253,883908,375629,583179,55.09,24.49,8.3,8.6,72.0,1,1,ABELARDO,COALICIÓN AE
1,ANTIOQUIA,1004,ABEJORRAL,7590,7472,49.29,48,48,4191,924,1635,343,45,132,6169,3267,5245,56.09,12.37,21.88,4.59,82.56,1,1,ABELARDO,COALICIÓN AE
1,ANTIOQUIA,1007,ABRIAQUI,1097,1077,54.06,7,7,592,102,319,26,4,8,937,490,835,54.97,9.47,29.62,2.41,87.0,1,1,ABELARDO,COALICIÓN AE
1,ANTIOQUIA,1010,ALEJANDRIA,2760,2724,58.19,14,14,1811,389,312,114,2,48,2237,1422,1848,66.48,14.28,11.45,4.19,82.12,1,1,ABELARDO,COALICIÓN AE
1,ANTIOQUIA,1013,AMAGA,13229,12966,53.4,74,74,6531,3882,1067,659,52,325,8257,2649,4375,50.37,29.94,8.23,5.08,63.68,1,1,ABELARDO,COALICIÓN AE
1,ANTIOQUIA,1016,AMALFI,6760,6657,35.57,56,56,4087,1140,572,327,41,153,4986,2947,3846,61.39,17.12,8.59,4.91,74.9,1,1,ABELARDO,COALICIÓN AE
1,ANTIOQUIA,1019,ANDES,17719,17551,48.78,111,111,10148,2566,3583,584,52,243,14315,7582,11749,57.82,14.62,20.41,3.33,81.56,1,1,ABELARDO,COALICIÓN AE
1,ANTIOQUIA,1022,ANGELOPOLIS,2955,2899,49.36,19,19,1619,544,410,131,19,85,2160,1075,1616,55.85,18.77,14.14,4.52,74.51,1,1,ABELARDO,COALICIÓN AE
1,ANTIOQUIA,1025,ANGOSTURA,3667,3478,38.75,28,28,1816,559,600,178,33,76,2594,1257,2035,52.21,16.07,17.25,5.12,74.58,1,1,ABELARDO,COALICIÓN AE
1,ANTIOQUIA,1028,ANORI,3813,3758,27.82,43,43,1811,1275,215,152,10,99,2178,536,903,48.19,33.93,5.72,4.04,57.96,1,1,ABELARDO,COALICIÓN AE
1,ANTIOQUIA,1031,ANTIOQUIA,12290,12060,50.29,75,75,5907,3261,1673,574,57,174,8154,2646,4893,48.98,27.04,13.87,4.76,67.61,1,1,ABELARDO,COALICIÓN AE
1,ANTIOQUIA,1034,ANZA,2953,2901,44.14,20,20,1811,400,463,65,11,60,2339,1411,1939,62.43,13.79,15.96,2.24,80.63,1,1,ABELARDO,COALICIÓN AE
1,ANTIOQUIA,1035,APARTADO,54916,54380,50.0,323,323,16661,32102,2067,1385,164,340,20113,-15441,-11989,30.64,59.03,3.8,2.55,36.99,0,0,CEPEDA,CEPEDA
1,ANTIOQUIA,1037,ARBOLETES,9852,9773,42.01,72,72,4837,4120,414,157,18,59,5408,717,1288,49.49,42.16,4.24,1.61,55.34,1,1,ABELARDO,COALICIÓN AE
1,ANTIOQUIA,1039,ARGELIA,3202,3164,46.9,23,23,1946,334,670,56,8,52,2672,1612,2338,61.5,10.56,21.18,1.77,84.45,1,1,ABELARDO,COALICIÓN AE
1,ANTIOQUIA,1040,ARMENIA,2305,2256,50.26,14,14,1311,400,399,55,9,32,1765,911,1365,58.11,17.73,17.69,2.44,78.24,1,1,ABELARDO,COALICIÓN AE
1,ANTIOQUIA,1043,BARBOSA,24555,23983,52.26,138,138,11617,6929,2731,1365,141,332,15713,4688,8784,48.44,28.89,11.39,5.69,65.52,1,1,ABELARDO,COALICIÓN AE
1,ANTIOQUIA,1046,BELMIRA,2771,2729,51.13,19,19,1611,351,448,159,25,34,2218,1260,1867,59.03,12.86,16.42,5.83,81.28,1,1,ABELARDO,COALICIÓN AE
1,ANTIOQUIA,1049,BELLO,228294,225626,60.14,1043,1043,116690,63055,18571,18325,1154,2176,153586,53635,90531,51.72,27.95,8.23,8.12,68.07,1,1,ABELARDO,COALICIÓN AE
1,ANTIOQUIA,1052,BETANIA,3661,3617,43.55,25,25,2365,494,477,117,10,70,2959,1871,2465,65.39,13.66,13.19,3.23,81.81,1,1,ABELARDO,COALICIÓN AE
1,ANTIOQUIA,1055,BETULIA,5703,5591,41.29,42,42,3581,605,960,147,12,132,4688,2976,4083,64.05,10.82,17.17,2.63,83.85,1,1,ABELARDO,COALICIÓN AE
1,ANTIOQUIA,1058,BOLIVAR,11908,11749,49.85,71,71,7523,1642,1791,333,31,179,9647,5881,8005,64.03,13.98,15.24,2.83,82.11,1,1,ABELARDO,COALICIÓN AE
1,ANTIOQUIA,1061,BURITICA,3527,3470,41.22,27,27,1749,1075,360,97,13,53,2206,674,1131,50.4,30.98,10.37,2.8,63.57,1,1,ABELARDO,COALICIÓN AE
1,ANTIOQUIA,1062,BRICEÑO,1888,1816,27.63,23,23,1022,437,131,62,16,52,1215,585,778,56.28,24.06,7.21,3.41,66.91,1,1,ABELARDO,COALICIÓN AE
1,ANTIOQUIA,1064,CACERES,6491,6365,30.79,64,64,2099,3635,197,68,42,95,2364,-1536,-1271,32.98,57.11,3.1,1.07,37.14,0,0,CEPEDA,CEPEDA
1,ANTIOQUIA,1067,CAICEDO,3096,3008,42.44,21,21,1363,493,832,133,4,59,2328,870,1835,45.31,16.39,27.66,4.42,77.39,1,1,ABELARDO,COALICIÓN AE
1,ANTIOQUIA,1070,CALDAS,47528,46595,64.9,213,213,22385,13435,4339,4322,228,512,31046,8950,17611,48.04,28.83,9.31,9.28,66.63,1,1,ABELARDO,COALICIÓN AE
1,ANTIOQUIA,1073,CAMPAMENTO,2074,2031,28.82,22,22,1131,426,220,91,20,45,1442,705,1016,55.69,20.97,10.83,4.48,71.0,1,1,ABELARDO,COALICIÓN AE
1,ANTIOQUIA,1076,CAÑASGORDAS,7586,7497,50.74,43,43,4258,1044,1777,168,12,86,6203,3214,5159,56.8,13.93,23.7,2.24,82.74,1,1,ABELARDO,COALICIÓN AE
1,ANTIOQUIA,1078,CARACOLI,1991,1965,41.0,16,16,1129,445,248,41,13,43,1418,684,973,57.46,22.65,12.62,2.09,72.16,1,1,ABELARDO,COALICIÓN AE
1,ANTIOQUIA,1079,CARAMANTA,2420,2385,48.73,16,16,1168,387,659,92,4,33,1919,781,1532,48.97,16.23,27.63,3.86,80.46,1,1,ABELARDO,COALICIÓN AE
1,ANTIOQUIA,1080,CAREPA,22386,22103,45.27,149,149,7089,12538,1009,502,67,199,8600,-5449,-3938,32.07,56.73,4.56,2.27,38.91,0,0,CEPEDA,CEPEDA
1,ANTIOQUIA,1082,CARMEN DE VIBORAL,34724,34268,72.97,141,141,19259,7719,3180,2804,167,364,25243,11540,17524,56.2,22.53,9.28,8.18,73.66,1,1,ABELARDO,COALICIÓN AE
1,ANTIOQUIA,1085,CAROLINA,2402,2365,55.74,13,13,1350,483,322,120,10,12,1792,867,1309,57.08,20.42,13.62,5.07,75.77,1,1,ABELARDO,COALICIÓN AE
1,ANTIOQUIA,1088,CAUCASIA,37632,37015,48.41,232,232,14390,18877,1065,771,276,395,16226,-4487,-2651,38.88,51.0,2.88,2.08,43.84,0,0,CEPEDA,CEPEDA
1,ANTIOQUIA,1091,CISNEROS,6693,6579,52.2,37,37,3523,1639,758,306,24,140,4587,1884,2948,53.55,24.91,11.52,4.65,69.72,1,1,ABELARDO,COALICIÓN AE
1,ANTIOQUIA,1094,COCORNA,8811,8669,59.52,46,46,5912,1017,1115,251,28,127,7278,4895,6261,68.2,11.73,12.86,2.9,83.95,1,1,ABELARDO,COALICIÓN AE
1,ANTIOQUIA,1097,CONCEPCION,2761,2720,60.48,13,13,1902,278,342,101,16,17,2345,1624,2067,69.93,10.22,12.57,3.71,86.21,1,1,ABELARDO,COALICIÓN AE
1,ANTIOQUIA,1100,CONCORDIA,6872,6764,42.07,49,49,4234,901,1054,154,30,133,5442,3333,4541,62.6,13.32,15.58,2.28,80.46,1,1,ABELARDO,COALICIÓN AE
1,ANTIOQUIA,1103,COPACABANA,46373,45747,59.57,227,227,23129,13240,3660,3929,202,430,30718,9889,17478,50.56,28.94,8.0,8.59,67.15,1,1,ABELARDO,COALICIÓN AE
1,ANTIOQUIA,1106,CHIGORODO,24689,24344,46.04,155,155,8393,13171,965,614,93,296,9972,-4778,-3199,34.48,54.1,3.96,2.52,40.96,0,0,CEPEDA,CEPEDA
1,ANTIOQUIA,1109,DABEIBA,7842,7702,38.09,64,64,3711,2923,511,187,25,135,4409,788,1486,48.18,37.95,6.63,2.43,57.24,1,1,ABELARDO,COALICIÓN AE
1,ANTIOQUIA,1112,DON MATIAS,9894,9737,51.45,55,55,6501,1263,999,496,41,127,7996,5238,6733,66.77,12.97,10.26,5.09,82.12,1,1,ABELARDO,COALICIÓN AE
1,ANTIOQUIA,1115,EBEJICO,5640,5542,49.67,35,35,3233,946,932,155,24,88,4320,2287,3374,58.34,17.07,16.82,2.8,77.95,1,1,ABELARDO,COALICIÓN AE
1,ANTIOQUIA,1117,EL BAGRE,13919,13496,32.67,124,124,5608,6230,507,292,49,248,6407,-622,177,41.55,46.16,3.76,2.16,47.47,0,1,CEPEDA,COALICIÓN AE
1,ANTIOQUIA,1118,ENTRERRIOS,5842,5771,59.47,28,28,3765,775,542,436,21,59,4743,2990,3968,65.24,13.43,9.39,7.56,82.19,1,1,ABELARDO,COALICIÓN AE
1,ANTIOQUIA,1121,ENVIGADO,164295,163223,67.1,711,711,106750,23934,14875,14177,552,617,135802,82816,111868,65.4,14.66,9.11,8.69,83.2,1,1,ABELARDO,COALICIÓN AE
1,ANTIOQUIA,1124,FREDONIA,8864,8694,49.12,57,57,4536,2065,1355,300,37,144,6191,2471,4126,52.17,23.75,15.59,3.45,71.21,1,1,ABELARDO,COALICIÓN AE
1,ANTIOQUIA,1127,FRONTINO,6669,6547,36.66,58,58,3173,2033,762,239,29,93,4174,1140,2141,48.46,31.05,11.64,3.65,63.75,1,1,ABELARDO,COALICIÓN AE
1,ANTIOQUIA,1130,GIRALDO,2869,2836,54.94,17,17,1446,876,305,102,5,29,1853,570,977,50.99,30.89,10.75,3.6,65.34,1,1,ABELARDO,COALICIÓN AE
1,ANTIOQUIA,1133,GIRARDOTA,32202,31629,56.65,165,165,16081,8511,2840,2631,143,393,21552,7570,13041,50.84,26.91,8.98,8.32,68.14,1,1,ABELARDO,COALICIÓN AE
1,ANTIOQUIA,1136,GOMEZ PLATA,4741,4655,52.08,27,27,2944,691,520,241,24,70,3705,2253,3014,63.24,14.84,11.17,5.18,79.59,1,1,ABELARDO,COALICIÓN AE
1,ANTIOQUIA,1139,GRANADA,5971,5906,59.87,30,30,4553,589,410,178,18,40,5141,3964,4552,77.09,9.97,6.94,3.01,87.05,1,1,ABELARDO,COALICIÓN AE
1,ANTIOQUIA,1140,GUADALUPE,2303,2252,39.26,19,19,1028,823,168,77,14,20,1273,205,450,45.65,36.55,7.46,3.42,56.53,1,1,ABELARDO,COALICIÓN AE
1,ANTIOQUIA,1142,GUARNE,32368,31950,71.69,135,135,18974,6465,2980,2315,166,271,24269,12509,17804,59.39,20.23,9.33,7.25,75.96,1,1,ABELARDO,COALICIÓN AE
1,ANTIOQUIA,1145,GUATAPE,5982,5941,71.11,24,24,3883,799,794,312,22,39,4989,3084,4190,65.36,13.45,13.36,5.25,83.98,1,1,ABELARDO,COALICIÓN AE
1,ANTIOQUIA,1148,HELICONIA,2924,2867,48.01,19,19,1471,588,565,90,7,45,2126,883,1538,51.31,20.51,19.71,3.14,74.15,1,1,ABELARDO,COALICIÓN AE
1,ANTIOQUIA,1150,HISPANIA,2620,2593,49.79,16,16,1620,476,267,114,14,42,2001,1144,1525,62.48,18.36,10.3,4.4,77.17,1,1,ABELARDO,COALICIÓN AE
1,ANTIOQUIA,1151,ITAGUI,163596,161696,61.04,737,737,90656,39461,12156,13637,697,1432,116449,51195,76988,56.07,24.4,7.52,8.43,72.02,1,1,ABELARDO,COALICIÓN AE
1,ANTIOQUIA,1154,ITUANGO,4928,4736,27.9,59,59,2001,1547,474,181,55,128,2656,454,1109,42.25,32.66,10.01,3.82,56.08,1,1,ABELARDO,COALICIÓN AE
1,ANTIOQUIA,1157,JARDIN,8601,8530,64.28,39,39,4799,1918,1129,405,26,83,6333,2881,4415,56.26,22.49,13.24,4.75,74.24,1,1,ABELARDO,COALICIÓN AE
1,ANTIOQUIA,1160,JERICO,7001,6894,60.99,34,34,4143,1228,978,255,19,76,5376,2915,4148,60.1,17.81,14.19,3.7,77.98,1,1,ABELARDO,COALICIÓN AE
1,ANTIOQUIA,1163,LA CEJA,46829,46228,76.07,181,181,27398,8622,4425,4224,240,387,36047,18776,27425,59.27,18.65,9.57,9.14,77.98,1,1,ABELARDO,COALICIÓN AE
1,ANTIOQUIA,1166,LA ESTRELLA,42562,42053,63.62,197,197,22579,10269,4111,3600,140,401,30290,12310,20021,53.69,24.42,9.78,8.56,72.03,1,1,ABELARDO,COALICIÓN AE
1,ANTIOQUIA,1168,PUERTO NARE-LA MAGDALENA,5883,5795,47.99,38,38,2222,2584,600,169,15,98,2991,-362,407,38.34,44.59,10.35,2.92,51.61,0,1,CEPEDA,COALICIÓN AE
1,ANTIOQUIA,1169,LA UNION,14120,13913,68.77,60,60,7448,2392,2093,1276,80,200,10817,5056,8425,53.53,17.19,15.04,9.17,77.75,1,1,ABELARDO,COALICIÓN AE
1,ANTIOQUIA,1170,LA PINTADA,3779,3709,50.52,22,22,1908,1191,347,89,9,59,2344,717,1153,51.44,32.11,9.36,2.4,63.2,1,1,ABELARDO,COALICIÓN AE
1,ANTIOQUIA,1172,LIBORINA,4861,4808,50.61,30,30,3029,700,735,170,21,58,3934,2329,3234,63.0,14.56,15.29,3.54,81.82,1,1,ABELARDO,COALICIÓN AE
1,ANTIOQUIA,1175,MACEO,4441,4379,50.81,27,27,2517,867,653,132,11,92,3302,1650,2435,57.48,19.8,14.91,3.01,75.41,1,1,ABELARDO,COALICIÓN AE
1,ANTIOQUIA,1178,MARINILLA,38613,38218,72.07,156,156,23357,7013,3580,3051,180,323,29988,16344,22975,61.12,18.35,9.37,7.98,78.47,1,1,ABELARDO,COALICIÓN AE
1,ANTIOQUIA,1181,MONTEBELLO,3363,3289,51.47,20,20,1580,610,808,133,12,41,2521,970,1911,48.04,18.55,24.57,4.04,76.65,1,1,ABELARDO,COALICIÓN AE
1,ANTIOQUIA,1184,MURINDO,1634,1620,45.23,13,13,73,1491,29,9,5,5,111,-1418,-1380,4.51,92.04,1.79,0.56,6.85,0,0,CEPEDA,CEPEDA
1,ANTIOQUIA,1187,MUTATA,5876,5781,35.67,48,48,2151,3065,226,80,18,102,2457,-914,-608,37.21,53.02,3.91,1.38,42.5,0,0,CEPEDA,CEPEDA
1,ANTIOQUIA,1190,NARIÑO,3797,3750,43.18,29,29,2383,315,810,60,8,54,3253,2068,2938,63.55,8.4,21.6,1.6,86.75,1,1,ABELARDO,COALICIÓN AE
1,ANTIOQUIA,1191,NECHI,6422,6357,29.03,66,66,3241,2469,341,58,28,57,3640,772,1171,50.98,38.84,5.36,0.91,57.26,1,1,ABELARDO,COALICIÓN AE
1,ANTIOQUIA,1192,NECOCLI,15610,15373,38.61,119,119,7488,5919,1117,176,77,138,8781,1569,2862,48.71,38.5,7.27,1.14,57.12,1,1,ABELARDO,COALICIÓN AE
1,ANTIOQUIA,1193,OLAYA,1634,1619,54.41,10,10,938,259,310,43,3,27,1291,679,1032,57.94,16.0,19.15,2.66,79.74,1,1,ABELARDO,COALICIÓN AE
1,ANTIOQUIA,1196,PEÑOL,11862,11750,62.75,54,54,7725,1624,1327,658,48,115,9710,6101,8086,65.74,13.82,11.29,5.6,82.64,1,1,ABELARDO,COALICIÓN AE
1,ANTIOQUIA,1199,PEQUE,3060,3027,45.29,22,22,1188,876,746,69,10,35,2003,312,1127,39.25,28.94,24.64,2.28,66.17,1,1,ABELARDO,COALICIÓN AE
1,ANTIOQUIA,1202,PUEBLORRICO,3650,3611,49.11,21,21,2251,569,568,101,14,36,2920,1682,2351,62.34,15.76,15.73,2.8,80.86,1,1,ABELARDO,COALICIÓN AE
1,ANTIOQUIA,1205,PUERTO BERRIO,15021,14764,43.03,107,107,7444,5517,657,382,69,271,8483,1927,2966,50.42,37.37,4.45,2.59,57.46,1,1,ABELARDO,COALICIÓN AE
1,ANTIOQUIA,1206,PUERTO TRIUNFO,7980,7843,52.21,47,47,4688,2061,469,206,26,205,5363,2627,3302,59.77,26.28,5.98,2.63,68.38,1,1,ABELARDO,COALICIÓN AE
1,ANTIOQUIA,1208,REMEDIOS,8062,7918,33.71,72,72,3066,3584,294,323,44,222,3683,-518,99,38.72,45.26,3.71,4.08,46.51,0,1,CEPEDA,COALICIÓN AE
1,ANTIOQUIA,1211,RETIRO,17666,17556,76.79,67,67,11323,2139,2825,916,49,95,15064,9184,12925,64.5,12.18,16.09,5.22,85.81,1,1,ABELARDO,COALICIÓN AE
1,ANTIOQUIA,1214,RIONEGRO,100692,99730,74.57,392,392,58712,18050,12987,7243,400,664,78942,40662,60892,58.87,18.1,13.02,7.26,79.16,1,1,ABELARDO,COALICIÓN AE
1,ANTIOQUIA,1217,SABANALARGA,3546,3507,45.17,24,24,2116,504,640,70,10,62,2826,1612,2322,60.34,14.37,18.25,2.0,80.58,1,1,ABELARDO,COALICIÓN AE
1,ANTIOQUIA,1218,SABANETA,71369,70950,71.69,289,289,43977,11895,6610,6874,240,319,57461,32082,45566,61.98,16.77,9.32,9.69,80.99,1,1,ABELARDO,COALICIÓN AE
1,ANTIOQUIA,1220,SALGAR,5823,5752,40.92,43,43,4025,454,921,135,17,103,5081,3571,4627,69.98,7.89,16.01,2.35,88.33,1,1,ABELARDO,COALICIÓN AE
1,ANTIOQUIA,1223,SAN ANDRES,2335,2237,40.6,21,21,1202,427,265,100,26,52,1567,775,1140,53.73,19.09,11.85,4.47,70.05,1,1,ABELARDO,COALICIÓN AE
1,ANTIOQUIA,1226,SAN CARLOS,8801,8722,56.29,48,48,5447,1498,1182,284,32,113,6913,3949,5415,62.45,17.17,13.55,3.26,79.26,1,1,ABELARDO,COALICIÓN AE
1,ANTIOQUIA,1227,SAN FRANCISCO,2827,2783,42.83,19,19,1686,438,453,94,7,48,2233,1248,1795,60.58,15.74,16.28,3.38,80.24,1,1,ABELARDO,COALICIÓN AE
1,ANTIOQUIA,1229,SAN JERONIMO,7670,7566,55.36,42,42,4532,1463,983,249,34,114,5764,3069,4301,59.9,19.34,12.99,3.29,76.18,1,1,ABELARDO,COALICIÓN AE
1,ANTIOQUIA,1230,SAN JOSE DE LA MONTAÑA,1602,1569,48.94,10,10,927,191,194,131,10,44,1252,736,1061,59.08,12.17,12.36,8.35,79.8,1,1,ABELARDO,COALICIÓN AE
1,ANTIOQUIA,1231,SAN JUAN DE URABA,7710,7660,36.51,64,64,3525,3097,665,81,24,66,4271,428,1174,46.02,40.43,8.68,1.06,55.76,1,1,ABELARDO,COALICIÓN AE
1,ANTIOQUIA,1232,SAN LUIS,6844,6796,55.36,38,38,4632,1045,609,264,13,134,5505,3587,4460,68.16,15.38,8.96,3.88,81.0,1,1,ABELARDO,COALICIÓN AE
1,ANTIOQUIA,1235,SAN PEDRO,14943,14712,62.18,71,71,9059,2106,1740,1080,67,212,11879,6953,9773,61.58,14.31,11.83,7.34,80.74,1,1,ABELARDO,COALICIÓN AE
1,ANTIOQUIA,1237,SAN PEDRO DE URABA,11554,11431,39.06,90,90,6831,3017,960,159,50,100,7950,3814,4933,59.76,26.39,8.4,1.39,69.55,1,1,ABELARDO,COALICIÓN AE
1,ANTIOQUIA,1238,SAN RAFAEL,7555,7438,54.75,41,41,4376,1230,1118,389,36,113,5883,3146,4653,58.83,16.54,15.03,5.23,79.09,1,1,ABELARDO,COALICIÓN AE
1,ANTIOQUIA,1241,SAN ROQUE,8576,8453,51.43,50,50,4664,1201,1987,241,27,147,6892,3463,5691,55.18,14.21,23.51,2.85,81.53,1,1,ABELARDO,COALICIÓN AE
1,ANTIOQUIA,1244,SAN VICENTE,11730,11570,66.32,54,54,7424,1325,1719,615,65,125,9758,6099,8433,64.17,11.45,14.86,5.32,84.34,1,1,ABELARDO,COALICIÓN AE
1,ANTIOQUIA,1247,SANTA BARBARA,11636,11417,51.45,69,69,5987,2822,1450,594,46,189,8031,3165,5209,52.44,24.72,12.7,5.2,70.34,1,1,ABELARDO,COALICIÓN AE
1,ANTIOQUIA,1250,SANTA ROSA DE OSOS,17437,17012,58.98,91,91,9396,2427,3052,1183,116,224,13631,6969,11204,55.23,14.27,17.94,6.95,80.13,1,1,ABELARDO,COALICIÓN AE
1,ANTIOQUIA,1253,SANTO DOMINGO,5376,5285,55.8,32,32,2965,861,965,211,23,85,4141,2104,3280,56.1,16.29,18.26,3.99,78.35,1,1,ABELARDO,COALICIÓN AE
1,ANTIOQUIA,1256,SANTUARIO,22139,21930,71.08,91,91,16197,2126,1782,1197,82,169,19176,14071,17050,73.86,9.69,8.13,5.46,87.44,1,1,ABELARDO,COALICIÓN AE
1,ANTIOQUIA,1259,SEGOVIA,12200,11981,36.29,99,99,3588,6457,445,445,66,347,4478,-2869,-1979,29.95,53.89,3.71,3.71,37.38,0,0,CEPEDA,CEPEDA
1,ANTIOQUIA,1262,SONSON,16399,16099,58.21,95,95,9028,1679,4042,618,108,241,13688,7349,12009,56.08,10.43,25.11,3.84,85.02,1,1,ABELARDO,COALICIÓN AE
1,ANTIOQUIA,1265,SOPETRAN,7446,7357,54.11,43,43,3047,1713,2132,206,19,94,5385,1334,3672,41.42,23.28,28.98,2.8,73.2,1,1,ABELARDO,COALICIÓN AE
1,ANTIOQUIA,1268,TAMESIS,8569,8415,56.56,45,45,4240,1964,1464,337,36,150,6041,2276,4077,50.39,23.34,17.4,4.0,71.79,1,1,ABELARDO,COALICIÓN AE
1,ANTIOQUIA,1270,TARAZA,6812,6679,26.84,75,75,2214,3594,278,148,40,136,2640,-1380,-954,33.15,53.81,4.16,2.22,39.53,0,0,CEPEDA,CEPEDA
1,ANTIOQUIA,1271,TARSO,2930,2890,48.28,18,18,1374,754,539,83,7,52,1996,620,1242,47.54,26.09,18.65,2.87,69.07,1,1,ABELARDO,COALICIÓN AE
1,ANTIOQUIA,1274,TITIRIBI,4087,4008,47.14,27,27,1933,858,816,191,17,82,2940,1075,2082,48.23,21.41,20.36,4.77,73.35,1,1,ABELARDO,COALICIÓN AE
1,ANTIOQUIA,1277,TOLEDO,1820,1729,38.77,14,14,822,426,218,80,9,46,1120,396,694,47.54,24.64,12.61,4.63,64.78,1,1,ABELARDO,COALICIÓN AE
1,ANTIOQUIA,1280,TURBO,44598,43958,44.61,299,299,13435,26437,1683,554,165,296,15672,-13002,-10765,30.56,60.14,3.83,1.26,35.65,0,0,CEPEDA,CEPEDA
1,ANTIOQUIA,1282,URAMITA,2862,2811,42.29,21,21,1464,610,549,65,11,56,2078,854,1468,52.08,21.7,19.53,2.31,73.92,1,1,ABELARDO,COALICIÓN AE
1,ANTIOQUIA,1283,URRAO,10775,10593,41.4,78,78,6415,1979,1143,377,61,216,7935,4436,5956,60.56,18.68,10.79,3.56,74.91,1,1,ABELARDO,COALICIÓN AE
1,ANTIOQUIA,1286,VALDIVIA,3472,3395,27.56,37,37,1495,1387,183,99,16,71,1777,108,390,44.04,40.85,5.39,2.92,52.34,1,1,ABELARDO,COALICIÓN AE
1,ANTIOQUIA,1289,VALPARAISO,3202,3165,56.4,17,17,1550,937,490,78,4,42,2118,613,1181,48.97,29.61,15.48,2.46,66.92,1,1,ABELARDO,COALICIÓN AE
1,ANTIOQUIA,1290,VEGACHI,4892,4822,39.7,37,37,3100,722,449,177,28,138,3726,2378,3004,64.29,14.97,9.31,3.67,77.27,1,1,ABELARDO,COALICIÓN AE
1,ANTIOQUIA,1291,VIGIA DEL FUERTE,2220,2192,32.14,25,25,266,1663,145,58,5,11,469,-1397,-1194,12.14,75.87,6.61,2.65,21.4,0,0,CEPEDA,CEPEDA
1,ANTIOQUIA,1292,VENECIA,5735,5672,50.31,35,35,3500,1035,785,151,17,78,4436,2465,3401,61.71,18.25,13.84,2.66,78.21,1,1,ABELARDO,COALICIÓN AE
1,ANTIOQUIA,1293,YALI,2427,2393,37.24,20,20,1418,506,272,66,13,53,1756,912,1250,59.26,21.15,11.37,2.76,73.38,1,1,ABELARDO,COALICIÓN AE
1,ANTIOQUIA,1295,YARUMAL,16518,16156,46.81,108,108,9119,3096,1732,1239,109,221,12090,6023,8994,56.44,19.16,10.72,7.67,74.83,1,1,ABELARDO,COALICIÓN AE
1,ANTIOQUIA,1298,YOLOMBO,7718,7588,44.46,53,53,3987,1615,1182,350,53,143,5519,2372,3904,52.54,21.28,15.58,4.61,72.73,1,1,ABELARDO,COALICIÓN AE
1,ANTIOQUIA,1300,YONDO-CASABE,9397,9173,58.29,50,50,4286,3711,403,209,31,246,4898,575,1187,46.72,40.46,4.39,2.28,53.4,1,1,ABELARDO,COALICIÓN AE
1,ANTIOQUIA,1301,ZARAGOZA,6413,6234,29.36,66,66,2263,3012,399,115,28,116,2777,-749,-235,36.3,48.32,6.4,1.84,44.55,0,0,CEPEDA,CEPEDA
3,ATLANTICO,3001,BARRANQUILLA,601596,598064,50.72,3434,3434,272331,281123,11466,20320,1625,1566,304117,-8792,22994,45.54,47.01,1.92,3.4,50.85,0,1,CEPEDA,COALICIÓN AE
3,ATLANTICO,3004,BARANOA,29388,29255,55.34,158,158,9686,17979,477,462,63,84,10625,-8293,-7354,33.11,61.46,1.63,1.58,36.32,0,0,CEPEDA,CEPEDA
3,ATLANTICO,3007,CAMPO DE LA CRUZ,8526,8464,36.11,70,70,4989,2878,355,71,10,29,5415,2111,2537,58.94,34.0,4.19,0.84,63.98,1,1,ABELARDO,COALICIÓN AE
3,ATLANTICO,3010,CANDELARIA,5753,5710,38.79,44,44,3401,1964,160,44,12,28,3605,1437,1641,59.56,34.4,2.8,0.77,63.13,1,1,ABELARDO,COALICIÓN AE
3,ATLANTICO,3013,GALAPA,22326,22189,48.14,134,134,6432,14528,327,421,46,108,7180,-8096,-7348,28.99,65.47,1.47,1.9,32.36,0,0,CEPEDA,CEPEDA
3,ATLANTICO,3016,JUAN DE ACOSTA,9398,9355,47.72,58,58,5145,3605,168,207,14,41,5520,1540,1915,55.0,38.54,1.8,2.21,59.01,1,1,ABELARDO,COALICIÓN AE
3,ATLANTICO,3019,LURUACO,10990,10865,41.63,77,77,5096,5206,193,78,28,47,5367,-110,161,46.9,47.92,1.78,0.72,49.4,0,1,CEPEDA,COALICIÓN AE
3,ATLANTICO,3022,MALAMBO,43419,43119,45.8,274,274,11621,29475,565,546,75,199,12732,-17854,-16743,26.95,68.36,1.31,1.27,29.53,0,0,CEPEDA,CEPEDA
3,ATLANTICO,3025,MANATI,5938,5900,34.71,49,49,3508,1944,241,86,13,17,3835,1564,1891,59.46,32.95,4.08,1.46,65.0,1,1,ABELARDO,COALICIÓN AE
3,ATLANTICO,3028,PALMAR DE VARELA,12317,12232,52.05,68,68,4074,7637,136,147,23,33,4357,-3563,-3280,33.31,62.43,1.11,1.2,35.62,0,0,CEPEDA,CEPEDA
3,ATLANTICO,3031,PIOJO,2854,2840,48.32,19,19,1167,1431,153,20,3,8,1340,-264,-91,41.09,50.39,5.39,0.7,47.18,0,0,CEPEDA,CEPEDA
3,ATLANTICO,3034,POLONUEVO,8298,8239,54.68,44,44,2281,5660,73,79,11,25,2433,-3379,-3227,27.69,68.7,0.89,0.96,29.53,0,0,CEPEDA,CEPEDA
3,ATLANTICO,3035,PONEDERA,9040,8947,42.88,63,63,4083,4372,196,81,27,31,4360,-289,-12,45.64,48.87,2.19,0.91,48.73,0,0,CEPEDA,CEPEDA
3,ATLANTICO,3037,PUERTO COLOMBIA,21653,21561,54.45,117,117,8590,11515,478,584,64,58,9652,-2925,-1863,39.84,53.41,2.22,2.71,44.77,0,0,CEPEDA,CEPEDA
3,ATLANTICO,3040,REPELON,10238,10110,45.82,67,67,4475,4942,228,157,37,54,4860,-467,-82,44.26,48.88,2.26,1.55,48.07,0,0,CEPEDA,CEPEDA
3,ATLANTICO,3043,SABANAGRANDE,13523,13436,51.17,77,77,4633,7952,197,251,96,66,5081,-3319,-2871,34.48,59.18,1.47,1.87,37.82,0,0,CEPEDA,CEPEDA
3,ATLANTICO,3046,SABANALARGA,39333,39061,51.29,224,224,12642,24095,904,491,73,151,14037,-11453,-10058,32.36,61.69,2.31,1.26,35.94,0,0,CEPEDA,CEPEDA
3,ATLANTICO,3047,SANTA LUCIA,5941,5903,44.12,39,39,2613,1596,1458,55,78,18,4126,1017,2530,44.27,27.04,24.7,0.93,69.9,1,1,ABELARDO,COALICIÓN AE
3,ATLANTICO,3049,SANTO TOMAS,14225,14141,51.65,80,80,4822,8522,279,242,28,32,5343,-3700,-3179,34.1,60.26,1.97,1.71,37.78,0,0,CEPEDA,CEPEDA
3,ATLANTICO,3052,SOLEDAD,169553,168549,49.32,1000,1000,54568,104590,2486,3265,323,636,60319,-50022,-44271,32.38,62.05,1.47,1.94,35.79,0,0,CEPEDA,CEPEDA
3,ATLANTICO,3055,SUAN,5069,5052,42.7,34,34,3151,1661,93,58,7,12,3302,1490,1641,62.37,32.88,1.84,1.15,65.36,1,1,ABELARDO,COALICIÓN AE
3,ATLANTICO,3058,TUBARA,6017,5979,55.83,34,34,2085,3576,125,67,16,33,2277,-1491,-1299,34.87,59.81,2.09,1.12,38.08,0,0,CEPEDA,CEPEDA
3,ATLANTICO,3061,USIACURI,4752,4713,52.16,26,26,1391,2942,182,76,12,20,1649,-1551,-1293,29.51,62.42,3.86,1.61,34.99,0,0,CEPEDA,CEPEDA
5,BOLIVAR,5001,CARTAGENA,420599,418110,48.54,2518,2518,142674,239504,10912,11612,1268,1335,165198,-96830,-74306,34.12,57.28,2.61,2.78,39.51,0,0,CEPEDA,CEPEDA
5,BOLIVAR,5004,ACHI,7992,7919,42.39,63,63,4658,2215,800,37,33,37,5495,2443,3280,58.82,27.97,10.1,0.47,69.39,1,1,ABELARDO,COALICIÓN AE
5,BOLIVAR,5005,ARENAL,3030,3002,43.3,24,24,1103,1723,62,24,5,27,1189,-620,-534,36.74,57.4,2.07,0.8,39.61,0,0,CEPEDA,CEPEDA
5,BOLIVAR,5006,ALTOS DEL ROSARIO,3221,3193,37.58,26,26,1954,1104,36,17,13,21,2007,850,903,61.2,34.58,1.13,0.53,62.86,1,1,ABELARDO,COALICIÓN AE
5,BOLIVAR,5007,ARJONA,27341,26981,45.72,171,171,7380,17814,585,366,76,126,8331,-10434,-9483,27.35,66.02,2.17,1.36,30.88,0,0,CEPEDA,CEPEDA
5,BOLIVAR,5009,ARROYO HONDO,3913,3890,35.72,33,33,2650,982,123,41,7,21,2814,1668,1832,68.12,25.24,3.16,1.05,72.34,1,1,ABELARDO,COALICIÓN AE
5,BOLIVAR,5010,BARRANCO DE LOBA,5326,5273,40.71,40,40,3084,1917,107,19,13,43,3210,1167,1293,58.49,36.36,2.03,0.36,60.88,1,1,ABELARDO,COALICIÓN AE
5,BOLIVAR,5013,CALAMAR,8234,8118,39.16,62,62,4103,3427,297,50,25,39,4450,676,1023,50.54,42.21,3.66,0.62,54.82,1,1,ABELARDO,COALICIÓN AE
5,BOLIVAR,5014,CANTAGALLO,4571,4539,52.7,26,26,1781,2519,64,34,14,73,1879,-738,-640,39.24,55.5,1.41,0.75,41.4,0,0,CEPEDA,CEPEDA
5,BOLIVAR,5015,CICUCO,4809,4756,41.19,36,36,1539,2873,193,38,12,32,1770,-1334,-1103,32.36,60.41,4.06,0.8,37.22,0,0,CEPEDA,CEPEDA
5,BOLIVAR,5016,CORDOBA,7321,7269,47.08,49,49,2778,4175,129,27,17,30,2934,-1397,-1241,38.22,57.44,1.77,0.37,40.36,0,0,CEPEDA,CEPEDA
5,BOLIVAR,5018,CLEMENCIA,5674,5613,42.93,39,39,1831,3422,128,41,17,55,2000,-1591,-1422,32.62,60.97,2.28,0.73,35.63,0,0,CEPEDA,CEPEDA
5,BOLIVAR,5022,EL CARMEN DE BOLIVAR,27903,27586,45.0,190,190,14641,10555,1390,228,44,131,16259,4086,5704,53.07,38.26,5.04,0.83,58.94,1,1,ABELARDO,COALICIÓN AE
5,BOLIVAR,5025,EL GUAMO,3428,3395,40.66,27,27,1784,1458,56,18,11,19,1858,326,400,52.55,42.95,1.65,0.53,54.73,1,1,ABELARDO,COALICIÓN AE
5,BOLIVAR,5026,HATILLO DE LOBA,5187,5159,41.52,39,39,3349,1534,162,15,12,43,3526,1815,1992,64.92,29.73,3.14,0.29,68.35,1,1,ABELARDO,COALICIÓN AE
5,BOLIVAR,5027,EL PEÑON,2762,2736,40.33,24,24,1343,1257,67,6,7,25,1416,86,159,49.09,45.94,2.45,0.22,51.75,1,1,ABELARDO,COALICIÓN AE
5,BOLIVAR,5028,MAGANGUE,45779,45395,43.8,315,315,15168,27393,1185,468,110,287,16821,-12225,-10572,33.41,60.34,2.61,1.03,37.05,0,0,CEPEDA,CEPEDA
5,BOLIVAR,5031,MAHATES,9125,9050,39.83,68,68,3564,4427,539,66,39,46,4169,-863,-258,39.38,48.92,5.96,0.73,46.07,0,0,CEPEDA,CEPEDA
5,BOLIVAR,5037,MARGARITA,4275,4255,40.64,35,35,2779,1242,124,21,5,33,2924,1537,1682,65.31,29.19,2.91,0.49,68.72,1,1,ABELARDO,COALICIÓN AE
5,BOLIVAR,5040,MARIA LA BAJA,16521,16323,36.68,138,138,4495,10552,599,143,56,110,5237,-6057,-5315,27.54,64.64,3.67,0.88,32.08,0,0,CEPEDA,CEPEDA
5,BOLIVAR,5041,MONTECRISTO,3687,3655,34.11,37,37,1514,1903,76,17,10,53,1607,-389,-296,41.42,52.07,2.08,0.47,43.97,0,0,CEPEDA,CEPEDA
5,BOLIVAR,5043,MOMPOS,17182,17047,43.13,127,127,7404,8271,852,120,35,78,8376,-867,105,43.43,48.52,5.0,0.7,49.13,0,1,CEPEDA,COALICIÓN AE
5,BOLIVAR,5044,MORALES,6874,6806,52.32,43,43,4284,2066,184,54,10,83,4522,2218,2456,62.94,30.36,2.7,0.79,66.44,1,1,ABELARDO,COALICIÓN AE
5,BOLIVAR,5050,NOROSI,2182,2164,39.7,21,21,710,1304,58,13,4,26,781,-594,-523,32.81,60.26,2.68,0.6,36.09,0,0,CEPEDA,CEPEDA
5,BOLIVAR,5059,PINILLOS,7701,7647,40.51,66,66,4877,2291,290,36,20,43,5203,2586,2912,63.78,29.96,3.79,0.47,68.04,1,1,ABELARDO,COALICIÓN AE
5,BOLIVAR,5063,REGIDOR,2509,2496,44.29,20,20,969,1431,31,6,4,17,1006,-462,-425,38.82,57.33,1.24,0.24,40.3,0,0,CEPEDA,CEPEDA
5,BOLIVAR,5065,RIOVIEJO,3341,3300,47.61,24,24,1701,1358,100,24,13,35,1825,343,467,51.55,41.15,3.03,0.73,55.3,1,1,ABELARDO,COALICIÓN AE
5,BOLIVAR,5070,SAN ESTANISLAO,7319,7230,44.2,48,48,3494,3101,314,74,25,36,3882,393,781,48.33,42.89,4.34,1.02,53.69,1,1,ABELARDO,COALICIÓN AE
5,BOLIVAR,5072,SAN CRISTOBAL,3652,3637,44.69,24,24,1192,2285,62,25,13,12,1279,-1093,-1006,32.77,62.83,1.7,0.69,35.17,0,0,CEPEDA,CEPEDA
5,BOLIVAR,5073,SAN FERNANDO,3750,3726,36.58,35,35,1899,1637,107,20,6,9,2026,262,389,50.97,43.93,2.87,0.54,54.37,1,1,ABELARDO,COALICIÓN AE
5,BOLIVAR,5076,SAN JACINTO,11140,11044,50.15,68,68,5067,5173,531,73,23,29,5671,-106,498,45.88,46.84,4.81,0.66,51.35,0,1,CEPEDA,COALICIÓN AE
5,BOLIVAR,5078,SAN JACINTO DEL CAUCA,3033,3012,40.61,24,24,1589,1134,202,12,4,19,1803,455,669,52.76,37.65,6.71,0.4,59.86,1,1,ABELARDO,COALICIÓN AE
5,BOLIVAR,5079,SAN JUAN NEPOMUCENO,14564,14433,44.39,98,98,7609,5954,320,158,26,82,8087,1655,2133,52.72,41.25,2.22,1.09,56.03,1,1,ABELARDO,COALICIÓN AE
5,BOLIVAR,5082,SAN MARTIN DE LOBA,5441,5396,41.51,40,40,2484,2589,174,33,15,27,2691,-105,102,46.03,47.98,3.22,0.61,49.87,0,1,CEPEDA,COALICIÓN AE
5,BOLIVAR,5084,SAN PABLO,9262,9121,43.81,65,65,3802,4521,210,106,35,190,4118,-719,-403,41.68,49.57,2.3,1.16,45.15,0,0,CEPEDA,CEPEDA
5,BOLIVAR,5091,SANTA CATALINA,5635,5595,39.33,43,43,1288,4011,105,48,17,21,1441,-2723,-2570,23.02,71.69,1.88,0.86,25.76,0,0,CEPEDA,CEPEDA
5,BOLIVAR,5094,SANTA ROSA,7199,7133,40.98,50,50,1575,5107,196,67,14,30,1838,-3532,-3269,22.08,71.6,2.75,0.94,25.77,0,0,CEPEDA,CEPEDA
5,BOLIVAR,5095,SANTA ROSA DEL SUR,14619,14429,52.53,87,87,10104,2799,440,281,49,359,10825,7305,8026,70.03,19.4,3.05,1.95,75.02,1,1,ABELARDO,COALICIÓN AE
5,BOLIVAR,5097,SIMITI,6635,6558,47.75,50,50,3770,2035,179,78,40,172,4027,1735,1992,57.49,31.03,2.73,1.19,61.41,1,1,ABELARDO,COALICIÓN AE
5,BOLIVAR,5106,SOPLAVIENTO,4821,4778,53.82,26,26,969,3669,39,22,7,15,1030,-2700,-2639,20.28,76.79,0.82,0.46,21.56,0,0,CEPEDA,CEPEDA
5,BOLIVAR,5110,TALAIGUA NUEVO,5259,5244,49.64,34,34,2840,2177,107,21,9,33,2968,663,791,54.16,41.51,2.04,0.4,56.6,1,1,ABELARDO,COALICIÓN AE
5,BOLIVAR,5113,TIQUISIO (PTO. RICO),5142,5086,33.3,51,51,2490,2255,152,24,16,53,2666,235,411,48.96,44.34,2.99,0.47,52.42,1,1,ABELARDO,COALICIÓN AE
5,BOLIVAR,5118,TURBACO,38023,37755,49.11,220,220,12311,22333,1060,932,116,146,14303,-10022,-8030,32.61,59.15,2.81,2.47,37.88,0,0,CEPEDA,CEPEDA
5,BOLIVAR,5121,TURBANA,8532,8482,49.99,50,50,2028,5995,164,92,25,19,2284,-3967,-3711,23.91,70.68,1.93,1.08,26.93,0,0,CEPEDA,CEPEDA
5,BOLIVAR,5124,VILLANUEVA,7453,7342,41.99,52,52,2916,3845,279,66,19,34,3261,-929,-584,39.72,52.37,3.8,0.9,44.42,0,0,CEPEDA,CEPEDA
5,BOLIVAR,5127,ZAMBRANO,5054,5021,50.02,29,29,1030,3889,32,17,4,13,1079,-2859,-2810,20.51,77.45,0.64,0.34,21.49,0,0,CEPEDA,CEPEDA
7,BOYACA,7001,TUNJA,103635,102433,72.8,404,404,37018,44172,8612,7867,1721,659,53497,-7154,9325,36.14,43.12,8.41,7.68,52.23,0,1,CEPEDA,COALICIÓN AE
7,BOYACA,7007,ALMEIDA,1008,990,51.01,6,6,641,235,52,21,13,8,714,406,479,64.75,23.74,5.25,2.12,72.12,1,1,ABELARDO,COALICIÓN AE
7,BOYACA,7008,AQUITANIA (PUEBLOVIEJO),7555,7441,58.38,45,45,4882,1210,883,171,45,73,5936,3672,4726,65.61,16.26,11.87,2.3,79.77,1,1,ABELARDO,COALICIÓN AE
7,BOYACA,7010,ARCABUCO,3367,3314,65.18,15,15,1718,1019,321,127,22,30,2166,699,1147,51.84,30.75,9.69,3.83,65.36,1,1,ABELARDO,COALICIÓN AE
7,BOYACA,7013,BELEN,4556,4496,65.01,21,21,2430,1222,463,162,62,61,3055,1208,1833,54.05,27.18,10.3,3.6,67.95,1,1,ABELARDO,COALICIÓN AE
7,BOYACA,7016,BERBEO,914,905,62.13,5,5,460,335,58,16,2,8,534,125,199,50.83,37.02,6.41,1.77,59.01,1,1,ABELARDO,COALICIÓN AE
7,BOYACA,7019,BETEITIVA,1225,1216,60.82,7,7,658,376,105,29,15,12,792,282,416,54.11,30.92,8.63,2.38,65.13,1,1,ABELARDO,COALICIÓN AE
7,BOYACA,7022,BOAVITA,2713,2686,55.6,15,15,1704,548,286,48,28,23,2038,1156,1490,63.44,20.4,10.65,1.79,75.87,1,1,ABELARDO,COALICIÓN AE
7,BOYACA,7025,BOYACA,2446,2413,53.75,13,13,1438,673,153,42,31,15,1633,765,960,59.59,27.89,6.34,1.74,67.68,1,1,ABELARDO,COALICIÓN AE
7,BOYACA,7028,BRICEÑO,1439,1431,58.92,7,7,1048,192,118,13,10,24,1179,856,987,73.24,13.42,8.25,0.91,82.39,1,1,ABELARDO,COALICIÓN AE
7,BOYACA,7031,BUENAVISTA,3120,3089,62.3,16,16,2257,486,231,35,23,19,2523,1771,2037,73.07,15.73,7.48,1.13,81.68,1,1,ABELARDO,COALICIÓN AE
7,BOYACA,7034,BUSBANZA,687,682,70.1,3,3,404,169,68,12,12,4,484,235,315,59.24,24.78,9.97,1.76,70.97,1,1,ABELARDO,COALICIÓN AE
7,BOYACA,7037,CALDAS,1937,1920,60.17,12,12,1193,434,178,49,13,18,1420,759,986,62.14,22.6,9.27,2.55,73.96,1,1,ABELARDO,COALICIÓN AE
7,BOYACA,7040,CAMPOHERMOSO,1404,1395,58.91,9,9,1060,195,81,15,12,7,1156,865,961,75.99,13.98,5.81,1.08,82.87,1,1,ABELARDO,COALICIÓN AE
7,BOYACA,7043,CERINZA,2352,2307,64.29,11,11,974,785,316,92,50,24,1382,189,597,42.22,34.03,13.7,3.99,59.9,1,1,ABELARDO,COALICIÓN AE
7,BOYACA,7046,CIENEGA,2428,2407,62.88,11,11,1772,280,216,61,18,21,2049,1492,1769,73.62,11.63,8.97,2.53,85.13,1,1,ABELARDO,COALICIÓN AE
7,BOYACA,7049,COMBITA,6074,6000,60.63,30,30,2554,2125,748,233,116,69,3535,429,1410,42.57,35.42,12.47,3.88,58.92,1,1,ABELARDO,COALICIÓN AE
7,BOYACA,7052,COPER,1798,1788,56.32,12,12,1424,222,79,20,9,16,1523,1202,1301,79.64,12.42,4.42,1.12,85.18,1,1,ABELARDO,COALICIÓN AE
7,BOYACA,7055,CORRALES,1735,1722,71.6,7,7,931,524,135,66,21,16,1132,407,608,54.07,30.43,7.84,3.83,65.74,1,1,ABELARDO,COALICIÓN AE
7,BOYACA,7058,COVARACHIA,1879,1869,54.97,12,12,1467,195,155,10,4,13,1632,1272,1437,78.49,10.43,8.29,0.54,87.32,1,1,ABELARDO,COALICIÓN AE
7,BOYACA,7059,CUBARA,3042,2979,42.99,22,22,1051,1679,75,51,9,44,1177,-628,-502,35.28,56.36,2.52,1.71,39.51,0,0,CEPEDA,CEPEDA
7,BOYACA,7060,CUCAITA,2212,2190,64.17,10,10,985,838,210,58,33,21,1253,147,415,44.98,38.26,9.59,2.65,57.21,1,1,ABELARDO,COALICIÓN AE
7,BOYACA,7061,CUITIVA,1108,1098,59.63,6,6,573,284,175,25,11,7,773,289,489,52.19,25.87,15.94,2.28,70.4,1,1,ABELARDO,COALICIÓN AE
7,BOYACA,7064,CHINAVITA,1925,1914,62.47,10,10,1355,353,132,31,9,13,1518,1002,1165,70.79,18.44,6.9,1.62,79.31,1,1,ABELARDO,COALICIÓN AE
7,BOYACA,7067,CHIQUINQUIRA,29399,29018,66.5,132,132,15041,9233,2278,1263,324,297,18582,5808,9349,51.83,31.82,7.85,4.35,64.04,1,1,ABELARDO,COALICIÓN AE
7,BOYACA,7068,CHIQUIZA,2410,2383,50.53,15,15,1480,689,93,37,10,15,1610,791,921,62.11,28.91,3.9,1.55,67.56,1,1,ABELARDO,COALICIÓN AE
7,BOYACA,7070,CHISCAS,1592,1584,50.17,11,11,1152,209,162,29,2,9,1343,943,1134,72.73,13.19,10.23,1.83,84.79,1,1,ABELARDO,COALICIÓN AE
7,BOYACA,7073,CHITA,3235,3201,51.53,23,23,2402,520,165,30,7,27,2597,1882,2077,75.04,16.24,5.15,0.94,81.13,1,1,ABELARDO,COALICIÓN AE
7,BOYACA,7076,CHITARAQUE,2922,2905,50.41,18,18,2043,452,267,41,21,42,2351,1591,1899,70.33,15.56,9.19,1.41,80.93,1,1,ABELARDO,COALICIÓN AE
7,BOYACA,7077,CHIVATA,2268,2245,67.6,10,10,1067,659,302,99,35,26,1468,408,809,47.53,29.35,13.45,4.41,65.39,1,1,ABELARDO,COALICIÓN AE
7,BOYACA,7078,CHIVOR,1140,1132,60.09,7,7,936,114,41,18,6,4,995,822,881,82.69,10.07,3.62,1.59,87.9,1,1,ABELARDO,COALICIÓN AE
7,BOYACA,7079,DUITAMA,70029,69312,71.75,283,283,29238,27239,5477,4134,1180,599,38849,1999,11610,42.18,39.3,7.9,5.96,56.05,1,1,ABELARDO,COALICIÓN AE
7,BOYACA,7082,EL COCUY,1845,1809,54.97,11,11,1270,271,164,29,8,12,1463,999,1192,70.2,14.98,9.07,1.6,80.87,1,1,ABELARDO,COALICIÓN AE
7,BOYACA,7085,EL ESPINO,1334,1325,61.08,8,8,916,154,210,20,2,8,1146,762,992,69.13,11.62,15.85,1.51,86.49,1,1,ABELARDO,COALICIÓN AE
7,BOYACA,7088,FIRAVITOBA,3595,3550,59.57,19,19,1461,1384,367,139,66,25,1967,77,583,41.15,38.99,10.34,3.92,55.41,1,1,ABELARDO,COALICIÓN AE
7,BOYACA,7091,FLORESTA,2446,2431,68.57,11,11,1578,485,218,63,32,14,1859,1093,1374,64.91,19.95,8.97,2.59,76.47,1,1,ABELARDO,COALICIÓN AE
7,BOYACA,7094,GACHANTIVA,1847,1813,61.36,9,9,1176,368,186,30,6,11,1392,808,1024,64.86,20.3,10.26,1.65,76.78,1,1,ABELARDO,COALICIÓN AE
7,BOYACA,7097,GAMEZA,2543,2520,63.3,13,13,1791,387,202,50,16,21,2043,1404,1656,71.07,15.36,8.02,1.98,81.07,1,1,ABELARDO,COALICIÓN AE
7,BOYACA,7100,GARAGOA,8295,8186,65.77,38,38,4280,2534,601,362,115,85,5243,1746,2709,52.28,30.96,7.34,4.42,64.05,1,1,ABELARDO,COALICIÓN AE
7,BOYACA,7103,GUACAMAYAS,885,875,56.98,5,5,593,151,93,15,4,2,701,442,550,67.77,17.26,10.63,1.71,80.11,1,1,ABELARDO,COALICIÓN AE
7,BOYACA,7106,GUATEQUE,5748,5673,62.63,27,27,2901,1827,519,176,60,52,3596,1074,1769,51.14,32.21,9.15,3.1,63.39,1,1,ABELARDO,COALICIÓN AE
7,BOYACA,7109,GUAYATA,2454,2432,63.06,11,11,1748,378,199,33,11,20,1980,1370,1602,71.88,15.54,8.18,1.36,81.41,1,1,ABELARDO,COALICIÓN AE
7,BOYACA,7112,GUICAN,1644,1615,53.44,12,12,812,590,118,35,10,13,965,222,375,50.28,36.53,7.31,2.17,59.75,1,1,ABELARDO,COALICIÓN AE
7,BOYACA,7118,IZA,1460,1446,64.17,7,7,826,373,144,50,16,9,1020,453,647,57.12,25.8,9.96,3.46,70.54,1,1,ABELARDO,COALICIÓN AE
7,BOYACA,7121,JENESANO,3885,3843,60.05,19,19,2441,992,195,90,26,33,2726,1449,1734,63.52,25.81,5.07,2.34,70.93,1,1,ABELARDO,COALICIÓN AE
7,BOYACA,7124,JERICO,1808,1779,53.66,12,12,1422,166,132,12,7,8,1566,1256,1400,79.93,9.33,7.42,0.67,88.03,1,1,ABELARDO,COALICIÓN AE
7,BOYACA,7127,LABRANZAGRANDE,1886,1872,59.75,10,10,1422,299,69,22,11,16,1513,1123,1214,75.96,15.97,3.69,1.18,80.82,1,1,ABELARDO,COALICIÓN AE
7,BOYACA,7130,LA CAPILLA,1559,1546,63.39,7,7,1018,315,118,41,9,18,1177,703,862,65.85,20.38,7.63,2.65,76.13,1,1,ABELARDO,COALICIÓN AE
7,BOYACA,7136,LA UVITA,1428,1421,59.74,9,9,1048,164,139,19,17,8,1206,884,1042,73.75,11.54,9.78,1.34,84.87,1,1,ABELARDO,COALICIÓN AE
7,BOYACA,7137,LA VICTORIA,728,719,45.9,6,6,474,162,57,6,3,4,537,312,375,65.92,22.53,7.93,0.83,74.69,1,1,ABELARDO,COALICIÓN AE
7,BOYACA,7139,VILLA DE LEIVA,10124,10037,71.78,41,41,5160,3142,778,586,98,72,6524,2018,3382,51.41,31.3,7.75,5.84,65.0,1,1,ABELARDO,COALICIÓN AE
7,BOYACA,7142,MACANAL,2141,2122,58.59,13,13,1403,394,171,58,19,22,1632,1009,1238,66.12,18.57,8.06,2.73,76.91,1,1,ABELARDO,COALICIÓN AE
7,BOYACA,7148,MARIPI,2840,2826,47.87,19,19,1996,341,383,27,4,37,2406,1655,2065,70.63,12.07,13.55,0.96,85.14,1,1,ABELARDO,COALICIÓN AE
7,BOYACA,7151,MIRAFLORES,5073,5026,66.49,23,23,2562,1900,238,115,40,48,2915,662,1015,50.97,37.8,4.74,2.29,58.0,1,1,ABELARDO,COALICIÓN AE
7,BOYACA,7154,MONGUA,2912,2892,71.05,13,13,2280,375,156,31,10,16,2467,1905,2092,78.84,12.97,5.39,1.07,85.3,1,1,ABELARDO,COALICIÓN AE
7,BOYACA,7157,MONGUI,2791,2766,69.32,12,12,1546,766,291,74,28,22,1911,780,1145,55.89,27.69,10.52,2.68,69.09,1,1,ABELARDO,COALICIÓN AE
7,BOYACA,7160,MONIQUIRA,12702,12501,63.47,58,58,6697,3719,1242,371,128,113,8310,2978,4591,53.57,29.75,9.94,2.97,66.47,1,1,ABELARDO,COALICIÓN AE
7,BOYACA,7161,MOTAVITA,3702,3648,63.44,18,18,1710,1528,186,104,34,15,2000,182,472,46.88,41.89,5.1,2.85,54.82,1,1,ABELARDO,COALICIÓN AE
7,BOYACA,7163,MUZO,3994,3934,53.18,24,24,2318,1160,244,57,15,60,2619,1158,1459,58.92,29.49,6.2,1.45,66.57,1,1,ABELARDO,COALICIÓN AE
7,BOYACA,7166,NOBSA,10169,10063,74.0,40,40,3101,5385,690,454,143,96,4245,-2284,-1140,30.82,53.51,6.86,4.51,42.18,0,0,CEPEDA,CEPEDA
7,BOYACA,7169,NUEVO COLON,3088,3062,62.73,14,14,1873,850,161,70,32,29,2104,1023,1254,61.17,27.76,5.26,2.29,68.71,1,1,ABELARDO,COALICIÓN AE
7,BOYACA,7173,OICATA,1947,1918,67.83,9,9,877,655,209,79,36,17,1165,222,510,45.72,34.15,10.9,4.12,60.74,1,1,ABELARDO,COALICIÓN AE
7,BOYACA,7176,OTANCHE,4307,4276,58.75,27,27,3003,643,429,89,16,58,3521,2360,2878,70.23,15.04,10.03,2.08,82.34,1,1,ABELARDO,COALICIÓN AE
7,BOYACA,7178,PACHAVITA,1280,1258,65.77,6,6,831,220,137,20,17,0,988,611,768,66.06,17.49,10.89,1.59,78.54,1,1,ABELARDO,COALICIÓN AE
7,BOYACA,7179,PAEZ,1616,1599,67.16,8,8,1178,252,69,29,14,23,1276,926,1024,73.67,15.76,4.32,1.81,79.8,1,1,ABELARDO,COALICIÓN AE
7,BOYACA,7181,PAIPA,21582,21309,70.24,90,90,9133,7950,2120,1092,338,193,12345,1183,4395,42.86,37.31,9.95,5.12,57.93,1,1,ABELARDO,COALICIÓN AE
7,BOYACA,7184,PAJARITO,1079,1073,60.54,6,6,776,187,68,20,1,11,864,589,677,72.32,17.43,6.34,1.86,80.52,1,1,ABELARDO,COALICIÓN AE
7,BOYACA,7187,PANQUEBA,884,880,55.98,5,5,584,145,119,13,0,6,716,439,571,66.36,16.48,13.52,1.48,81.36,1,1,ABELARDO,COALICIÓN AE
7,BOYACA,7190,PAUNA,3879,3814,56.43,22,22,2325,844,445,75,24,29,2845,1481,2001,60.96,22.13,11.67,1.97,74.59,1,1,ABELARDO,COALICIÓN AE
7,BOYACA,7193,PAYA,978,962,55.47,6,6,755,115,47,7,6,10,809,640,694,78.48,11.95,4.89,0.73,84.1,1,1,ABELARDO,COALICIÓN AE
7,BOYACA,7199,PAZ DE RIO,2381,2351,58.83,13,13,854,1103,170,102,26,22,1126,-249,23,36.32,46.92,7.23,4.34,47.89,0,1,CEPEDA,COALICIÓN AE
7,BOYACA,7202,PESCA,3590,3552,55.95,20,20,2246,659,441,79,26,37,2766,1587,2107,63.23,18.55,12.42,2.22,77.87,1,1,ABELARDO,COALICIÓN AE
7,BOYACA,7205,PISBA,713,704,56.99,4,4,492,126,47,10,8,5,549,366,423,69.89,17.9,6.68,1.42,77.98,1,1,ABELARDO,COALICIÓN AE
7,BOYACA,7214,PUERTO BOYACA,24642,23846,61.87,119,119,12009,8243,1663,591,181,502,14263,3766,6020,50.36,34.57,6.97,2.48,59.81,1,1,ABELARDO,COALICIÓN AE
7,BOYACA,7215,QUIPAMA,2445,2410,49.24,17,17,1681,445,187,18,11,26,1886,1236,1441,69.75,18.46,7.76,0.75,78.26,1,1,ABELARDO,COALICIÓN AE
7,BOYACA,7217,RAMIRIQUI,5865,5806,62.06,29,29,3528,1504,436,163,36,49,4127,2024,2623,60.76,25.9,7.51,2.81,71.08,1,1,ABELARDO,COALICIÓN AE
7,BOYACA,7220,RAQUIRA,3786,3735,68.26,17,17,2248,884,302,143,23,44,2693,1364,1809,60.19,23.67,8.09,3.83,72.1,1,1,ABELARDO,COALICIÓN AE
7,BOYACA,7223,RONDON,1359,1347,60.15,7,7,917,276,97,18,6,14,1032,641,756,68.08,20.49,7.2,1.34,76.61,1,1,ABELARDO,COALICIÓN AE
7,BOYACA,7226,SABOYA,6565,6447,62.44,35,35,3777,1767,550,114,66,46,4441,2010,2674,58.59,27.41,8.53,1.77,68.88,1,1,ABELARDO,COALICIÓN AE
7,BOYACA,7232,SACHICA,3142,3111,70.84,13,13,1648,837,244,265,25,34,2157,811,1320,52.97,26.9,7.84,8.52,69.33,1,1,ABELARDO,COALICIÓN AE
7,BOYACA,7235,SAMACA,10612,10466,64.87,47,47,5988,2519,913,516,133,163,7417,3469,4898,57.21,24.07,8.72,4.93,70.87,1,1,ABELARDO,COALICIÓN AE
7,BOYACA,7237,SAN EDUARDO,949,942,61.26,5,5,556,267,50,17,10,15,623,289,356,59.02,28.34,5.31,1.8,66.14,1,1,ABELARDO,COALICIÓN AE
7,BOYACA,7238,SAN JOSE DE PARE,3004,2959,54.57,18,18,1943,528,354,47,23,20,2344,1415,1816,65.66,17.84,11.96,1.59,79.22,1,1,ABELARDO,COALICIÓN AE
7,BOYACA,7241,SAN LUIS DE GACENO,2650,2632,63.23,15,15,2132,298,108,51,4,15,2291,1834,1993,81.0,11.32,4.1,1.94,87.04,1,1,ABELARDO,COALICIÓN AE
7,BOYACA,7247,SAN MATEO,2022,2014,57.37,11,11,1600,219,107,30,5,30,1737,1381,1518,79.44,10.87,5.31,1.49,86.25,1,1,ABELARDO,COALICIÓN AE
7,BOYACA,7248,SAN MIGUEL DE SEMA,1845,1816,64.04,9,9,1105,389,207,40,21,20,1352,716,963,60.85,21.42,11.4,2.2,74.45,1,1,ABELARDO,COALICIÓN AE
7,BOYACA,7249,SAN PABLO DE BORBUR,3485,3446,57.47,20,20,2415,500,326,74,11,70,2815,1915,2315,70.08,14.51,9.46,2.15,81.69,1,1,ABELARDO,COALICIÓN AE
7,BOYACA,7250,SANTANA,3903,3868,53.76,21,21,2392,935,376,65,14,28,2833,1457,1898,61.84,24.17,9.72,1.68,73.24,1,1,ABELARDO,COALICIÓN AE
7,BOYACA,7251,SANTA MARIA,1951,1908,62.25,11,11,1072,625,67,48,10,22,1187,447,562,56.18,32.76,3.51,2.52,62.21,1,1,ABELARDO,COALICIÓN AE
7,BOYACA,7253,SANTA ROSA DE VITERBO,6325,6258,70.53,27,27,3449,1649,533,359,92,53,4341,1800,2692,55.11,26.35,8.52,5.74,69.37,1,1,ABELARDO,COALICIÓN AE
7,BOYACA,7256,SANTA SOFIA,2127,2113,64.98,10,10,1505,300,195,59,16,11,1759,1205,1459,71.23,14.2,9.23,2.79,83.25,1,1,ABELARDO,COALICIÓN AE
7,BOYACA,7259,SATIVANORTE,1351,1341,54.49,8,8,937,175,159,33,9,10,1129,762,954,69.87,13.05,11.86,2.46,84.19,1,1,ABELARDO,COALICIÓN AE
7,BOYACA,7262,SATIVASUR,612,606,48.8,4,4,371,134,61,16,6,2,448,237,314,61.22,22.11,10.07,2.64,73.93,1,1,ABELARDO,COALICIÓN AE
7,BOYACA,7265,SIACHOQUE,3740,3668,59.38,18,18,1880,854,615,94,44,60,2589,1026,1735,51.25,23.28,16.77,2.56,70.58,1,1,ABELARDO,COALICIÓN AE
7,BOYACA,7268,SOATA,4952,4898,64.63,22,22,2807,1301,500,133,50,27,3440,1506,2139,57.31,26.56,10.21,2.72,70.23,1,1,ABELARDO,COALICIÓN AE
7,BOYACA,7271,SOCOTA,3157,3112,54.24,20,20,1997,562,356,64,12,47,2417,1435,1855,64.17,18.06,11.44,2.06,77.67,1,1,ABELARDO,COALICIÓN AE
7,BOYACA,7274,SOCHA,3964,3903,58.0,22,22,1879,1120,641,93,25,53,2613,759,1493,48.14,28.7,16.42,2.38,66.95,1,1,ABELARDO,COALICIÓN AE
7,BOYACA,7277,SOGAMOSO,71271,70423,70.25,286,286,29674,27481,6297,3867,1111,500,39838,2193,12357,42.14,39.02,8.94,5.49,56.57,1,1,ABELARDO,COALICIÓN AE
7,BOYACA,7280,SOMONDOCO,1728,1704,60.0,9,9,1009,436,141,58,11,18,1208,573,772,59.21,25.59,8.27,3.4,70.89,1,1,ABELARDO,COALICIÓN AE
7,BOYACA,7281,SORA,1851,1820,62.36,9,9,910,612,146,80,19,8,1136,298,524,50.0,33.63,8.02,4.4,62.42,1,1,ABELARDO,COALICIÓN AE
7,BOYACA,7282,SORACA,4033,3961,62.85,19,19,1921,1207,516,110,37,69,2547,714,1340,48.5,30.47,13.03,2.78,64.3,1,1,ABELARDO,COALICIÓN AE
7,BOYACA,7283,SOTAQUIRA,4207,4128,67.09,19,19,2145,1132,529,105,51,54,2779,1013,1647,51.96,27.42,12.81,2.54,67.32,1,1,ABELARDO,COALICIÓN AE
7,BOYACA,7286,SUSACON,1400,1380,55.97,9,9,892,219,198,19,11,9,1109,673,890,64.64,15.87,14.35,1.38,80.36,1,1,ABELARDO,COALICIÓN AE
7,BOYACA,7289,SUTAMARCHAN,4207,4183,67.2,18,18,2519,1006,392,157,21,31,3068,1513,2062,60.22,24.05,9.37,3.75,73.34,1,1,ABELARDO,COALICIÓN AE
7,BOYACA,7292,SUTATENZA,2395,2371,60.81,12,12,1349,614,264,67,17,16,1680,735,1066,56.9,25.9,11.13,2.83,70.86,1,1,ABELARDO,COALICIÓN AE
7,BOYACA,7298,TASCO,2894,2855,58.65,14,14,1626,787,283,60,19,31,1969,839,1182,56.95,27.57,9.91,2.1,68.97,1,1,ABELARDO,COALICIÓN AE
7,BOYACA,7301,TENZA,2238,2206,62.28,11,11,1331,513,193,60,30,20,1584,818,1071,60.34,23.25,8.75,2.72,71.8,1,1,ABELARDO,COALICIÓN AE
7,BOYACA,7304,TIBANA,4212,4164,55.84,23,23,2736,944,255,77,48,25,3068,1792,2124,65.71,22.67,6.12,1.85,73.68,1,1,ABELARDO,COALICIÓN AE
7,BOYACA,7307,TIBASOSA,7010,6912,67.82,30,30,2825,2906,615,262,112,54,3702,-81,796,40.87,42.04,8.9,3.79,53.56,0,1,CEPEDA,COALICIÓN AE
7,BOYACA,7310,TINJACA,2289,2278,73.45,9,9,1237,732,162,88,17,15,1487,505,755,54.3,32.13,7.11,3.86,65.28,1,1,ABELARDO,COALICIÓN AE
7,BOYACA,7311,TIPACOQUE,1981,1960,54.73,11,11,1268,394,215,31,7,12,1514,874,1120,64.69,20.1,10.97,1.58,77.24,1,1,ABELARDO,COALICIÓN AE
7,BOYACA,7313,TOCA,4950,4866,61.75,23,23,2430,1443,514,128,80,57,3072,987,1629,49.94,29.65,10.56,2.63,63.13,1,1,ABELARDO,COALICIÓN AE
7,BOYACA,7316,TOGUI,2326,2288,52.04,13,13,1471,440,262,30,19,14,1763,1031,1323,64.29,19.23,11.45,1.31,77.05,1,1,ABELARDO,COALICIÓN AE
7,BOYACA,7319,TOPAGA,2471,2440,71.08,11,11,1460,580,235,62,35,20,1757,880,1177,59.84,23.77,9.63,2.54,72.01,1,1,ABELARDO,COALICIÓN AE
7,BOYACA,7322,TOTA,2180,2153,48.54,14,14,1410,411,210,40,10,18,1660,999,1249,65.49,19.09,9.75,1.86,77.1,1,1,ABELARDO,COALICIÓN AE
7,BOYACA,7324,TUNUNGUA,957,950,60.64,5,5,645,230,40,9,1,10,694,415,464,67.89,24.21,4.21,0.95,73.05,1,1,ABELARDO,COALICIÓN AE
7,BOYACA,7325,TURMEQUE,3602,3561,63.01,17,17,2076,909,261,163,48,33,2500,1167,1591,58.3,25.53,7.33,4.58,70.2,1,1,ABELARDO,COALICIÓN AE
7,BOYACA,7328,TUTA,5751,5685,66.68,25,25,2750,1947,485,209,92,58,3444,803,1497,48.37,34.25,8.53,3.68,60.58,1,1,ABELARDO,COALICIÓN AE
7,BOYACA,7331,TUTAZA,1322,1306,63.1,7,7,727,336,129,53,16,12,909,391,573,55.67,25.73,9.88,4.06,69.6,1,1,ABELARDO,COALICIÓN AE
7,BOYACA,7334,UMBITA,3802,3780,66.16,17,17,2703,632,240,87,30,18,3030,2071,2398,71.51,16.72,6.35,2.3,80.16,1,1,ABELARDO,COALICIÓN AE
7,BOYACA,7337,VENTAQUEMADA,7035,6924,58.74,35,35,3623,2205,516,236,106,57,4375,1418,2170,52.33,31.85,7.45,3.41,63.19,1,1,ABELARDO,COALICIÓN AE
7,BOYACA,7340,VIRACACHA,1521,1504,61.2,8,8,1073,221,109,33,15,10,1215,852,994,71.34,14.69,7.25,2.19,80.78,1,1,ABELARDO,COALICIÓN AE
7,BOYACA,7346,ZETAQUIRA,2831,2815,61.02,14,14,1889,632,141,52,23,29,2082,1257,1450,67.1,22.45,5.01,1.85,73.96,1,1,ABELARDO,COALICIÓN AE
9,CALDAS,9001,MANIZALES,234757,230488,67.33,1013,1013,98540,73993,25176,18129,2928,2145,141845,24547,67852,42.75,32.1,10.92,7.87,61.54,1,1,ABELARDO,COALICIÓN AE
9,CALDAS,9004,AGUADAS,11026,10770,58.15,59,59,5965,1608,2250,349,57,154,8564,4357,6956,55.39,14.93,20.89,3.24,79.52,1,1,ABELARDO,COALICIÓN AE
9,CALDAS,9007,ANSERMA,15704,15264,53.32,92,92,7569,3630,2440,507,119,236,10516,3939,6886,49.59,23.78,15.99,3.32,68.89,1,1,ABELARDO,COALICIÓN AE
9,CALDAS,9013,ARANZAZU,6021,5859,53.86,37,37,2967,679,1190,193,36,92,4350,2288,3671,50.64,11.59,20.31,3.29,74.24,1,1,ABELARDO,COALICIÓN AE
9,CALDAS,9022,BELALCAZAR,5331,5229,51.61,31,31,1930,1331,1158,81,19,77,3169,599,1838,36.91,25.45,22.15,1.55,60.6,1,1,ABELARDO,COALICIÓN AE
9,CALDAS,9034,CHINCHINA,27154,26429,56.89,140,140,11936,8441,2991,1138,268,373,16065,3495,7624,45.16,31.94,11.32,4.31,60.79,1,1,ABELARDO,COALICIÓN AE
9,CALDAS,9037,FILADELFIA,4715,4588,51.35,30,30,2313,744,757,135,21,63,3205,1569,2461,50.41,16.22,16.5,2.94,69.86,1,1,ABELARDO,COALICIÓN AE
9,CALDAS,9049,LA DORADA,31577,30571,55.13,170,170,13888,11685,2119,800,158,577,16807,2203,5122,45.43,38.22,6.93,2.62,54.98,1,1,ABELARDO,COALICIÓN AE
9,CALDAS,9052,LA MERCED,2862,2808,50.68,19,19,1233,657,534,82,13,65,1849,576,1192,43.91,23.4,19.02,2.92,65.85,1,1,ABELARDO,COALICIÓN AE
9,CALDAS,9055,MANZANARES,7956,7793,51.7,48,48,3948,1188,1728,211,39,116,5887,2760,4699,50.66,15.24,22.17,2.71,75.54,1,1,ABELARDO,COALICIÓN AE
9,CALDAS,9058,MARMATO,3203,3090,40.99,26,26,1261,1092,340,87,18,81,1688,169,596,40.81,35.34,11.0,2.82,54.63,1,1,ABELARDO,COALICIÓN AE
9,CALDAS,9061,MARQUETALIA,6787,6666,55.05,37,37,2878,844,2136,173,29,64,5187,2034,4343,43.17,12.66,32.04,2.6,77.81,1,1,ABELARDO,COALICIÓN AE
9,CALDAS,9067,MARULANDA,1186,1152,50.27,9,9,661,129,155,20,17,17,836,532,707,57.38,11.2,13.45,1.74,72.57,1,1,ABELARDO,COALICIÓN AE
9,CALDAS,9076,NEIRA,10902,10562,55.06,60,60,5288,2333,1435,436,102,166,7159,2955,4826,50.07,22.09,13.59,4.13,67.78,1,1,ABELARDO,COALICIÓN AE
9,CALDAS,9078,NORCASIA,3300,3203,49.13,21,21,1622,941,263,77,22,96,1962,681,1021,50.64,29.38,8.21,2.4,61.26,1,1,ABELARDO,COALICIÓN AE
9,CALDAS,9079,PACORA,6982,6768,58.27,40,40,3463,971,1365,201,50,116,5029,2492,4058,51.17,14.35,20.17,2.97,74.31,1,1,ABELARDO,COALICIÓN AE
9,CALDAS,9082,PALESTINA,7871,7662,52.84,44,44,3180,2194,657,195,36,131,4032,986,1838,41.5,28.63,8.57,2.55,52.62,1,1,ABELARDO,COALICIÓN AE
9,CALDAS,9085,PENSILVANIA,8985,8795,55.13,53,53,4035,1600,2401,218,43,134,6654,2435,5054,45.88,18.19,27.3,2.48,75.66,1,1,ABELARDO,COALICIÓN AE
9,CALDAS,9103,RIOSUCIO,24143,23537,58.48,125,125,9843,9331,2041,586,152,236,12470,512,3139,41.82,39.64,8.67,2.49,52.98,1,1,ABELARDO,COALICIÓN AE
9,CALDAS,9106,RISARALDA,5313,5178,50.38,32,32,2587,1112,865,117,24,102,3569,1475,2457,49.96,21.48,16.71,2.26,68.93,1,1,ABELARDO,COALICIÓN AE
9,CALDAS,9109,SALAMINA,7568,7372,51.47,45,45,3311,1495,1445,219,34,92,4975,1816,3480,44.91,20.28,19.6,2.97,67.49,1,1,ABELARDO,COALICIÓN AE
9,CALDAS,9115,SAMANA,8893,8667,53.24,54,54,4743,1588,1447,196,53,145,6386,3155,4798,54.72,18.32,16.7,2.26,73.68,1,1,ABELARDO,COALICIÓN AE
9,CALDAS,9120,SAN JOSE,2686,2642,54.15,16,16,1075,628,575,51,4,22,1701,447,1073,40.69,23.77,21.76,1.93,64.38,1,1,ABELARDO,COALICIÓN AE
9,CALDAS,9124,SUPIA,12893,12214,53.61,74,74,5135,4159,1469,330,106,249,6934,976,2775,42.04,34.05,12.03,2.7,56.77,1,1,ABELARDO,COALICIÓN AE
9,CALDAS,9127,VICTORIA,4637,4504,55.28,26,26,2285,1155,428,71,39,80,2784,1130,1629,50.73,25.64,9.5,1.58,61.81,1,1,ABELARDO,COALICIÓN AE
9,CALDAS,9130,VILLAMARIA,32571,31809,67.12,147,147,13096,10967,3558,1917,478,329,18571,2129,7604,41.17,34.48,11.19,6.03,58.38,1,1,ABELARDO,COALICIÓN AE
9,CALDAS,9133,VITERBO,7784,7639,57.36,44,44,4100,1707,966,184,43,135,5250,2393,3543,53.67,22.35,12.65,2.41,68.73,1,1,ABELARDO,COALICIÓN AE
11,CAUCA,11001,POPAYAN,187004,184022,69.38,785,785,49238,104468,16694,6763,1302,1174,72695,-55230,-31773,26.76,56.77,9.07,3.68,39.5,0,0,CEPEDA,CEPEDA
11,CAUCA,11004,ALMAGUER,7677,7521,59.61,43,43,434,6708,169,23,10,39,626,-6274,-6082,5.77,89.19,2.25,0.31,8.32,0,0,CEPEDA,CEPEDA
11,CAUCA,11005,ARGELIA,16688,15791,72.85,73,73,1575,12563,350,119,78,220,2044,-10988,-10519,9.97,79.56,2.22,0.75,12.94,0,0,CEPEDA,CEPEDA
11,CAUCA,11006,BALBOA,14522,13864,81.6,55,55,1470,10892,433,121,100,150,2024,-9422,-8868,10.6,78.56,3.12,0.87,14.6,0,0,CEPEDA,CEPEDA
11,CAUCA,11007,BOLIVAR,18423,17799,61.78,122,122,1848,14031,1021,69,63,134,2938,-12183,-11093,10.38,78.83,5.74,0.39,16.51,0,0,CEPEDA,CEPEDA
11,CAUCA,11010,BUENOS AIRES,12110,11033,65.48,61,61,2982,6162,657,146,88,143,3785,-3180,-2377,27.03,55.85,5.95,1.32,34.31,0,0,CEPEDA,CEPEDA
11,CAUCA,11013,CAJIBIO,15223,14475,56.83,83,83,3440,8348,1397,157,138,184,4994,-4908,-3354,23.77,57.67,9.65,1.08,34.5,0,0,CEPEDA,CEPEDA
11,CAUCA,11016,CALDONO,17512,17127,66.49,81,81,1831,13997,639,120,80,77,2590,-12166,-11407,10.69,81.72,3.73,0.7,15.12,0,0,CEPEDA,CEPEDA
11,CAUCA,11019,CALOTO,15024,14717,69.73,68,68,2194,11285,587,170,59,70,2951,-9091,-8334,14.91,76.68,3.99,1.16,20.05,0,0,CEPEDA,CEPEDA
11,CAUCA,11022,CORINTO,13201,12983,67.3,59,59,1927,10040,432,117,53,67,2476,-8113,-7564,14.84,77.33,3.33,0.9,19.07,0,0,CEPEDA,CEPEDA
11,CAUCA,11025,EL TAMBO,29758,27492,73.34,145,145,5627,16637,2155,371,363,449,8153,-11010,-8484,20.47,60.52,7.84,1.35,29.66,0,0,CEPEDA,CEPEDA
11,CAUCA,11027,FLORENCIA,3435,3309,67.81,16,16,585,1989,465,25,9,46,1075,-1404,-914,17.68,60.11,14.05,0.76,32.49,0,0,CEPEDA,CEPEDA
11,CAUCA,11028,GUAPI,7481,7381,38.91,71,71,343,6723,126,31,24,30,500,-6380,-6223,4.65,91.09,1.71,0.42,6.77,0,0,CEPEDA,CEPEDA
11,CAUCA,11029,GUACHENE,10123,9841,68.63,47,47,1082,7861,450,68,23,55,1600,-6779,-6261,10.99,79.88,4.57,0.69,16.26,0,0,CEPEDA,CEPEDA
11,CAUCA,11031,INZA,11346,11172,58.51,65,65,1714,8483,534,78,51,72,2326,-6769,-6157,15.34,75.93,4.78,0.7,20.82,0,0,CEPEDA,CEPEDA
11,CAUCA,11034,JAMBALO,8126,8010,78.74,33,33,190,7658,46,7,6,19,243,-7468,-7415,2.37,95.61,0.57,0.09,3.03,0,0,CEPEDA,CEPEDA
11,CAUCA,11037,LA SIERRA,6119,5819,66.3,29,29,1436,3559,431,59,44,51,1926,-2123,-1633,24.68,61.16,7.41,1.01,33.1,0,0,CEPEDA,CEPEDA
11,CAUCA,11040,LA VEGA,8657,8518,57.77,53,53,1046,6728,477,31,18,59,1554,-5682,-5174,12.28,78.99,5.6,0.36,18.24,0,0,CEPEDA,CEPEDA
11,CAUCA,11043,LOPEZ (MICAY),4845,4775,35.3,61,61,254,4297,79,11,15,19,344,-4043,-3953,5.32,89.99,1.65,0.23,7.2,0,0,CEPEDA,CEPEDA
11,CAUCA,11046,MERCADERES,8381,8153,59.99,48,48,1206,6154,356,46,26,70,1608,-4948,-4546,14.79,75.48,4.37,0.56,19.72,0,0,CEPEDA,CEPEDA
11,CAUCA,11049,MIRANDA,15067,14805,67.86,70,70,2523,11184,430,220,56,93,3173,-8661,-8011,17.04,75.54,2.9,1.49,21.43,0,0,CEPEDA,CEPEDA
11,CAUCA,11052,MORALES,15015,14538,64.48,75,75,3359,9075,1026,151,92,140,4536,-5716,-4539,23.1,62.42,7.06,1.04,31.2,0,0,CEPEDA,CEPEDA
11,CAUCA,11053,PADILLA,4246,4091,57.96,24,24,685,3114,88,35,17,25,808,-2429,-2306,16.74,76.12,2.15,0.86,19.75,0,0,CEPEDA,CEPEDA
11,CAUCA,11055,PAEZ (BELALCAZAR),13472,13241,59.0,82,82,1527,10815,482,57,51,57,2066,-9288,-8749,11.53,81.68,3.64,0.43,15.6,0,0,CEPEDA,CEPEDA
11,CAUCA,11058,PATIA (EL BORDO),20198,19132,71.11,95,95,3450,12952,1104,214,145,229,4768,-9502,-8184,18.03,67.7,5.77,1.12,24.92,0,0,CEPEDA,CEPEDA
11,CAUCA,11060,PIAMONTE,2848,2802,42.29,26,26,875,1628,98,22,15,49,995,-753,-633,31.23,58.1,3.5,0.79,35.51,0,0,CEPEDA,CEPEDA
11,CAUCA,11061,PIENDAMO,19225,18644,59.38,102,102,5760,9752,1573,434,198,225,7767,-3992,-1985,30.89,52.31,8.44,2.33,41.66,0,0,CEPEDA,CEPEDA
11,CAUCA,11064,PUERTO TEJADA,21966,21576,61.3,104,104,2387,17750,549,241,47,71,3177,-15363,-14573,11.06,82.27,2.54,1.12,14.72,0,0,CEPEDA,CEPEDA
11,CAUCA,11067,PURACE (COCONUCO),5963,5846,59.4,31,31,1212,4123,311,41,25,24,1564,-2911,-2559,20.73,70.53,5.32,0.7,26.75,0,0,CEPEDA,CEPEDA
11,CAUCA,11070,ROSAS,5590,5375,63.63,28,28,1369,3203,500,49,29,51,1918,-1834,-1285,25.47,59.59,9.3,0.91,35.68,0,0,CEPEDA,CEPEDA
11,CAUCA,11073,SAN SEBASTIAN,3983,3897,56.51,24,24,542,2970,266,8,8,9,816,-2428,-2154,13.91,76.21,6.83,0.21,20.94,0,0,CEPEDA,CEPEDA
11,CAUCA,11076,SANTANDER DE QUILICHAO,57034,55584,65.37,250,250,12819,36828,2257,1147,304,475,16223,-24009,-20605,23.06,66.26,4.06,2.06,29.19,0,0,CEPEDA,CEPEDA
11,CAUCA,11079,SANTA ROSA,2140,2113,51.92,18,18,478,1471,101,13,3,9,592,-993,-879,22.62,69.62,4.78,0.62,28.02,0,0,CEPEDA,CEPEDA
11,CAUCA,11082,SILVIA,13828,13219,56.21,80,80,2033,9739,603,161,91,102,2797,-7706,-6942,15.38,73.67,4.56,1.22,21.16,0,0,CEPEDA,CEPEDA
11,CAUCA,11085,SOTARA (PAISPAMBA),4807,4692,62.67,29,29,891,3136,419,51,28,22,1361,-2245,-1775,18.99,66.84,8.93,1.09,29.01,0,0,CEPEDA,CEPEDA
11,CAUCA,11086,SUCRE,4001,3884,67.65,22,22,251,3332,129,24,5,20,404,-3081,-2928,6.46,85.79,3.32,0.62,10.4,0,0,CEPEDA,CEPEDA
11,CAUCA,11087,SUAREZ,11371,10588,59.59,62,62,2638,6341,594,140,87,149,3372,-3703,-2969,24.91,59.89,5.61,1.32,31.85,0,0,CEPEDA,CEPEDA
11,CAUCA,11088,TIMBIO,19192,18702,66.52,89,89,5200,10696,1591,331,119,178,7122,-5496,-3574,27.8,57.19,8.51,1.77,38.08,0,0,CEPEDA,CEPEDA
11,CAUCA,11091,TIMBIQUI,7059,7025,44.38,60,60,243,6622,74,11,14,15,328,-6379,-6294,3.46,94.26,1.05,0.16,4.67,0,0,CEPEDA,CEPEDA
11,CAUCA,11094,TORIBIO,15768,15554,73.16,67,67,759,14215,203,47,49,35,1009,-13456,-13206,4.88,91.39,1.31,0.3,6.49,0,0,CEPEDA,CEPEDA
11,CAUCA,11097,TOTORO,8188,8069,61.09,45,45,813,6753,209,40,31,38,1062,-5940,-5691,10.08,83.69,2.59,0.5,13.16,0,0,CEPEDA,CEPEDA
11,CAUCA,11098,VILLA RICA,10213,10024,64.35,46,46,939,8512,238,68,24,33,1245,-7573,-7267,9.37,84.92,2.37,0.68,12.42,0,0,CEPEDA,CEPEDA
12,CESAR,12001,VALLEDUPAR,190265,188358,54.6,996,996,84650,89773,4668,4237,460,784,93555,-5123,3782,44.94,47.66,2.48,2.25,49.67,0,1,CEPEDA,COALICIÓN AE
12,CESAR,12075,AGUACHICA,46530,45830,59.87,237,237,27327,14388,1461,1074,84,555,29862,12939,15474,59.63,31.39,3.19,2.34,65.16,1,1,ABELARDO,COALICIÓN AE
12,CESAR,12150,AGUSTIN CODAZZI,25399,25097,47.01,155,155,9641,13803,674,366,69,126,10681,-4162,-3122,38.41,55.0,2.69,1.46,42.56,0,0,CEPEDA,CEPEDA
12,CESAR,12170,ASTREA,8807,8743,51.22,51,51,4758,3664,116,32,15,56,4906,1094,1242,54.42,41.91,1.33,0.37,56.11,1,1,ABELARDO,COALICIÓN AE
12,CESAR,12180,BECERRIL,9240,9147,45.27,60,60,3328,5299,153,89,19,60,3570,-1971,-1729,36.38,57.93,1.67,0.97,39.03,0,0,CEPEDA,CEPEDA
12,CESAR,12200,BOSCONIA,16550,16232,49.23,97,97,6307,9008,310,174,28,116,6791,-2701,-2217,38.86,55.5,1.91,1.07,41.84,0,0,CEPEDA,CEPEDA
12,CESAR,12225,CURUMANI,15623,15356,49.88,96,96,6565,7793,300,171,33,135,7036,-1228,-757,42.75,50.75,1.95,1.11,45.82,0,0,CEPEDA,CEPEDA
12,CESAR,12300,CHIMICHAGUA,11756,11657,44.89,84,84,6143,4827,279,64,85,108,6486,1316,1659,52.7,41.41,2.39,0.55,55.64,1,1,ABELARDO,COALICIÓN AE
12,CESAR,12375,CHIRIGUANA,11513,11396,45.99,73,73,4190,6579,248,77,19,78,4515,-2389,-2064,36.77,57.73,2.18,0.68,39.62,0,0,CEPEDA,CEPEDA
12,CESAR,12410,EL COPEY,12292,12154,46.94,78,78,4103,7212,364,88,22,99,4555,-3109,-2657,33.76,59.34,2.99,0.72,37.48,0,0,CEPEDA,CEPEDA
12,CESAR,12415,EL PASO,16240,16047,54.3,87,87,4907,10256,299,107,45,127,5313,-5349,-4943,30.58,63.91,1.86,0.67,33.11,0,0,CEPEDA,CEPEDA
12,CESAR,12450,GAMARRA,6283,6245,54.53,38,38,3580,2163,269,48,10,64,3897,1417,1734,57.33,34.64,4.31,0.77,62.4,1,1,ABELARDO,COALICIÓN AE
12,CESAR,12525,GONZALEZ,2445,2421,48.32,20,20,1539,624,98,60,6,21,1697,915,1073,63.57,25.77,4.05,2.48,70.1,1,1,ABELARDO,COALICIÓN AE
12,CESAR,12600,LA GLORIA,7003,6929,58.61,39,39,3945,2684,88,45,9,57,4078,1261,1394,56.93,38.74,1.27,0.65,58.85,1,1,ABELARDO,COALICIÓN AE
12,CESAR,12608,LA JAGUA DE IBIRICO,16783,16517,51.22,97,97,5998,9472,296,215,26,153,6509,-3474,-2963,36.31,57.35,1.79,1.3,39.41,0,0,CEPEDA,CEPEDA
12,CESAR,12625,MANAURE BALCON DEL CESAR (MANA,5184,5121,55.8,30,30,2382,2434,122,75,7,31,2579,-52,145,46.51,47.53,2.38,1.46,50.36,0,1,CEPEDA,COALICIÓN AE
12,CESAR,12650,PAILITAS,8484,8377,50.75,50,50,4467,3360,140,97,14,176,4704,1107,1344,53.32,40.11,1.67,1.16,56.15,1,1,ABELARDO,COALICIÓN AE
12,CESAR,12700,PELAYA,9117,8987,52.14,51,51,5447,2986,104,89,23,150,5640,2461,2654,60.61,33.23,1.16,0.99,62.76,1,1,ABELARDO,COALICIÓN AE
12,CESAR,12720,PUEBLO BELLO,10358,10224,43.31,72,72,3802,5910,156,118,18,55,4076,-2108,-1834,37.19,57.81,1.53,1.15,39.87,0,0,CEPEDA,CEPEDA
12,CESAR,12750,RIO DE ORO,9333,9220,54.6,55,55,5598,2560,499,202,15,158,6299,3038,3739,60.72,27.77,5.41,2.19,68.32,1,1,ABELARDO,COALICIÓN AE
12,CESAR,12800,SAN ALBERTO,11688,11519,56.86,63,63,5419,4921,353,288,44,287,6060,498,1139,47.04,42.72,3.06,2.5,52.61,1,1,ABELARDO,COALICIÓN AE
12,CESAR,12825,LA PAZ,11202,11105,47.16,71,71,6501,3932,258,141,15,64,6900,2569,2968,58.54,35.41,2.32,1.27,62.13,1,1,ABELARDO,COALICIÓN AE
12,CESAR,12850,SAN DIEGO,8918,8841,50.35,55,55,4457,3854,184,107,14,62,4748,603,894,50.41,43.59,2.08,1.21,53.7,1,1,ABELARDO,COALICIÓN AE
12,CESAR,12875,SAN MARTIN,12423,12196,62.63,62,62,6540,4333,340,180,40,466,7060,2207,2727,53.62,35.53,2.79,1.48,57.89,1,1,ABELARDO,COALICIÓN AE
12,CESAR,12900,TAMALAMEQUE,5165,5137,45.1,37,37,2246,2622,119,30,12,45,2395,-376,-227,43.72,51.04,2.32,0.58,46.62,0,0,CEPEDA,CEPEDA
13,CORDOBA,13001,MONTERIA,208585,207008,55.77,1090,1090,87885,104497,5611,4080,445,705,97576,-16612,-6921,42.45,50.48,2.71,1.97,47.14,0,0,CEPEDA,CEPEDA
13,CORDOBA,13004,AYAPEL,14456,14331,39.36,113,113,6836,6663,323,88,41,101,7247,173,584,47.7,46.49,2.25,0.61,50.57,1,1,ABELARDO,COALICIÓN AE
13,CORDOBA,13007,BUENAVISTA,9116,9028,47.05,63,63,2602,6031,88,76,28,52,2766,-3429,-3265,28.82,66.8,0.97,0.84,30.64,0,0,CEPEDA,CEPEDA
13,CORDOBA,13009,CANALETE,8167,8104,44.23,59,59,2822,4934,130,54,19,30,3006,-2112,-1928,34.82,60.88,1.6,0.67,37.09,0,0,CEPEDA,CEPEDA
13,CORDOBA,13010,CERETE,44885,44476,56.78,230,230,14984,26771,991,618,115,152,16593,-11787,-10178,33.69,60.19,2.23,1.39,37.31,0,0,CEPEDA,CEPEDA
13,CORDOBA,13013,CIENAGA DE ORO,26593,26400,54.52,147,147,6537,18890,352,195,33,50,7084,-12353,-11806,24.76,71.55,1.33,0.74,26.83,0,0,CEPEDA,CEPEDA
13,CORDOBA,13014,COTORRA (BONGO),9024,8968,53.5,51,51,3216,5000,551,54,7,23,3821,-1784,-1179,35.86,55.75,6.14,0.6,42.61,0,0,CEPEDA,CEPEDA
13,CORDOBA,13016,CHIMA,7125,7090,52.1,43,43,2923,3737,300,30,17,21,3253,-814,-484,41.23,52.71,4.23,0.42,45.88,0,0,CEPEDA,CEPEDA
13,CORDOBA,13019,CHINU,23972,23683,59.39,132,132,11401,9086,2346,234,41,91,13981,2315,4895,48.14,38.37,9.91,0.99,59.03,1,1,ABELARDO,COALICIÓN AE
13,CORDOBA,13020,LA APARTADA (FRONTERA),6097,6040,46.65,39,39,1489,4263,82,40,14,37,1611,-2774,-2652,24.65,70.58,1.36,0.66,26.67,0,0,CEPEDA,CEPEDA
13,CORDOBA,13022,LORICA,45014,44707,48.15,279,279,15938,26216,1184,385,89,164,17507,-10278,-8709,35.65,58.64,2.65,0.86,39.16,0,0,CEPEDA,CEPEDA
13,CORDOBA,13023,LOS CORDOBAS,7656,7594,44.24,56,56,3416,3699,200,49,28,48,3665,-283,-34,44.98,48.71,2.63,0.65,48.26,0,0,CEPEDA,CEPEDA
13,CORDOBA,13024,MOMIL,7830,7768,52.05,44,44,3466,3785,280,52,9,30,3798,-319,13,44.62,48.73,3.6,0.67,48.89,0,1,CEPEDA,COALICIÓN AE
13,CORDOBA,13025,MONTELIBANO,32050,31776,50.86,178,178,7546,22618,378,312,77,153,8236,-15072,-14382,23.75,71.18,1.19,0.98,25.92,0,0,CEPEDA,CEPEDA
13,CORDOBA,13027,MOÑITOS,10419,10359,46.5,68,68,4846,5012,240,52,27,49,5138,-166,126,46.78,48.38,2.32,0.5,49.6,0,1,CEPEDA,COALICIÓN AE
13,CORDOBA,13028,PLANETA RICA,27361,26892,47.89,155,155,10808,14570,492,337,75,126,11637,-3762,-2933,40.19,54.18,1.83,1.25,43.27,0,0,CEPEDA,CEPEDA
13,CORDOBA,13031,PUEBLO NUEVO,14347,14254,51.6,89,89,6801,6783,210,114,26,96,7125,18,342,47.71,47.59,1.47,0.8,49.99,1,1,ABELARDO,COALICIÓN AE
13,CORDOBA,13032,PUERTO LIBERTADOR,15195,15047,46.46,99,99,3746,10511,129,159,45,115,4034,-6765,-6477,24.9,69.85,0.86,1.06,26.81,0,0,CEPEDA,CEPEDA
13,CORDOBA,13033,PUERTO ESCONDIDO,9013,8954,44.35,63,63,4129,4265,302,58,26,34,4489,-136,224,46.11,47.63,3.37,0.65,50.13,0,1,CEPEDA,COALICIÓN AE
13,CORDOBA,13034,PURISIMA,7068,6977,48.11,45,45,3679,2881,189,47,15,42,3915,798,1034,52.73,41.29,2.71,0.67,56.11,1,1,ABELARDO,COALICIÓN AE
13,CORDOBA,13037,SAHAGUN,45411,45057,53.35,261,261,17443,25022,1242,430,81,139,19115,-7579,-5907,38.71,55.53,2.76,0.95,42.42,0,0,CEPEDA,CEPEDA
13,CORDOBA,13040,SAN ANDRES DE SOTAVENTO,17066,16905,52.52,97,97,4800,10960,690,87,50,51,5577,-6160,-5383,28.39,64.83,4.08,0.51,32.99,0,0,CEPEDA,CEPEDA
13,CORDOBA,13043,SAN ANTERO,12498,12275,50.09,75,75,5100,6315,372,60,36,108,5532,-1215,-783,41.55,51.45,3.03,0.49,45.07,0,0,CEPEDA,CEPEDA
13,CORDOBA,13046,SAN BERNARDO DEL VIENTO,12831,12747,44.27,92,92,3764,8369,266,57,33,40,4087,-4605,-4282,29.53,65.65,2.09,0.45,32.06,0,0,CEPEDA,CEPEDA
13,CORDOBA,13049,SAN CARLOS,9470,9399,43.16,67,67,4098,4560,405,73,27,48,4576,-462,16,43.6,48.52,4.31,0.78,48.69,0,1,CEPEDA,COALICIÓN AE
13,CORDOBA,13052,SAN JOSE DE URE,4191,4165,48.06,30,30,740,3228,63,19,10,21,822,-2488,-2406,17.77,77.5,1.51,0.46,19.74,0,0,CEPEDA,CEPEDA
13,CORDOBA,13055,SAN PELAYO,20706,20610,53.3,116,116,8642,11037,304,162,55,128,9108,-2395,-1929,41.93,53.55,1.48,0.79,44.19,0,0,CEPEDA,CEPEDA
13,CORDOBA,13058,TIERRALTA,28743,28420,39.55,223,223,9331,17296,629,237,67,156,10197,-7965,-7099,32.83,60.86,2.21,0.83,35.88,0,0,CEPEDA,CEPEDA
13,CORDOBA,13060,TUCHIN,14066,13883,49.88,86,86,4055,8706,713,78,29,57,4846,-4651,-3860,29.21,62.71,5.14,0.56,34.91,0,0,CEPEDA,CEPEDA
13,CORDOBA,13061,VALENCIA,12616,12515,43.71,90,90,5561,6175,339,88,31,58,5988,-614,-187,44.43,49.34,2.71,0.7,47.85,0,0,CEPEDA,CEPEDA
15,CUNDINAMARCA,15004,AGUA DE DIOS,5940,5847,60.24,28,28,2712,2401,342,136,64,62,3190,311,789,46.38,41.06,5.85,2.33,54.56,1,1,ABELARDO,COALICIÓN AE
15,CUNDINAMARCA,15007,ALBAN,3421,3376,61.69,17,17,1883,868,339,108,43,55,2330,1015,1462,55.78,25.71,10.04,3.2,69.02,1,1,ABELARDO,COALICIÓN AE
15,CUNDINAMARCA,15010,ANAPOIMA,8775,8686,64.87,39,39,5012,2349,779,216,75,88,6007,2663,3658,57.7,27.04,8.97,2.49,69.16,1,1,ABELARDO,COALICIÓN AE
15,CUNDINAMARCA,15013,ANOLAIMA,7811,7722,63.97,36,36,4389,1867,857,281,79,81,5527,2522,3660,56.84,24.18,11.1,3.64,71.57,1,1,ABELARDO,COALICIÓN AE
15,CUNDINAMARCA,15016,ARBELAEZ,6728,6671,67.79,29,29,3750,1781,605,222,99,42,4577,1969,2796,56.21,26.7,9.07,3.33,68.61,1,1,ABELARDO,COALICIÓN AE
15,CUNDINAMARCA,15019,BELTRAN,1192,1175,53.16,7,7,673,408,51,13,5,11,737,265,329,57.28,34.72,4.34,1.11,62.72,1,1,ABELARDO,COALICIÓN AE
15,CUNDINAMARCA,15022,BITUIMA,1718,1701,58.63,10,10,1079,352,171,47,12,16,1297,727,945,63.43,20.69,10.05,2.76,76.25,1,1,ABELARDO,COALICIÓN AE
15,CUNDINAMARCA,15025,BOJACA,5605,5406,72.83,22,22,2056,2473,368,200,97,71,2624,-417,151,38.03,45.75,6.81,3.7,48.54,0,1,CEPEDA,COALICIÓN AE
15,CUNDINAMARCA,15029,CABRERA,2002,1976,55.79,11,11,615,1203,75,13,17,11,703,-588,-500,31.12,60.88,3.8,0.66,35.58,0,0,CEPEDA,CEPEDA
15,CUNDINAMARCA,15030,CACHIPAY,6511,6433,65.5,29,29,3574,1716,680,164,84,87,4418,1858,2702,55.56,26.67,10.57,2.55,68.68,1,1,ABELARDO,COALICIÓN AE
15,CUNDINAMARCA,15031,CAJICA,53818,53287,78.63,199,199,25420,16176,5160,3878,1141,330,34458,9244,18282,47.7,30.36,9.68,7.28,64.66,1,1,ABELARDO,COALICIÓN AE
15,CUNDINAMARCA,15034,CAPARRAPI,5678,5614,52.87,35,35,4269,715,359,83,16,51,4711,3554,3996,76.04,12.74,6.39,1.48,83.92,1,1,ABELARDO,COALICIÓN AE
15,CUNDINAMARCA,15037,CAQUEZA,9951,9789,66.72,44,44,5809,2764,491,336,101,75,6636,3045,3872,59.34,28.24,5.02,3.43,67.79,1,1,ABELARDO,COALICIÓN AE
15,CUNDINAMARCA,15040,CARMEN DE CARUPA,4022,3957,63.05,19,19,2448,693,462,120,80,34,3030,1755,2337,61.87,17.51,11.68,3.03,76.57,1,1,ABELARDO,COALICIÓN AE
15,CUNDINAMARCA,15043,COGUA,12868,12624,75.05,50,50,5245,4940,965,674,299,107,6884,305,1944,41.55,39.13,7.64,5.34,54.53,1,1,ABELARDO,COALICIÓN AE
15,CUNDINAMARCA,15046,COTA,22726,22540,72.01,90,90,11715,6260,2119,1460,361,140,15294,5455,9034,51.97,27.77,9.4,6.48,67.85,1,1,ABELARDO,COALICIÓN AE
15,CUNDINAMARCA,15049,CUCUNUBA,4015,3961,74.51,16,16,2804,509,386,92,50,19,3282,2295,2773,70.79,12.85,9.75,2.32,82.86,1,1,ABELARDO,COALICIÓN AE
15,CUNDINAMARCA,15052,CHAGUANI,2308,2291,57.93,12,12,1522,412,235,48,15,17,1805,1110,1393,66.43,17.98,10.26,2.1,78.79,1,1,ABELARDO,COALICIÓN AE
15,CUNDINAMARCA,15055,CHIA,95544,94808,76.91,355,355,47983,26293,8934,7246,1761,626,64163,21690,37870,50.61,27.73,9.42,7.64,67.68,1,1,ABELARDO,COALICIÓN AE
15,CUNDINAMARCA,15058,CHIPAQUE,5866,5781,68.36,25,25,3497,1552,310,161,64,71,3968,1945,2416,60.49,26.85,5.36,2.78,68.64,1,1,ABELARDO,COALICIÓN AE
15,CUNDINAMARCA,15061,CHOACHI,8512,8443,69.9,36,36,5595,1695,609,279,65,54,6483,3900,4788,66.27,20.08,7.21,3.3,76.79,1,1,ABELARDO,COALICIÓN AE
15,CUNDINAMARCA,15064,CHOCONTA,11344,11108,66.54,50,50,6416,2791,769,491,165,159,7676,3625,4885,57.76,25.13,6.92,4.42,69.1,1,1,ABELARDO,COALICIÓN AE
15,CUNDINAMARCA,15067,EL COLEGIO,15091,14917,62.25,71,71,7349,5011,1453,424,199,171,9226,2338,4215,49.27,33.59,9.74,2.84,61.85,1,1,ABELARDO,COALICIÓN AE
15,CUNDINAMARCA,15070,EL PEÑON,2505,2490,54.55,15,15,1810,327,246,36,13,18,2092,1483,1765,72.69,13.13,9.88,1.45,84.02,1,1,ABELARDO,COALICIÓN AE
15,CUNDINAMARCA,15072,EL ROSAL,15304,14753,72.73,62,62,6554,5587,1084,576,254,178,8214,967,2627,44.42,37.87,7.35,3.9,55.68,1,1,ABELARDO,COALICIÓN AE
15,CUNDINAMARCA,15076,FACATATIVA,74627,72672,71.54,306,306,24970,34701,5110,3592,1385,845,33672,-9731,-1029,34.36,47.75,7.03,4.94,46.33,0,0,CEPEDA,CEPEDA
15,CUNDINAMARCA,15079,FOMEQUE,6771,6723,68.11,30,30,4786,991,601,137,34,58,5524,3795,4533,71.19,14.74,8.94,2.04,82.17,1,1,ABELARDO,COALICIÓN AE
15,CUNDINAMARCA,15085,FOSCA,3502,3493,63.11,17,17,2487,765,118,45,13,24,2650,1722,1885,71.2,21.9,3.38,1.29,75.87,1,1,ABELARDO,COALICIÓN AE
15,CUNDINAMARCA,15088,FUNZA,59358,58361,72.85,242,242,22662,25293,3808,3348,1168,442,29818,-2631,4525,38.83,43.34,6.52,5.74,51.09,0,1,CEPEDA,COALICIÓN AE
15,CUNDINAMARCA,15091,FUQUENE,3018,2962,70.23,13,13,1637,825,255,112,40,27,2004,812,1179,55.27,27.85,8.61,3.78,67.66,1,1,ABELARDO,COALICIÓN AE
15,CUNDINAMARCA,15094,FUSAGASUGA,83641,82659,67.37,367,367,41650,27302,6593,3475,1113,784,51718,14348,24416,50.39,33.03,7.98,4.2,62.57,1,1,ABELARDO,COALICIÓN AE
15,CUNDINAMARCA,15097,GACHALA,2749,2715,53.34,18,18,1644,712,194,71,19,21,1909,932,1197,60.55,26.22,7.15,2.62,70.31,1,1,ABELARDO,COALICIÓN AE
15,CUNDINAMARCA,15100,GACHANCIPA,9743,9510,74.48,38,38,3201,4679,600,398,192,116,4199,-1478,-480,33.66,49.2,6.31,4.19,44.15,0,0,CEPEDA,CEPEDA
15,CUNDINAMARCA,15103,GACHETA,5268,5197,59.66,26,26,3018,1284,495,183,50,58,3696,1734,2412,58.07,24.71,9.52,3.52,71.12,1,1,ABELARDO,COALICIÓN AE
15,CUNDINAMARCA,15106,GAMA,1964,1944,62.48,9,9,1330,378,111,61,21,16,1502,952,1124,68.42,19.44,5.71,3.14,77.26,1,1,ABELARDO,COALICIÓN AE
15,CUNDINAMARCA,15109,GIRARDOT,56007,55222,64.28,256,256,26476,21283,3470,1620,598,639,31566,5193,10283,47.94,38.54,6.28,2.93,57.16,1,1,ABELARDO,COALICIÓN AE
15,CUNDINAMARCA,15112,GUACHETA,6271,6140,65.47,28,28,3635,1187,702,194,117,95,4531,2448,3344,59.2,19.33,11.43,3.16,73.79,1,1,ABELARDO,COALICIÓN AE
15,CUNDINAMARCA,15115,GUADUAS,14150,13945,62.47,73,73,8064,4030,881,353,110,174,9298,4034,5268,57.83,28.9,6.32,2.53,66.68,1,1,ABELARDO,COALICIÓN AE
15,CUNDINAMARCA,15118,GUASCA,8865,8587,70.55,37,37,3822,2859,940,380,148,113,5142,963,2283,44.51,33.29,10.95,4.43,59.88,1,1,ABELARDO,COALICIÓN AE
15,CUNDINAMARCA,15121,GUATAQUI,1359,1344,49.27,8,8,754,499,46,20,7,7,820,255,321,56.1,37.13,3.42,1.49,61.01,1,1,ABELARDO,COALICIÓN AE
15,CUNDINAMARCA,15124,GUATAVITA,4155,4094,73.35,16,16,2422,851,366,218,87,47,3006,1571,2155,59.16,20.79,8.94,5.32,73.42,1,1,ABELARDO,COALICIÓN AE
15,CUNDINAMARCA,15127,GUAYABAL DE SIQUIMA,3085,3045,67.65,15,15,1730,755,341,72,32,42,2143,975,1388,56.81,24.79,11.2,2.36,70.38,1,1,ABELARDO,COALICIÓN AE
15,CUNDINAMARCA,15128,GUAYABETAL,3106,3064,66.82,14,14,2080,671,135,48,19,56,2263,1409,1592,67.89,21.9,4.41,1.57,73.86,1,1,ABELARDO,COALICIÓN AE
15,CUNDINAMARCA,15130,GUTIERREZ,1998,1990,69.61,9,9,1636,210,69,26,8,15,1731,1426,1521,82.21,10.55,3.47,1.31,86.98,1,1,ABELARDO,COALICIÓN AE
15,CUNDINAMARCA,15132,GRANADA,4505,4434,66.3,20,20,2030,1785,297,118,58,57,2445,245,660,45.78,40.26,6.7,2.66,55.14,1,1,ABELARDO,COALICIÓN AE
15,CUNDINAMARCA,15133,JERUSALEN,1586,1578,55.82,9,9,953,415,147,21,8,9,1121,538,706,60.39,26.3,9.32,1.33,71.04,1,1,ABELARDO,COALICIÓN AE
15,CUNDINAMARCA,15136,JUNIN,3383,3336,62.57,17,17,2193,737,189,68,32,32,2450,1456,1713,65.74,22.09,5.67,2.04,73.44,1,1,ABELARDO,COALICIÓN AE
15,CUNDINAMARCA,15139,LA CALERA,18287,18082,71.27,77,77,7725,6218,1961,1253,356,134,10939,1507,4721,42.72,34.39,10.85,6.93,60.5,1,1,ABELARDO,COALICIÓN AE
15,CUNDINAMARCA,15142,LA MESA,18128,17896,63.82,86,86,9127,5539,1710,627,269,236,11464,3588,5925,51.0,30.95,9.56,3.5,64.06,1,1,ABELARDO,COALICIÓN AE
15,CUNDINAMARCA,15145,LA PALMA,4033,3979,48.27,26,26,2358,1087,347,47,28,15,2752,1271,1665,59.26,27.32,8.72,1.18,69.16,1,1,ABELARDO,COALICIÓN AE
15,CUNDINAMARCA,15148,LA PEÑA,3560,3514,58.8,19,19,2456,455,409,63,11,42,2928,2001,2473,69.89,12.95,11.64,1.79,83.32,1,1,ABELARDO,COALICIÓN AE
15,CUNDINAMARCA,15151,LA VEGA,9644,9552,66.02,42,42,6072,2079,755,285,86,104,7112,3993,5033,63.57,21.77,7.9,2.98,74.46,1,1,ABELARDO,COALICIÓN AE
15,CUNDINAMARCA,15154,LENGUAZAQUE,5601,5543,73.91,23,23,4162,496,513,149,46,56,4824,3666,4328,75.09,8.95,9.25,2.69,87.03,1,1,ABELARDO,COALICIÓN AE
15,CUNDINAMARCA,15157,MACHETA,4306,4257,65.14,19,19,2939,640,441,115,28,22,3495,2299,2855,69.04,15.03,10.36,2.7,82.1,1,1,ABELARDO,COALICIÓN AE
15,CUNDINAMARCA,15160,MADRID,69475,68075,74.26,274,274,24614,31763,4202,3549,1477,599,32365,-7149,602,36.16,46.66,6.17,5.21,47.54,0,1,CEPEDA,COALICIÓN AE
15,CUNDINAMARCA,15163,MANTA,2727,2719,67.76,12,12,1768,426,348,68,21,21,2184,1342,1758,65.02,15.67,12.8,2.5,80.32,1,1,ABELARDO,COALICIÓN AE
15,CUNDINAMARCA,15166,MEDINA,4303,4261,62.51,25,25,3176,711,162,73,11,59,3411,2465,2700,74.54,16.69,3.8,1.71,80.05,1,1,ABELARDO,COALICIÓN AE
15,CUNDINAMARCA,15169,MOSQUERA,74839,73855,75.51,289,289,29147,31194,4988,4563,1409,610,38698,-2047,7504,39.47,42.24,6.75,6.18,52.4,0,1,CEPEDA,COALICIÓN AE
15,CUNDINAMARCA,15172,NARIÑO,1561,1544,53.14,9,9,697,647,135,27,8,10,859,50,212,45.14,41.9,8.74,1.75,55.63,1,1,ABELARDO,COALICIÓN AE
15,CUNDINAMARCA,15175,NEMOCON,8560,8325,72.99,34,34,3786,3249,510,283,145,96,4579,537,1330,45.48,39.03,6.13,3.4,55.0,1,1,ABELARDO,COALICIÓN AE
15,CUNDINAMARCA,15178,NILO,3629,3606,57.77,19,19,2133,1033,227,79,18,56,2439,1100,1406,59.15,28.65,6.3,2.19,67.64,1,1,ABELARDO,COALICIÓN AE
15,CUNDINAMARCA,15181,NIMAIMA,2260,2248,65.71,11,11,1579,366,176,51,14,26,1806,1213,1440,70.24,16.28,7.83,2.27,80.34,1,1,ABELARDO,COALICIÓN AE
15,CUNDINAMARCA,15184,NOCAIMA,3609,3574,66.42,16,16,2080,1073,224,90,26,30,2394,1007,1321,58.2,30.02,6.27,2.52,66.98,1,1,ABELARDO,COALICIÓN AE
15,CUNDINAMARCA,15190,PACHO,15015,14844,63.87,71,71,9225,2990,1569,450,122,185,11244,6235,8254,62.15,20.14,10.57,3.03,75.75,1,1,ABELARDO,COALICIÓN AE
15,CUNDINAMARCA,15193,PAIME,2534,2518,49.27,17,17,1704,510,222,25,10,15,1951,1194,1441,67.67,20.25,8.82,0.99,77.48,1,1,ABELARDO,COALICIÓN AE
15,CUNDINAMARCA,15196,PANDI,2586,2560,58.52,13,13,1336,893,185,51,19,29,1572,443,679,52.19,34.88,7.23,1.99,61.41,1,1,ABELARDO,COALICIÓN AE
15,CUNDINAMARCA,15198,PARATEBUENO (LA NAGUAYA),4779,4725,61.39,26,26,3221,976,237,89,12,138,3547,2245,2571,68.17,20.66,5.02,1.88,75.07,1,1,ABELARDO,COALICIÓN AE
15,CUNDINAMARCA,15199,PASCA,5375,5280,62.93,25,25,2160,2513,277,117,47,38,2554,-353,41,40.91,47.59,5.25,2.22,48.37,0,1,CEPEDA,COALICIÓN AE
15,CUNDINAMARCA,15202,PUERTO SALGAR,7603,7441,56.97,40,40,3757,2831,363,164,38,126,4284,926,1453,50.49,38.05,4.88,2.2,57.57,1,1,ABELARDO,COALICIÓN AE
15,CUNDINAMARCA,15205,PULI,1447,1427,50.12,11,11,825,336,167,21,15,23,1013,489,677,57.81,23.55,11.7,1.47,70.99,1,1,ABELARDO,COALICIÓN AE
15,CUNDINAMARCA,15208,QUEBRADANEGRA,3107,3087,71.32,14,14,2357,408,195,53,17,23,2605,1949,2197,76.35,13.22,6.32,1.72,84.39,1,1,ABELARDO,COALICIÓN AE
15,CUNDINAMARCA,15211,QUETAME,3968,3929,67.29,18,18,2300,1202,185,97,29,46,2582,1098,1380,58.54,30.59,4.71,2.47,65.72,1,1,ABELARDO,COALICIÓN AE
15,CUNDINAMARCA,15214,QUIPILE,3693,3663,59.36,20,20,2428,568,475,60,34,30,2963,1860,2395,66.28,15.51,12.97,1.64,80.89,1,1,ABELARDO,COALICIÓN AE
15,CUNDINAMARCA,15217,APULO,4585,4523,62.81,22,22,2622,1292,355,74,20,50,3051,1330,1759,57.97,28.57,7.85,1.64,67.46,1,1,ABELARDO,COALICIÓN AE
15,CUNDINAMARCA,15218,RICAURTE,8306,8235,61.91,40,40,4451,2654,530,205,89,127,5186,1797,2532,54.05,32.23,6.44,2.49,62.98,1,1,ABELARDO,COALICIÓN AE
15,CUNDINAMARCA,15220,SAN ANTONIO DEL TEQUENDAMA,6324,6263,66.33,28,28,3165,1977,634,201,93,63,4000,1188,2023,50.53,31.57,10.12,3.21,63.87,1,1,ABELARDO,COALICIÓN AE
15,CUNDINAMARCA,15223,SAN BERNARDO,4523,4480,57.67,24,24,2595,1349,291,104,30,48,2990,1246,1641,57.92,30.11,6.5,2.32,66.74,1,1,ABELARDO,COALICIÓN AE
15,CUNDINAMARCA,15226,SAN CAYETANO,2337,2322,52.49,16,16,1560,276,367,37,14,28,1964,1284,1688,67.18,11.89,15.81,1.59,84.58,1,1,ABELARDO,COALICIÓN AE
15,CUNDINAMARCA,15229,SAN FRANCISCO,6418,6347,65.44,31,31,3805,1516,571,182,79,80,4558,2289,3042,59.95,23.89,9.0,2.87,71.81,1,1,ABELARDO,COALICIÓN AE
15,CUNDINAMARCA,15232,SAN JUAN DE RIOSECO,5342,5277,58.67,29,29,3126,1390,483,121,30,42,3730,1736,2340,59.24,26.34,9.15,2.29,70.68,1,1,ABELARDO,COALICIÓN AE
15,CUNDINAMARCA,15235,SASAIMA,6148,6052,64.32,29,29,3590,1390,564,196,70,86,4350,2200,2960,59.32,22.97,9.32,3.24,71.88,1,1,ABELARDO,COALICIÓN AE
15,CUNDINAMARCA,15238,SESQUILE,7075,6854,72.31,29,29,2970,2779,418,286,134,66,3674,191,895,43.33,40.55,6.1,4.17,53.6,1,1,ABELARDO,COALICIÓN AE
15,CUNDINAMARCA,15239,SIBATE,19037,18682,67.73,83,83,7196,8296,1387,718,334,237,9301,-1100,1005,38.52,44.41,7.42,3.84,49.79,0,1,CEPEDA,COALICIÓN AE
15,CUNDINAMARCA,15241,SILVANIA,13475,13275,65.55,61,61,7081,3962,1369,345,140,141,8795,3119,4833,53.34,29.85,10.31,2.6,66.25,1,1,ABELARDO,COALICIÓN AE
15,CUNDINAMARCA,15244,SIMIJACA,6891,6815,66.98,31,31,4122,1679,404,257,82,95,4783,2443,3104,60.48,24.64,5.93,3.77,70.18,1,1,ABELARDO,COALICIÓN AE
15,CUNDINAMARCA,15247,SOACHA,259197,255080,71.46,1046,1046,72682,139603,17093,10616,5782,2362,100391,-66921,-39212,28.49,54.73,6.7,4.16,39.36,0,0,CEPEDA,CEPEDA
15,CUNDINAMARCA,15250,SOPO,16417,16190,77.73,64,64,5829,7099,1267,1021,366,156,8117,-1270,1018,36.0,43.85,7.83,6.31,50.14,0,1,CEPEDA,COALICIÓN AE
15,CUNDINAMARCA,15256,SUBACHOQUE,9917,9780,74.35,40,40,5771,2160,926,440,119,101,7137,3611,4977,59.01,22.09,9.47,4.5,72.98,1,1,ABELARDO,COALICIÓN AE
15,CUNDINAMARCA,15259,SUESCA,8800,8527,72.94,36,36,2962,3958,587,354,209,125,3903,-996,-55,34.74,46.42,6.88,4.15,45.77,0,0,CEPEDA,CEPEDA
15,CUNDINAMARCA,15262,SUPATA,3050,3028,64.78,14,14,2013,529,297,64,36,28,2374,1484,1845,66.48,17.47,9.81,2.11,78.4,1,1,ABELARDO,COALICIÓN AE
15,CUNDINAMARCA,15265,SUSA,3774,3745,66.96,16,16,2382,795,278,114,62,29,2774,1587,1979,63.6,21.23,7.42,3.04,74.07,1,1,ABELARDO,COALICIÓN AE
15,CUNDINAMARCA,15268,SUTATAUSA,3114,3045,71.17,13,13,1775,721,250,115,41,38,2140,1054,1419,58.29,23.68,8.21,3.78,70.28,1,1,ABELARDO,COALICIÓN AE
15,CUNDINAMARCA,15271,TABIO,14024,13807,73.45,57,57,6721,4373,1081,822,272,134,8624,2348,4251,48.68,31.67,7.83,5.95,62.46,1,1,ABELARDO,COALICIÓN AE
15,CUNDINAMARCA,15274,TAUSA,4554,4477,70.79,20,20,2936,729,429,136,62,28,3501,2207,2772,65.58,16.28,9.58,3.04,78.2,1,1,ABELARDO,COALICIÓN AE
15,CUNDINAMARCA,15277,TENA,5259,5206,65.91,24,24,2862,1576,422,123,59,48,3407,1286,1831,54.98,30.27,8.11,2.36,65.44,1,1,ABELARDO,COALICIÓN AE
15,CUNDINAMARCA,15280,TENJO,14852,14510,75.8,56,56,6939,4517,1311,816,362,136,9066,2422,4549,47.82,31.13,9.04,5.62,62.48,1,1,ABELARDO,COALICIÓN AE
15,CUNDINAMARCA,15283,TIBACUY,2956,2918,64.55,14,14,1478,1021,250,63,43,19,1791,457,770,50.65,34.99,8.57,2.16,61.38,1,1,ABELARDO,COALICIÓN AE
15,CUNDINAMARCA,15286,TIBIRITA,1823,1805,60.42,9,9,1041,483,168,41,18,19,1250,558,767,57.67,26.76,9.31,2.27,69.25,1,1,ABELARDO,COALICIÓN AE
15,CUNDINAMARCA,15289,TOCAIMA,7129,7023,54.65,38,38,3692,2157,642,168,87,95,4502,1535,2345,52.57,30.71,9.14,2.39,64.1,1,1,ABELARDO,COALICIÓN AE
15,CUNDINAMARCA,15292,TOCANCIPA,33627,32953,77.98,127,127,9762,16891,2441,1770,745,430,13973,-7129,-2918,29.62,51.26,7.41,5.37,42.4,0,0,CEPEDA,CEPEDA
15,CUNDINAMARCA,15295,TOPAIPI,2144,2116,49.37,13,13,1420,328,266,28,12,10,1714,1092,1386,67.11,15.5,12.57,1.32,81.0,1,1,ABELARDO,COALICIÓN AE
15,CUNDINAMARCA,15298,UBALA,4769,4700,54.29,33,33,3176,923,352,68,35,54,3596,2253,2673,67.57,19.64,7.49,1.45,76.51,1,1,ABELARDO,COALICIÓN AE
15,CUNDINAMARCA,15301,UBAQUE,4227,4164,66.9,19,19,2580,951,338,98,54,43,3016,1629,2065,61.96,22.84,8.12,2.35,72.43,1,1,ABELARDO,COALICIÓN AE
15,CUNDINAMARCA,15304,UBATE,26112,25625,70.17,113,113,13478,6787,2520,1342,449,280,17340,6691,10553,52.6,26.49,9.83,5.24,67.67,1,1,ABELARDO,COALICIÓN AE
15,CUNDINAMARCA,15307,UNE,4542,4479,66.73,21,21,2717,992,422,136,45,26,3275,1725,2283,60.66,22.15,9.42,3.04,73.12,1,1,ABELARDO,COALICIÓN AE
15,CUNDINAMARCA,15316,UTICA,3146,3128,62.51,15,15,2504,359,152,38,10,23,2694,2145,2335,80.05,11.48,4.86,1.21,86.13,1,1,ABELARDO,COALICIÓN AE
15,CUNDINAMARCA,15318,VENECIA,2188,2166,57.74,13,13,1097,823,146,34,9,21,1277,274,454,50.65,38.0,6.74,1.57,58.96,1,1,ABELARDO,COALICIÓN AE
15,CUNDINAMARCA,15319,VERGARA,4180,4148,57.94,23,23,2837,685,379,98,29,39,3314,2152,2629,68.39,16.51,9.14,2.36,79.89,1,1,ABELARDO,COALICIÓN AE
15,CUNDINAMARCA,15322,VIANI,2781,2758,63.71,13,13,1643,685,278,55,19,27,1976,958,1291,59.57,24.84,10.08,1.99,71.65,1,1,ABELARDO,COALICIÓN AE
15,CUNDINAMARCA,15323,VILLAGOMEZ,1251,1238,58.7,7,7,784,300,96,20,6,14,900,484,600,63.33,24.23,7.75,1.62,72.7,1,1,ABELARDO,COALICIÓN AE
15,CUNDINAMARCA,15325,VILLAPINZON,10907,10781,74.53,42,42,7402,1564,824,447,146,115,8673,5838,7109,68.66,14.51,7.64,4.15,80.45,1,1,ABELARDO,COALICIÓN AE
15,CUNDINAMARCA,15328,VILLETA,16559,16417,65.15,77,77,10548,3650,1106,447,129,183,12101,6898,8451,64.25,22.23,6.74,2.72,73.71,1,1,ABELARDO,COALICIÓN AE
15,CUNDINAMARCA,15331,VIOTA,7233,7156,59.47,37,37,3681,2554,591,110,57,46,4382,1127,1828,51.44,35.69,8.26,1.54,61.24,1,1,ABELARDO,COALICIÓN AE
15,CUNDINAMARCA,15334,YACOPI,5392,5337,49.79,37,37,3944,795,384,63,18,59,4391,3149,3596,73.9,14.9,7.2,1.18,82.27,1,1,ABELARDO,COALICIÓN AE
15,CUNDINAMARCA,15337,ZIPACON,2994,2935,68.81,13,13,1444,895,350,81,33,48,1875,549,980,49.2,30.49,11.93,2.76,63.88,1,1,ABELARDO,COALICIÓN AE
15,CUNDINAMARCA,15340,ZIPAQUIRA,85160,83769,75.1,332,332,29209,39011,5821,4983,1782,680,40013,-9802,1002,34.87,46.57,6.95,5.95,47.77,0,1,CEPEDA,COALICIÓN AE
16,BOGOTA D.C.,16001,BOGOTA. D.C.,4130084,4094508,67.96,17164,17164,1543517,1706249,372142,258410,102440,22090,2174069,-162732,467820,37.7,41.67,9.09,6.31,53.1,0,1,CEPEDA,COALICIÓN AE
17,CHOCO,17001,QUIBDO,41145,40138,46.49,271,271,5914,29900,2266,459,167,241,8639,-23986,-21261,14.73,74.49,5.65,1.14,21.52,0,0,CEPEDA,CEPEDA
17,CHOCO,17002,ATRATO (YUTO),3765,3688,44.1,28,28,543,2881,86,29,17,37,658,-2338,-2223,14.72,78.12,2.33,0.79,17.84,0,0,CEPEDA,CEPEDA
17,CHOCO,17004,ACANDI,4201,4138,38.43,36,36,1887,1944,145,28,9,24,2060,-57,116,45.6,46.98,3.5,0.68,49.78,0,1,CEPEDA,COALICIÓN AE
17,CHOCO,17006,ALTO BAUDO (PIE DE PATO),4985,4964,41.53,53,53,146,4717,48,9,5,7,203,-4571,-4514,2.94,95.02,0.97,0.18,4.09,0,0,CEPEDA,CEPEDA
17,CHOCO,17007,BAGADO,2868,2843,33.98,30,30,289,2410,58,13,8,14,360,-2121,-2050,10.17,84.77,2.04,0.46,12.66,0,0,CEPEDA,CEPEDA
17,CHOCO,17008,BAHIA SOLANO (MUTIS),3669,3623,40.66,29,29,655,2722,117,23,10,25,795,-2067,-1927,18.08,75.13,3.23,0.63,21.94,0,0,CEPEDA,CEPEDA
17,CHOCO,17010,BAJO BAUDO (PIZARRO),4038,3968,32.4,45,45,263,3409,158,20,21,26,441,-3146,-2968,6.63,85.91,3.98,0.5,11.11,0,0,CEPEDA,CEPEDA
17,CHOCO,17011,BOJAYA (BELLAVISTA),3169,3149,35.3,36,36,153,2854,95,9,3,4,257,-2701,-2597,4.86,90.63,3.02,0.29,8.16,0,0,CEPEDA,CEPEDA
17,CHOCO,17012,MEDIO ATRATO (BETE),2462,2423,32.15,26,26,226,2070,45,13,8,19,284,-1844,-1786,9.33,85.43,1.86,0.54,11.72,0,0,CEPEDA,CEPEDA
17,CHOCO,17013,CONDOTO,4240,4116,37.36,42,42,515,3216,190,31,18,24,736,-2701,-2480,12.51,78.13,4.62,0.75,17.88,0,0,CEPEDA,CEPEDA
17,CHOCO,17014,CERTEGUI,2110,2065,41.21,18,18,282,1520,132,15,16,20,429,-1238,-1091,13.66,73.61,6.39,0.73,20.77,0,0,CEPEDA,CEPEDA
17,CHOCO,17015,CARMEN DEL DARIEN,4205,4157,40.86,39,39,478,3436,103,19,17,14,600,-2958,-2836,11.5,82.66,2.48,0.46,14.43,0,0,CEPEDA,CEPEDA
17,CHOCO,17016,EL CARMEN,3874,3810,53.33,23,23,1862,1376,290,106,23,64,2258,486,882,48.87,36.12,7.61,2.78,59.27,1,1,ABELARDO,COALICIÓN AE
17,CHOCO,17017,EL CANTON DEL SAN PABLO (MAN.,2347,2281,38.67,19,19,406,1709,48,14,11,21,468,-1303,-1241,17.8,74.92,2.1,0.61,20.52,0,0,CEPEDA,CEPEDA
17,CHOCO,17019,ISTMINA,8547,8367,35.12,80,80,1230,6263,365,88,34,62,1683,-5033,-4580,14.7,74.85,4.36,1.05,20.11,0,0,CEPEDA,CEPEDA
17,CHOCO,17022,JURADO,1451,1441,37.22,13,13,152,1224,14,4,4,8,170,-1072,-1054,10.55,84.94,0.97,0.28,11.8,0,0,CEPEDA,CEPEDA
17,CHOCO,17025,LLORO,3349,3224,35.72,31,31,643,2279,93,29,35,41,765,-1636,-1514,19.94,70.69,2.88,0.9,23.73,0,0,CEPEDA,CEPEDA
17,CHOCO,17026,MEDIO BAUDO (PUERTO MELUK),3515,3491,35.86,37,37,158,3138,98,9,11,18,265,-2980,-2873,4.53,89.89,2.81,0.26,7.59,0,0,CEPEDA,CEPEDA
17,CHOCO,17027,MEDIO SAN JUAN,3283,3204,41.75,29,29,239,2728,102,21,10,6,362,-2489,-2366,7.46,85.14,3.18,0.66,11.3,0,0,CEPEDA,CEPEDA
17,CHOCO,17028,NOVITA,2167,2090,35.98,26,26,352,1463,113,15,15,11,480,-1111,-983,16.84,70.0,5.41,0.72,22.97,0,0,CEPEDA,CEPEDA
17,CHOCO,17031,NUQUI,3025,3008,42.16,24,24,307,2567,47,16,6,20,370,-2260,-2197,10.21,85.34,1.56,0.53,12.3,0,0,CEPEDA,CEPEDA
17,CHOCO,17032,RIO IRO,1622,1574,34.45,19,19,316,1078,79,9,15,10,404,-762,-674,20.08,68.49,5.02,0.57,25.67,0,0,CEPEDA,CEPEDA
17,CHOCO,17034,RIOSUCIO,5985,5845,42.08,52,52,655,4914,106,34,11,28,795,-4259,-4119,11.21,84.07,1.81,0.58,13.6,0,0,CEPEDA,CEPEDA
17,CHOCO,17035,RIO QUITO (PAIMADO),3408,3311,45.05,25,25,611,2359,138,35,26,24,784,-1748,-1575,18.45,71.25,4.17,1.06,23.68,0,0,CEPEDA,CEPEDA
17,CHOCO,17037,SAN JOSE DEL PALMAR,1422,1380,33.28,21,21,408,816,55,13,9,33,476,-408,-340,29.57,59.13,3.99,0.94,34.49,0,0,CEPEDA,CEPEDA
17,CHOCO,17038,EL LITORAL DEL SAN JUAN,4365,4328,47.47,43,43,95,4179,4,6,8,8,105,-4084,-4074,2.2,96.56,0.09,0.14,2.43,0,0,CEPEDA,CEPEDA
17,CHOCO,17040,SIPI,1100,1079,34.52,12,12,83,939,22,6,2,5,111,-856,-828,7.69,87.03,2.04,0.56,10.29,0,0,CEPEDA,CEPEDA
17,CHOCO,17043,TADO,5455,5221,37.28,49,49,839,3771,248,22,50,43,1109,-2932,-2662,16.07,72.23,4.75,0.42,21.24,0,0,CEPEDA,CEPEDA
17,CHOCO,17048,UNGUIA,3910,3882,38.03,33,33,1221,2411,93,22,14,41,1336,-1190,-1075,31.45,62.11,2.4,0.57,34.42,0,0,CEPEDA,CEPEDA
17,CHOCO,17060,UNION PANAMERICANA (LAS ANIMAS,2378,2294,38.96,22,22,401,1631,117,23,12,15,541,-1230,-1090,17.48,71.1,5.1,1.0,23.58,0,0,CEPEDA,CEPEDA
17,CHOCO,17082,NUEVO BELEN DE BAJIRA,5196,5123,41.32,41,41,1453,3224,165,63,17,70,1681,-1771,-1543,28.36,62.93,3.22,1.23,32.81,0,0,CEPEDA,CEPEDA
19,HUILA,19001,NEIVA,185948,183829,62.56,847,847,85998,71549,11552,7149,1447,1951,104699,14449,33150,46.78,38.92,6.28,3.89,56.95,1,1,ABELARDO,COALICIÓN AE
19,HUILA,19004,ACEVEDO,12903,12760,54.65,69,69,8820,2115,1145,199,43,146,10164,6705,8049,69.12,16.58,8.97,1.56,79.66,1,1,ABELARDO,COALICIÓN AE
19,HUILA,19007,AGRADO,4795,4740,58.87,24,24,3022,1086,238,80,20,64,3340,1936,2254,63.76,22.91,5.02,1.69,70.46,1,1,ABELARDO,COALICIÓN AE
19,HUILA,19010,AIPE,9266,9162,56.76,50,50,4851,3058,690,150,59,146,5691,1793,2633,52.95,33.38,7.53,1.64,62.12,1,1,ABELARDO,COALICIÓN AE
19,HUILA,19013,ALGECIRAS,9648,9438,52.24,55,55,5261,2710,748,139,87,133,6148,2551,3438,55.74,28.71,7.93,1.47,65.14,1,1,ABELARDO,COALICIÓN AE
19,HUILA,19016,ALTAMIRA,2020,2007,56.47,11,11,1075,772,55,37,10,18,1167,303,395,53.56,38.47,2.74,1.84,58.15,1,1,ABELARDO,COALICIÓN AE
19,HUILA,19019,BARAYA,3392,3275,53.09,20,20,2084,802,232,38,15,47,2354,1282,1552,63.63,24.49,7.08,1.16,71.88,1,1,ABELARDO,COALICIÓN AE
19,HUILA,19022,CAMPOALEGRE,15578,15201,59.5,78,78,7645,5665,899,261,80,199,8805,1980,3140,50.29,37.27,5.91,1.72,57.92,1,1,ABELARDO,COALICIÓN AE
19,HUILA,19025,TESALIA (CARNICERIAS),5531,5438,62.6,26,26,3825,968,316,107,35,64,4248,2857,3280,70.34,17.8,5.81,1.97,78.12,1,1,ABELARDO,COALICIÓN AE
19,HUILA,19028,COLOMBIA,3518,3495,51.26,22,22,2382,604,334,50,13,43,2766,1778,2162,68.15,17.28,9.56,1.43,79.14,1,1,ABELARDO,COALICIÓN AE
19,HUILA,19031,ELIAS,2310,2289,58.3,13,13,1482,508,162,48,11,24,1692,974,1184,64.74,22.19,7.08,2.1,73.92,1,1,ABELARDO,COALICIÓN AE
19,HUILA,19034,GARZON,37216,36725,60.91,179,179,21897,10038,2277,936,210,433,25110,11859,15072,59.62,27.33,6.2,2.55,68.37,1,1,ABELARDO,COALICIÓN AE
19,HUILA,19037,GIGANTE,12022,11851,57.96,63,63,7006,3264,837,220,86,179,8063,3742,4799,59.12,27.54,7.06,1.86,68.04,1,1,ABELARDO,COALICIÓN AE
19,HUILA,19040,GUADALUPE,8156,8048,55.13,44,44,5302,1650,501,195,46,139,5998,3652,4348,65.88,20.5,6.23,2.42,74.53,1,1,ABELARDO,COALICIÓN AE
19,HUILA,19043,HOBO,3568,3513,55.74,20,20,1901,1153,198,43,23,97,2142,748,989,54.11,32.82,5.64,1.22,60.97,1,1,ABELARDO,COALICIÓN AE
19,HUILA,19044,ISNOS,13431,13164,59.05,68,68,6223,5078,839,245,66,234,7307,1145,2229,47.27,38.57,6.37,1.86,55.51,1,1,ABELARDO,COALICIÓN AE
19,HUILA,19046,IQUIRA,4744,4681,59.99,25,25,2119,1937,373,54,20,60,2546,182,609,45.27,41.38,7.97,1.15,54.39,1,1,ABELARDO,COALICIÓN AE
19,HUILA,19047,LA ARGENTINA (PLATA VIEJA),6975,6863,53.76,38,38,3918,2210,332,98,26,54,4348,1708,2138,57.09,32.2,4.84,1.43,63.35,1,1,ABELARDO,COALICIÓN AE
19,HUILA,19049,LA PLATA,26887,26435,57.04,137,137,14671,7829,2122,524,160,366,17317,6842,9488,55.5,29.62,8.03,1.98,65.51,1,1,ABELARDO,COALICIÓN AE
19,HUILA,19050,NATAGA,2878,2823,53.21,16,16,1268,899,446,30,26,40,1744,369,845,44.92,31.85,15.8,1.06,61.78,1,1,ABELARDO,COALICIÓN AE
19,HUILA,19051,OPORAPA,5505,5466,60.24,28,28,3870,808,462,114,15,73,4446,3062,3638,70.8,14.78,8.45,2.09,81.34,1,1,ABELARDO,COALICIÓN AE
19,HUILA,19052,PAICOL,3518,3489,64.19,17,17,2560,569,215,50,9,35,2825,1991,2256,73.37,16.31,6.16,1.43,80.97,1,1,ABELARDO,COALICIÓN AE
19,HUILA,19055,PALERMO,13021,12869,58.15,67,67,7265,4008,806,264,57,167,8335,3257,4327,56.45,31.14,6.26,2.05,64.77,1,1,ABELARDO,COALICIÓN AE
19,HUILA,19056,PALESTINA,6010,5919,57.94,31,31,3491,1583,446,85,28,87,4022,1908,2439,58.98,26.74,7.54,1.44,67.95,1,1,ABELARDO,COALICIÓN AE
19,HUILA,19058,PITAL,6205,6153,58.53,31,31,3926,1380,326,122,23,252,4374,2546,2994,63.81,22.43,5.3,1.98,71.09,1,1,ABELARDO,COALICIÓN AE
19,HUILA,19061,PITALITO,65462,64710,57.31,326,326,34502,21913,3611,1865,321,823,39978,12589,18065,53.32,33.86,5.58,2.88,61.78,1,1,ABELARDO,COALICIÓN AE
19,HUILA,19064,RIVERA,12595,12402,61.8,60,60,6181,4708,726,298,69,116,7205,1473,2497,49.84,37.96,5.85,2.4,58.1,1,1,ABELARDO,COALICIÓN AE
19,HUILA,19067,SALADOBLANCO,6342,6283,58.39,33,33,4668,1028,307,61,19,56,5036,3640,4008,74.3,16.36,4.89,0.97,80.15,1,1,ABELARDO,COALICIÓN AE
19,HUILA,19070,SAN AGUSTIN,15796,15610,57.08,84,84,8483,5217,996,241,108,144,9720,3266,4503,54.34,33.42,6.38,1.54,62.27,1,1,ABELARDO,COALICIÓN AE
19,HUILA,19074,SANTA MARIA,5222,5171,58.62,27,27,3457,824,586,104,23,55,4147,2633,3323,66.85,15.94,11.33,2.01,80.2,1,1,ABELARDO,COALICIÓN AE
19,HUILA,19076,SUAZA,9179,9072,55.35,48,48,6145,2001,395,142,30,163,6682,4144,4681,67.74,22.06,4.35,1.57,73.66,1,1,ABELARDO,COALICIÓN AE
19,HUILA,19079,TARQUI,7663,7588,58.12,41,41,5038,1693,457,131,23,62,5626,3345,3933,66.39,22.31,6.02,1.73,74.14,1,1,ABELARDO,COALICIÓN AE
19,HUILA,19082,TELLO,5824,5744,52.18,34,34,3536,1432,440,71,30,70,4047,2104,2615,61.56,24.93,7.66,1.24,70.46,1,1,ABELARDO,COALICIÓN AE
19,HUILA,19085,TERUEL,3864,3830,56.82,20,20,2567,648,420,53,15,43,3040,1919,2392,67.02,16.92,10.97,1.38,79.37,1,1,ABELARDO,COALICIÓN AE
19,HUILA,19088,TIMANA,10041,9931,58.08,51,51,6361,1979,939,231,63,108,7531,4382,5552,64.05,19.93,9.46,2.33,75.83,1,1,ABELARDO,COALICIÓN AE
19,HUILA,19091,VILLAVIEJA,3993,3937,58.46,22,22,1951,1608,182,47,21,49,2180,343,572,49.56,40.84,4.62,1.19,55.37,1,1,ABELARDO,COALICIÓN AE
19,HUILA,19094,YAGUARA,4830,4764,67.73,21,21,2862,1427,192,119,20,39,3173,1435,1746,60.08,29.95,4.03,2.5,66.6,1,1,ABELARDO,COALICIÓN AE
21,MAGDALENA,21001,SANTA MARTA,217221,215262,53.12,1176,1176,79356,112812,10064,5749,654,1004,95169,-33456,-17643,36.86,52.41,4.68,2.67,44.21,0,0,CEPEDA,CEPEDA
21,MAGDALENA,21008,ALGARROBO,4953,4913,44.39,35,35,978,3585,169,33,12,26,1180,-2607,-2405,19.91,72.97,3.44,0.67,24.02,0,0,CEPEDA,CEPEDA
21,MAGDALENA,21010,ARACATACA,12494,12389,40.83,93,93,3955,7645,249,105,29,66,4309,-3690,-3336,31.92,61.71,2.01,0.85,34.78,0,0,CEPEDA,CEPEDA
21,MAGDALENA,21012,ARIGUANI (EL DIFICIL),11450,11296,46.48,73,73,5232,5064,577,91,24,66,5900,168,836,46.32,44.83,5.11,0.81,52.23,1,1,ABELARDO,COALICIÓN AE
21,MAGDALENA,21013,CERRO DE SAN ANTONIO,3299,3270,35.95,28,28,1769,1312,114,23,3,12,1906,457,594,54.1,40.12,3.49,0.7,58.29,1,1,ABELARDO,COALICIÓN AE
21,MAGDALENA,21015,CHIVOLO,6929,6882,43.65,47,47,3685,2873,92,37,14,38,3814,812,941,53.55,41.75,1.34,0.54,55.42,1,1,ABELARDO,COALICIÓN AE
21,MAGDALENA,21016,CIENAGA,43832,43313,46.42,271,271,14136,25967,1104,583,75,243,15823,-11831,-10144,32.64,59.95,2.55,1.35,36.53,0,0,CEPEDA,CEPEDA
21,MAGDALENA,21020,CONCORDIA,4418,4389,35.48,37,37,1702,2414,134,25,16,13,1861,-712,-553,38.78,55.0,3.05,0.57,42.4,0,0,CEPEDA,CEPEDA
21,MAGDALENA,21025,EL BANCO,22571,22356,43.43,159,159,11876,9117,610,150,55,123,12636,2759,3519,53.12,40.78,2.73,0.67,56.52,1,1,ABELARDO,COALICIÓN AE
21,MAGDALENA,21028,EL PIÑON,5849,5807,41.35,44,44,2480,2868,303,22,10,14,2805,-388,-63,42.71,49.39,5.22,0.38,48.3,0,0,CEPEDA,CEPEDA
21,MAGDALENA,21030,EL RETEN,6939,6874,41.4,49,49,1257,5223,83,42,13,34,1382,-3966,-3841,18.29,75.98,1.21,0.61,20.1,0,0,CEPEDA,CEPEDA
21,MAGDALENA,21031,FUNDACION,24745,24474,41.35,167,167,11406,11518,577,221,37,163,12204,-112,686,46.6,47.06,2.36,0.9,49.87,0,1,CEPEDA,COALICIÓN AE
21,MAGDALENA,21040,GUAMAL,10388,10333,42.11,79,79,5965,3756,285,35,24,39,6285,2209,2529,57.73,36.35,2.76,0.34,60.82,1,1,ABELARDO,COALICIÓN AE
21,MAGDALENA,21042,NUEVA GRANADA,7678,7614,44.45,52,52,4128,3055,145,39,9,54,4312,1073,1257,54.22,40.12,1.9,0.51,56.63,1,1,ABELARDO,COALICIÓN AE
21,MAGDALENA,21046,PEDRAZA,3846,3794,34.79,33,33,2096,1430,136,24,20,19,2256,666,826,55.25,37.69,3.58,0.63,59.46,1,1,ABELARDO,COALICIÓN AE
21,MAGDALENA,21048,PIJIÑO DEL CARMEN,4729,4690,47.13,35,35,2588,1834,118,23,9,30,2729,754,895,55.18,39.1,2.52,0.49,58.19,1,1,ABELARDO,COALICIÓN AE
21,MAGDALENA,21049,PIVIJAY,13228,13080,42.52,94,94,4439,7442,667,87,24,40,5193,-3003,-2249,33.94,56.9,5.1,0.67,39.7,0,0,CEPEDA,CEPEDA
21,MAGDALENA,21052,PLATO,19713,19537,44.73,131,131,7773,10745,352,79,41,123,8204,-2972,-2541,39.79,55.0,1.8,0.4,41.99,0,0,CEPEDA,CEPEDA
21,MAGDALENA,21055,PUEBLOVIEJO,8209,8104,35.97,69,69,2532,4940,234,39,25,56,2805,-2408,-2135,31.24,60.96,2.89,0.48,34.61,0,0,CEPEDA,CEPEDA
21,MAGDALENA,21058,REMOLINO,3610,3590,46.45,26,26,1026,2364,51,69,3,15,1146,-1338,-1218,28.58,65.85,1.42,1.92,31.92,0,0,CEPEDA,CEPEDA
21,MAGDALENA,21060,SABANAS DE SAN ANGEL,5502,5459,43.31,42,42,2687,2162,425,32,7,40,3144,525,982,49.22,39.6,7.79,0.59,57.59,1,1,ABELARDO,COALICIÓN AE
21,MAGDALENA,21067,SALAMINA,3895,3877,45.93,25,25,1681,2013,66,29,2,19,1776,-332,-237,43.36,51.92,1.7,0.75,45.81,0,0,CEPEDA,CEPEDA
21,MAGDALENA,21070,SAN SEBASTIAN DE BUENAVISTA,8129,8089,44.75,58,58,4425,3223,253,36,14,34,4714,1202,1491,54.7,39.84,3.13,0.45,58.28,1,1,ABELARDO,COALICIÓN AE
21,MAGDALENA,21073,SAN ZENON,4496,4476,47.17,32,32,1888,1870,591,21,8,30,2500,18,630,42.18,41.78,13.2,0.47,55.85,1,1,ABELARDO,COALICIÓN AE
21,MAGDALENA,21076,SANTA ANA,8699,8654,48.6,55,55,5794,2457,165,49,11,70,6008,3337,3551,66.95,28.39,1.91,0.57,69.42,1,1,ABELARDO,COALICIÓN AE
21,MAGDALENA,21078,SANTA BARBARA DE PINTO,4053,4026,43.55,29,29,1484,2323,53,11,5,76,1548,-839,-775,36.86,57.7,1.32,0.27,38.45,0,0,CEPEDA,CEPEDA
21,MAGDALENA,21079,SITIONUEVO,7533,7452,34.34,65,65,2413,4427,202,75,27,48,2690,-2014,-1737,32.38,59.41,2.71,1.01,36.1,0,0,CEPEDA,CEPEDA
21,MAGDALENA,21085,TENERIFE,5027,4977,41.1,40,40,1911,2740,130,32,13,24,2073,-829,-667,38.4,55.05,2.61,0.64,41.65,0,0,CEPEDA,CEPEDA
21,MAGDALENA,21090,ZAPAYAN,3940,3904,42.49,31,31,2435,1200,158,22,7,21,2615,1235,1415,62.37,30.74,4.05,0.56,66.98,1,1,ABELARDO,COALICIÓN AE
21,MAGDALENA,21095,ZONA BANANERA (SEVILLA),20618,20309,40.22,153,153,4436,14635,291,151,38,139,4878,-10199,-9757,21.84,72.06,1.43,0.74,24.02,0,0,CEPEDA,CEPEDA
23,NARIÑO,23001,PASTO,215942,213368,68.45,907,907,49473,140876,9410,6816,1630,756,65699,-91403,-75177,23.19,66.02,4.41,3.19,30.79,0,0,CEPEDA,CEPEDA
23,NARIÑO,23004,ALBAN (SAN JOSE),4515,4437,60.26,25,25,1787,1674,734,67,14,37,2588,113,914,40.27,37.73,16.54,1.51,58.33,1,1,ABELARDO,COALICIÓN AE
23,NARIÑO,23007,ALDANA,4206,4136,66.56,20,20,1135,2718,129,45,25,10,1309,-1583,-1409,27.44,65.72,3.12,1.09,31.65,0,0,CEPEDA,CEPEDA
23,NARIÑO,23010,ANCUYA,3881,3846,54.73,25,25,526,3033,152,24,20,24,702,-2507,-2331,13.68,78.86,3.95,0.62,18.25,0,0,CEPEDA,CEPEDA
23,NARIÑO,23013,ARBOLEDA (BERRUECOS),3363,3310,55.39,19,19,1167,1711,276,30,13,13,1473,-544,-238,35.26,51.69,8.34,0.91,44.5,0,0,CEPEDA,CEPEDA
23,NARIÑO,23016,BARBACOAS,8127,7919,33.52,92,92,873,6204,309,60,70,65,1242,-5331,-4962,11.02,78.34,3.9,0.76,15.68,0,0,CEPEDA,CEPEDA
23,NARIÑO,23017,BELEN,3127,3085,58.52,16,16,786,1828,240,43,26,5,1069,-1042,-759,25.48,59.25,7.78,1.39,34.65,0,0,CEPEDA,CEPEDA
23,NARIÑO,23019,BUESACO,10801,10602,56.9,60,60,3965,5091,881,143,47,83,4989,-1126,-102,37.4,48.02,8.31,1.35,47.06,0,0,CEPEDA,CEPEDA
23,NARIÑO,23022,COLON (GENOVA),3754,3646,52.5,25,25,704,2515,189,37,18,21,930,-1811,-1585,19.31,68.98,5.18,1.01,25.51,0,0,CEPEDA,CEPEDA
23,NARIÑO,23025,CONSACA,5629,5519,62.19,35,35,1500,3385,314,85,36,50,1899,-1885,-1486,27.18,61.33,5.69,1.54,34.41,0,0,CEPEDA,CEPEDA
23,NARIÑO,23028,CONTADERO,3804,3770,58.96,21,21,1140,2331,153,58,10,26,1351,-1191,-980,30.24,61.83,4.06,1.54,35.84,0,0,CEPEDA,CEPEDA
23,NARIÑO,23031,CORDOBA,6586,6523,57.62,35,35,887,5158,207,48,19,43,1142,-4271,-4016,13.6,79.07,3.17,0.74,17.51,0,0,CEPEDA,CEPEDA
23,NARIÑO,23034,CUASPUD (CARLOSAMA),4646,4548,56.65,24,24,951,3250,137,54,16,17,1142,-2299,-2108,20.91,71.46,3.01,1.19,25.11,0,0,CEPEDA,CEPEDA
23,NARIÑO,23037,CUMBAL,16288,16111,61.25,80,80,2485,12532,494,147,61,49,3126,-10047,-9406,15.42,77.79,3.07,0.91,19.4,0,0,CEPEDA,CEPEDA
23,NARIÑO,23038,CHACHAGUI,8027,7929,68.93,37,37,1807,5575,242,89,35,29,2138,-3768,-3437,22.79,70.31,3.05,1.12,26.96,0,0,CEPEDA,CEPEDA
23,NARIÑO,23039,CUMBITARA,5163,4986,66.72,27,27,378,4107,89,49,24,62,516,-3729,-3591,7.58,82.37,1.78,0.98,10.35,0,0,CEPEDA,CEPEDA
23,NARIÑO,23040,EL ROSARIO,4490,4383,62.8,25,25,475,3564,92,19,14,45,586,-3089,-2978,10.84,81.31,2.1,0.43,13.37,0,0,CEPEDA,CEPEDA
23,NARIÑO,23041,EL CHARCO,7545,7383,42.27,60,60,621,6318,128,34,36,36,783,-5697,-5535,8.41,85.57,1.73,0.46,10.61,0,0,CEPEDA,CEPEDA
23,NARIÑO,23043,EL TABLON,6642,6579,53.96,37,37,2024,3836,390,82,18,37,2496,-1812,-1340,30.76,58.31,5.93,1.25,37.94,0,0,CEPEDA,CEPEDA
23,NARIÑO,23044,EL PEÑOL,4035,3946,67.12,20,20,1055,2600,91,51,11,35,1197,-1545,-1403,26.74,65.89,2.31,1.29,30.33,0,0,CEPEDA,CEPEDA
23,NARIÑO,23046,EL TAMBO,7791,7621,65.15,36,36,2594,4105,480,121,48,47,3195,-1511,-910,34.04,53.86,6.3,1.59,41.92,0,0,CEPEDA,CEPEDA
23,NARIÑO,23047,FRANCISCO PIZARRO (SALAHONDA),3104,3066,44.02,26,26,154,2781,49,8,10,14,211,-2627,-2570,5.02,90.7,1.6,0.26,6.88,0,0,CEPEDA,CEPEDA
23,NARIÑO,23049,FUNES,3600,3567,60.13,20,20,624,2138,720,30,1,10,1374,-1514,-764,17.49,59.94,20.19,0.84,38.52,0,0,CEPEDA,CEPEDA
23,NARIÑO,23052,GUACHUCAL,9905,9787,66.5,45,45,1879,7263,293,116,37,18,2288,-5384,-4975,19.2,74.21,2.99,1.19,23.38,0,0,CEPEDA,CEPEDA
23,NARIÑO,23055,GUAITARILLA,6316,6238,56.83,36,36,906,4863,261,60,22,35,1227,-3957,-3636,14.52,77.96,4.18,0.96,19.67,0,0,CEPEDA,CEPEDA
23,NARIÑO,23058,GUALMATAN,3547,3499,65.02,16,16,1014,2183,85,70,11,18,1169,-1169,-1014,28.98,62.39,2.43,2.0,33.41,0,0,CEPEDA,CEPEDA
23,NARIÑO,23061,ILES,3994,3933,52.67,24,24,912,2732,120,53,17,21,1085,-1820,-1647,23.19,69.46,3.05,1.35,27.59,0,0,CEPEDA,CEPEDA
23,NARIÑO,23064,IMUES,4045,4014,59.21,25,25,993,2642,191,59,21,23,1243,-1649,-1399,24.74,65.82,4.76,1.47,30.97,0,0,CEPEDA,CEPEDA
23,NARIÑO,23067,IPIALES,57283,56243,54.06,300,300,14914,35198,2499,1572,384,309,18985,-20284,-16213,26.52,62.58,4.44,2.8,33.76,0,0,CEPEDA,CEPEDA
23,NARIÑO,23073,LA CRUZ,8673,8535,61.69,46,46,2226,5416,468,98,52,43,2792,-3190,-2624,26.08,63.46,5.48,1.15,32.71,0,0,CEPEDA,CEPEDA
23,NARIÑO,23076,LA FLORIDA,6027,5967,62.77,31,31,1386,4156,204,68,23,21,1658,-2770,-2498,23.23,69.65,3.42,1.14,27.79,0,0,CEPEDA,CEPEDA
23,NARIÑO,23077,LA LLANADA,2567,2504,62.54,13,13,984,1259,79,55,10,20,1118,-275,-141,39.3,50.28,3.15,2.2,44.65,0,0,CEPEDA,CEPEDA
23,NARIÑO,23078,LA TOLA,2451,2435,41.61,19,19,211,2132,43,6,1,15,260,-1921,-1872,8.67,87.56,1.77,0.25,10.68,0,0,CEPEDA,CEPEDA
23,NARIÑO,23079,LA UNION,13900,13522,57.58,81,81,4651,6754,1229,221,78,96,6101,-2103,-653,34.4,49.95,9.09,1.63,45.12,0,0,CEPEDA,CEPEDA
23,NARIÑO,23080,LEIVA,6135,5910,68.67,30,30,966,4283,124,72,24,112,1162,-3317,-3121,16.35,72.47,2.1,1.22,19.66,0,0,CEPEDA,CEPEDA
23,NARIÑO,23082,LINARES,4910,4827,58.31,30,30,914,3594,131,55,11,12,1100,-2680,-2494,18.94,74.46,2.71,1.14,22.79,0,0,CEPEDA,CEPEDA
23,NARIÑO,23085,LOS ANDES (SOTOMAYOR),5521,5281,68.45,26,26,1072,3502,255,117,38,55,1444,-2430,-2058,20.3,66.31,4.83,2.22,27.34,0,0,CEPEDA,CEPEDA
23,NARIÑO,23088,MAGUI (PAYAN),3344,3321,44.92,31,31,92,3127,16,18,8,19,126,-3035,-3001,2.77,94.16,0.48,0.54,3.79,0,0,CEPEDA,CEPEDA
23,NARIÑO,23091,MALLAMA (PIEDRANCHA),3541,3475,54.22,22,22,486,2775,50,29,10,28,565,-2289,-2210,13.99,79.86,1.44,0.83,16.26,0,0,CEPEDA,CEPEDA
23,NARIÑO,23094,MOSQUERA,2995,2981,41.4,27,27,80,2831,28,8,6,11,116,-2751,-2715,2.68,94.97,0.94,0.27,3.89,0,0,CEPEDA,CEPEDA
23,NARIÑO,23095,OLAYA HERRERA,6881,6785,41.88,53,53,451,6006,91,33,23,41,575,-5555,-5431,6.65,88.52,1.34,0.49,8.47,0,0,CEPEDA,CEPEDA
23,NARIÑO,23096,NARIÑO,3442,3381,65.87,16,16,1034,2080,107,64,21,4,1205,-1046,-875,30.58,61.52,3.16,1.89,35.64,0,0,CEPEDA,CEPEDA
23,NARIÑO,23097,OSPINA,3250,3206,53.78,19,19,945,1862,230,37,11,10,1212,-917,-650,29.48,58.08,7.17,1.15,37.8,0,0,CEPEDA,CEPEDA
23,NARIÑO,23098,POLICARPA,8934,8527,69.72,42,42,929,6712,180,56,46,117,1165,-5783,-5547,10.89,78.71,2.11,0.66,13.66,0,0,CEPEDA,CEPEDA
23,NARIÑO,23100,POTOSI,5225,5180,51.56,36,36,1630,3080,241,62,23,46,1933,-1450,-1147,31.47,59.46,4.65,1.2,37.32,0,0,CEPEDA,CEPEDA
23,NARIÑO,23101,PROVIDENCIA,2997,2967,58.3,15,15,243,2578,57,21,14,9,321,-2335,-2257,8.19,86.89,1.92,0.71,10.82,0,0,CEPEDA,CEPEDA
23,NARIÑO,23103,PUERRES,4873,4824,62.67,24,24,1293,3227,157,62,15,9,1512,-1934,-1715,26.8,66.89,3.25,1.29,31.34,0,0,CEPEDA,CEPEDA
23,NARIÑO,23106,PUPIALES,9718,9493,62.13,46,46,3181,5072,690,191,79,50,4062,-1891,-1010,33.51,53.43,7.27,2.01,42.79,0,0,CEPEDA,CEPEDA
23,NARIÑO,23109,RICAURTE,6949,6821,37.06,62,62,1241,5048,246,51,21,75,1538,-3807,-3510,18.19,74.01,3.61,0.75,22.55,0,0,CEPEDA,CEPEDA
23,NARIÑO,23112,ROBERTO PAYAN (SAN JOSE),4592,4562,45.29,38,38,113,4325,36,11,9,11,160,-4212,-4165,2.48,94.8,0.79,0.24,3.51,0,0,CEPEDA,CEPEDA
23,NARIÑO,23115,SAMANIEGO,13253,13058,58.16,81,81,1870,10468,249,129,28,56,2248,-8598,-8220,14.32,80.17,1.91,0.99,17.22,0,0,CEPEDA,CEPEDA
23,NARIÑO,23118,SANDONA,10528,10364,60.6,54,54,2596,6899,325,202,53,56,3123,-4303,-3776,25.05,66.57,3.14,1.95,30.13,0,0,CEPEDA,CEPEDA
23,NARIÑO,23120,SAN BERNARDO,4209,4150,61.18,20,20,1578,2020,309,59,13,14,1946,-442,-74,38.02,48.67,7.45,1.42,46.89,0,0,CEPEDA,CEPEDA
23,NARIÑO,23121,SAN LORENZO,8275,7999,61.03,41,41,2213,4428,798,98,71,82,3109,-2215,-1319,27.67,55.36,9.98,1.23,38.87,0,0,CEPEDA,CEPEDA
23,NARIÑO,23123,SAN PEDRO DE CARTAGO,3222,3159,54.26,19,19,1382,1193,390,39,14,24,1811,189,618,43.75,37.77,12.35,1.23,57.33,1,1,ABELARDO,COALICIÓN AE
23,NARIÑO,23124,SAN PABLO,7177,7037,60.31,40,40,955,5664,150,61,20,36,1166,-4709,-4498,13.57,80.49,2.13,0.87,16.57,0,0,CEPEDA,CEPEDA
23,NARIÑO,23125,SANTA BARBARA (ISCUANDE),2983,2952,37.0,29,29,204,2558,68,6,17,25,278,-2354,-2280,6.91,86.65,2.3,0.2,9.42,0,0,CEPEDA,CEPEDA
23,NARIÑO,23127,SANTACRUZ (GUACHAVES),3959,3907,48.87,29,29,446,3204,79,48,12,23,573,-2758,-2631,11.42,82.01,2.02,1.23,14.67,0,0,CEPEDA,CEPEDA
23,NARIÑO,23130,SAPUYES,3608,3567,60.72,19,19,876,2382,199,34,14,12,1109,-1506,-1273,24.56,66.78,5.58,0.95,31.09,0,0,CEPEDA,CEPEDA
23,NARIÑO,23133,TAMINANGO,8905,8814,64.15,44,44,1302,7045,179,48,22,38,1529,-5743,-5516,14.77,79.93,2.03,0.54,17.35,0,0,CEPEDA,CEPEDA
23,NARIÑO,23136,TANGUA,5933,5862,57.5,36,36,1371,4032,214,81,45,24,1666,-2661,-2366,23.39,68.78,3.65,1.38,28.42,0,0,CEPEDA,CEPEDA
23,NARIÑO,23139,TUMACO,55220,54250,38.43,521,521,7156,41334,3245,480,262,315,10881,-34178,-30453,13.19,76.19,5.98,0.88,20.06,0,0,CEPEDA,CEPEDA
23,NARIÑO,23142,TUQUERRES,20713,20286,57.32,115,115,3078,15394,930,276,94,51,4284,-12316,-11110,15.17,75.88,4.58,1.36,21.12,0,0,CEPEDA,CEPEDA
23,NARIÑO,23145,YACUANQUER,6022,5891,65.72,28,28,1236,4194,201,73,36,28,1510,-2958,-2684,20.98,71.19,3.41,1.24,25.63,0,0,CEPEDA,CEPEDA
24,RISARALDA,24001,PEREIRA,278066,273599,60.04,1324,1324,124834,96694,23342,15624,2816,3181,163800,28140,67106,45.63,35.34,8.53,5.71,59.87,1,1,ABELARDO,COALICIÓN AE
24,RISARALDA,24008,APIA,5648,5513,52.55,35,35,2667,1292,974,184,47,165,3825,1375,2533,48.38,23.44,17.67,3.34,69.38,1,1,ABELARDO,COALICIÓN AE
24,RISARALDA,24013,BALBOA,3040,2968,51.61,19,19,1410,978,312,92,23,51,1814,432,836,47.51,32.95,10.51,3.1,61.12,1,1,ABELARDO,COALICIÓN AE
24,RISARALDA,24021,BELEN DE UMBRIA,11471,11159,50.7,69,69,5737,2824,1534,289,98,247,7560,2913,4736,51.41,25.31,13.75,2.59,67.75,1,1,ABELARDO,COALICIÓN AE
24,RISARALDA,24025,DOSQUEBRADAS,109892,107908,60.57,527,527,46881,40698,8388,6245,1230,1493,61514,6183,20816,43.45,37.72,7.77,5.79,57.01,1,1,ABELARDO,COALICIÓN AE
24,RISARALDA,24029,GUATICA,5912,5760,54.52,32,32,2805,1532,908,190,36,85,3903,1273,2371,48.7,26.6,15.76,3.3,67.76,1,1,ABELARDO,COALICIÓN AE
24,RISARALDA,24038,LA CELIA,3567,3486,52.81,20,20,1806,896,521,73,16,68,2400,910,1504,51.81,25.7,14.95,2.09,68.85,1,1,ABELARDO,COALICIÓN AE
24,RISARALDA,24046,LA VIRGINIA,17328,16860,50.86,97,97,6093,7601,1457,552,113,397,8102,-1508,501,36.14,45.08,8.64,3.27,48.05,0,1,CEPEDA,COALICIÓN AE
24,RISARALDA,24054,MARSELLA,8213,8004,52.4,48,48,3818,2757,803,190,51,126,4811,1061,2054,47.7,34.45,10.03,2.37,60.11,1,1,ABELARDO,COALICIÓN AE
24,RISARALDA,24062,MISTRATO,6337,6159,49.68,40,40,1887,3196,573,125,55,142,2585,-1309,-611,30.64,51.89,9.3,2.03,41.97,0,0,CEPEDA,CEPEDA
24,RISARALDA,24070,PUEBLO RICO,5599,5504,45.86,37,37,1410,3513,349,48,20,54,1807,-2103,-1706,25.62,63.83,6.34,0.87,32.83,0,0,CEPEDA,CEPEDA
24,RISARALDA,24078,QUINCHIA,11817,11360,54.71,65,65,3278,5952,1011,305,102,177,4594,-2674,-1358,28.86,52.39,8.9,2.68,40.44,0,0,CEPEDA,CEPEDA
24,RISARALDA,24086,SANTA ROSA DE CABAL,43151,42184,62.17,201,201,20631,13099,3702,2388,387,657,26721,7532,13622,48.91,31.05,8.78,5.66,63.34,1,1,ABELARDO,COALICIÓN AE
24,RISARALDA,24094,SANTUARIO,5638,5477,47.74,37,37,3020,1236,687,169,47,101,3876,1784,2640,55.14,22.57,12.54,3.09,70.77,1,1,ABELARDO,COALICIÓN AE
25,NORTE DE SAN,25001,CUCUTA,373636,370744,57.41,1862,1862,267412,56294,17339,17133,1234,5887,301884,211118,245590,72.13,15.18,4.68,4.62,81.43,1,1,ABELARDO,COALICIÓN AE
25,NORTE DE SAN,25004,ABREGO,13529,13414,53.03,87,87,10215,1963,510,302,20,178,11027,8252,9064,76.15,14.63,3.8,2.25,82.21,1,1,ABELARDO,COALICIÓN AE
25,NORTE DE SAN,25007,ARBOLEDAS,4880,4841,62.43,26,26,3650,377,603,63,9,73,4316,3273,3939,75.4,7.79,12.46,1.3,89.16,1,1,ABELARDO,COALICIÓN AE
25,NORTE DE SAN,25010,BOCHALEMA,5096,5067,58.86,28,28,3973,569,235,127,12,77,4335,3404,3766,78.41,11.23,4.64,2.51,85.55,1,1,ABELARDO,COALICIÓN AE
25,NORTE DE SAN,25013,BUCARASICA,2740,2713,60.18,15,15,2346,124,118,32,11,33,2496,2222,2372,86.47,4.57,4.35,1.18,92.0,1,1,ABELARDO,COALICIÓN AE
25,NORTE DE SAN,25016,CACOTA,1594,1577,59.32,9,9,1226,178,84,42,2,10,1352,1048,1174,77.74,11.29,5.33,2.66,85.73,1,1,ABELARDO,COALICIÓN AE
25,NORTE DE SAN,25019,CACHIRA,4677,4653,61.8,28,28,3885,342,295,31,8,54,4211,3543,3869,83.49,7.35,6.34,0.67,90.5,1,1,ABELARDO,COALICIÓN AE
25,NORTE DE SAN,25022,CONVENCION,6391,6290,38.4,55,55,3082,2594,197,132,14,87,3411,488,817,49.0,41.24,3.13,2.1,54.23,1,1,ABELARDO,COALICIÓN AE
25,NORTE DE SAN,25025,CUCUTILLA,4376,4329,61.52,22,22,3403,340,379,63,23,38,3845,3063,3505,78.61,7.85,8.75,1.46,88.82,1,1,ABELARDO,COALICIÓN AE
25,NORTE DE SAN,25028,CHINACOTA,10058,9971,62.7,48,48,7401,1455,471,314,33,134,8186,5946,6731,74.23,14.59,4.72,3.15,82.1,1,1,ABELARDO,COALICIÓN AE
25,NORTE DE SAN,25031,CHITAGA,5478,5414,59.21,30,30,4114,480,457,168,11,70,4739,3634,4259,75.99,8.87,8.44,3.1,87.53,1,1,ABELARDO,COALICIÓN AE
25,NORTE DE SAN,25034,DURANIA,3050,3030,43.62,22,22,2251,311,297,78,10,39,2626,1940,2315,74.29,10.26,9.8,2.57,86.67,1,1,ABELARDO,COALICIÓN AE
25,NORTE DE SAN,25036,EL TARRA,6512,6398,39.87,51,51,1275,4640,71,89,20,100,1435,-3365,-3205,19.93,72.52,1.11,1.39,22.43,0,0,CEPEDA,CEPEDA
25,NORTE DE SAN,25037,EL CARMEN,5230,5179,45.84,45,45,3372,1468,104,106,11,62,3582,1904,2114,65.11,28.35,2.01,2.05,69.16,1,1,ABELARDO,COALICIÓN AE
25,NORTE DE SAN,25038,EL ZULIA,14983,14826,58.68,77,77,11657,1716,530,311,38,348,12498,9941,10782,78.63,11.57,3.57,2.1,84.3,1,1,ABELARDO,COALICIÓN AE
25,NORTE DE SAN,25040,GRAMALOTE,3685,3666,63.84,18,18,2923,277,294,89,12,39,3306,2646,3029,79.73,7.56,8.02,2.43,90.18,1,1,ABELARDO,COALICIÓN AE
25,NORTE DE SAN,25043,HACARI,3259,3212,39.32,27,27,955,2076,37,30,7,46,1022,-1121,-1054,29.73,64.63,1.15,0.93,31.82,0,0,CEPEDA,CEPEDA
25,NORTE DE SAN,25046,HERRAN,1825,1815,35.72,16,16,1540,76,120,39,4,17,1699,1464,1623,84.85,4.19,6.61,2.15,93.61,1,1,ABELARDO,COALICIÓN AE
25,NORTE DE SAN,25049,LABATECA,3169,3156,56.67,17,17,2640,290,129,40,7,17,2809,2350,2519,83.65,9.19,4.09,1.27,89.01,1,1,ABELARDO,COALICIÓN AE
25,NORTE DE SAN,25051,LA ESPERANZA,5690,5625,54.19,36,36,3797,1232,193,76,10,219,4066,2565,2834,67.5,21.9,3.43,1.35,72.28,1,1,ABELARDO,COALICIÓN AE
25,NORTE DE SAN,25052,LA PLAYA,3010,2980,42.24,22,22,2204,536,90,47,9,37,2341,1668,1805,73.96,17.99,3.02,1.58,78.56,1,1,ABELARDO,COALICIÓN AE
25,NORTE DE SAN,25054,LOS PATIOS,46460,46168,55.4,246,246,33470,6987,2122,2123,182,663,37715,26483,30728,72.5,15.13,4.6,4.6,81.69,1,1,ABELARDO,COALICIÓN AE
25,NORTE DE SAN,25055,LOURDES,2393,2379,62.75,11,11,1973,120,168,55,7,22,2196,1853,2076,82.93,5.04,7.06,2.31,92.31,1,1,ABELARDO,COALICIÓN AE
25,NORTE DE SAN,25058,MUTISCUA,2114,2105,63.04,10,10,1765,120,141,23,0,24,1929,1645,1809,83.85,5.7,6.7,1.09,91.64,1,1,ABELARDO,COALICIÓN AE
25,NORTE DE SAN,25061,OCAÑA,56251,55721,62.22,269,269,37018,13256,1630,2219,126,483,40867,23762,27611,66.43,23.79,2.93,3.98,73.34,1,1,ABELARDO,COALICIÓN AE
25,NORTE DE SAN,25064,PAMPLONA,29627,29249,60.3,145,145,16850,7507,1717,1975,197,273,20542,9343,13035,57.61,25.67,5.87,6.75,70.23,1,1,ABELARDO,COALICIÓN AE
25,NORTE DE SAN,25067,PAMPLONITA,3292,3257,72.55,13,13,2471,294,263,104,11,44,2838,2177,2544,75.87,9.03,8.07,3.19,87.14,1,1,ABELARDO,COALICIÓN AE
25,NORTE DE SAN,25069,PUERTO SANTANDER,3687,3646,17.3,62,62,2829,473,102,77,16,90,3008,2356,2535,77.59,12.97,2.8,2.11,82.5,1,1,ABELARDO,COALICIÓN AE
25,NORTE DE SAN,25070,RAGONVALIA,2934,2905,29.21,30,30,2417,185,180,55,4,25,2652,2232,2467,83.2,6.37,6.2,1.89,91.29,1,1,ABELARDO,COALICIÓN AE
25,NORTE DE SAN,25073,SALAZAR,5639,5598,55.75,34,34,4599,464,253,109,10,98,4961,4135,4497,82.15,8.29,4.52,1.95,88.62,1,1,ABELARDO,COALICIÓN AE
25,NORTE DE SAN,25076,SAN CALIXTO,3635,3588,42.16,33,33,441,2998,36,28,4,18,505,-2557,-2493,12.29,83.56,1.0,0.78,14.07,0,0,CEPEDA,CEPEDA
25,NORTE DE SAN,25079,SAN CAYETANO,4915,4880,48.21,31,31,3824,623,140,134,7,104,4098,3201,3475,78.36,12.77,2.87,2.75,83.98,1,1,ABELARDO,COALICIÓN AE
25,NORTE DE SAN,25082,SANTIAGO,2150,2142,40.96,16,16,1629,255,130,42,7,52,1801,1374,1546,76.05,11.9,6.07,1.96,84.08,1,1,ABELARDO,COALICIÓN AE
25,NORTE DE SAN,25085,SARDINATA,10734,10643,52.37,72,72,8716,947,417,165,21,211,9298,7769,8351,81.89,8.9,3.92,1.55,87.36,1,1,ABELARDO,COALICIÓN AE
25,NORTE DE SAN,25088,SILOS,3032,3022,63.52,16,16,2628,120,166,46,3,19,2840,2508,2720,86.96,3.97,5.49,1.52,93.98,1,1,ABELARDO,COALICIÓN AE
25,NORTE DE SAN,25091,TEORAMA,5433,5355,44.37,40,40,905,4117,81,53,8,52,1039,-3212,-3078,16.9,76.88,1.51,0.99,19.4,0,0,CEPEDA,CEPEDA
25,NORTE DE SAN,25093,TIBU,19240,18766,42.12,138,138,9958,6001,676,290,107,915,10924,3957,4923,53.06,31.98,3.6,1.55,58.21,1,1,ABELARDO,COALICIÓN AE
25,NORTE DE SAN,25094,TOLEDO,7846,7751,59.47,43,43,6179,771,359,193,25,84,6731,5408,5960,79.72,9.95,4.63,2.49,86.84,1,1,ABELARDO,COALICIÓN AE
25,NORTE DE SAN,25097,VILLA CARO,2363,2349,57.34,13,13,2030,162,74,43,3,14,2147,1868,1985,86.42,6.9,3.15,1.83,91.4,1,1,ABELARDO,COALICIÓN AE
25,NORTE DE SAN,25100,VILLA DEL ROSARIO,47103,46776,43.34,316,316,36138,5353,2111,1711,155,661,39960,30785,34607,77.26,11.44,4.51,3.66,85.43,1,1,ABELARDO,COALICIÓN AE
26,QUINDIO,26001,ARMENIA,171970,169637,61.14,806,806,84364,53484,14209,10696,1382,1678,109269,30880,55785,49.73,31.53,8.38,6.31,64.41,1,1,ABELARDO,COALICIÓN AE
26,QUINDIO,26005,BUENAVISTA,1550,1528,57.87,8,8,815,472,148,50,7,16,1013,343,541,53.34,30.89,9.69,3.27,66.3,1,1,ABELARDO,COALICIÓN AE
26,QUINDIO,26010,CALARCA,37418,36603,59.17,183,183,17276,11800,3976,1659,332,526,22911,5476,11111,47.2,32.24,10.86,4.53,62.59,1,1,ABELARDO,COALICIÓN AE
26,QUINDIO,26020,CIRCASIA,15389,15121,62.1,75,75,7608,4582,1591,634,117,184,9833,3026,5251,50.31,30.3,10.52,4.19,65.03,1,1,ABELARDO,COALICIÓN AE
26,QUINDIO,26025,CORDOBA,2990,2936,53.43,16,16,1305,1134,303,63,24,38,1671,171,537,44.45,38.62,10.32,2.15,56.91,1,1,ABELARDO,COALICIÓN AE
26,QUINDIO,26030,FILANDIA,6292,6157,57.19,34,34,3340,1496,747,246,51,92,4333,1844,2837,54.25,24.3,12.13,4.0,70.38,1,1,ABELARDO,COALICIÓN AE
26,QUINDIO,26040,GENOVA,3822,3719,52.26,22,22,1856,1028,532,101,24,47,2489,828,1461,49.91,27.64,14.3,2.72,66.93,1,1,ABELARDO,COALICIÓN AE
26,QUINDIO,26050,LA TEBAIDA,17471,16975,56.48,91,91,6653,7199,1476,738,146,292,8867,-546,1668,39.19,42.41,8.7,4.35,52.24,0,1,CEPEDA,COALICIÓN AE
26,QUINDIO,26060,MONTENEGRO,18678,18060,53.02,105,105,8369,5814,2121,655,142,318,11145,2555,5331,46.34,32.19,11.74,3.63,61.71,1,1,ABELARDO,COALICIÓN AE
26,QUINDIO,26070,PIJAO,3075,2987,53.31,18,18,1578,859,346,70,16,53,1994,719,1135,52.83,28.76,11.58,2.34,66.76,1,1,ABELARDO,COALICIÓN AE
26,QUINDIO,26080,QUIMBAYA,16466,16057,53.04,92,92,7320,5521,1684,606,104,335,9610,1799,4089,45.59,34.38,10.49,3.77,59.85,1,1,ABELARDO,COALICIÓN AE
26,QUINDIO,26090,SALENTO,3827,3774,62.62,21,21,2102,948,406,145,24,63,2653,1154,1705,55.7,25.12,10.76,3.84,70.3,1,1,ABELARDO,COALICIÓN AE
27,SANTANDER,27001,BUCARAMANGA,343539,341323,65.53,1523,1523,198332,91324,19709,19051,2045,4575,237092,107008,145768,58.11,26.76,5.77,5.58,69.46,1,1,ABELARDO,COALICIÓN AE
27,SANTANDER,27004,AGUADA,882,876,57.91,5,5,563,110,175,4,1,4,742,453,632,64.27,12.56,19.98,0.46,84.7,1,1,ABELARDO,COALICIÓN AE
27,SANTANDER,27007,ALBANIA,2025,2007,55.98,15,15,1217,396,323,23,6,11,1563,821,1167,60.64,19.73,16.09,1.15,77.88,1,1,ABELARDO,COALICIÓN AE
27,SANTANDER,27010,ARATOCA,4656,4613,64.83,21,21,3154,867,372,65,15,63,3591,2287,2724,68.37,18.79,8.06,1.41,77.85,1,1,ABELARDO,COALICIÓN AE
27,SANTANDER,27013,BARBOSA,17154,16943,62.97,80,80,9002,5605,1278,457,96,197,10737,3397,5132,53.13,33.08,7.54,2.7,63.37,1,1,ABELARDO,COALICIÓN AE
27,SANTANDER,27016,BARICHARA,5594,5539,70.46,23,23,3554,1157,412,238,38,40,4204,2397,3047,64.16,20.89,7.44,4.3,75.9,1,1,ABELARDO,COALICIÓN AE
27,SANTANDER,27019,BARRANCABERMEJA,121378,119407,64.33,566,566,38355,69511,3546,2927,587,1682,44828,-31156,-24683,32.12,58.21,2.97,2.45,37.54,0,0,CEPEDA,CEPEDA
27,SANTANDER,27022,BETULIA,2746,2703,61.32,16,16,1695,518,264,56,13,87,2015,1177,1497,62.71,19.16,9.77,2.07,74.55,1,1,ABELARDO,COALICIÓN AE
27,SANTANDER,27025,BOLIVAR,4421,4365,54.93,34,34,2487,1140,552,48,20,50,3087,1347,1947,56.98,26.12,12.65,1.1,70.72,1,1,ABELARDO,COALICIÓN AE
27,SANTANDER,27028,CABRERA,1182,1176,64.41,6,6,853,103,187,16,1,5,1056,750,953,72.53,8.76,15.9,1.36,89.8,1,1,ABELARDO,COALICIÓN AE
27,SANTANDER,27031,CALIFORNIA,1277,1266,70.12,6,6,908,191,87,37,7,15,1032,717,841,71.72,15.09,6.87,2.92,81.52,1,1,ABELARDO,COALICIÓN AE
27,SANTANDER,27034,CAPITANEJO,2957,2932,59.27,15,15,2146,402,261,55,8,24,2462,1744,2060,73.19,13.71,8.9,1.88,83.97,1,1,ABELARDO,COALICIÓN AE
27,SANTANDER,27037,CARCASI,2057,2044,55.95,16,16,1610,163,166,36,3,22,1812,1447,1649,78.77,7.97,8.12,1.76,88.65,1,1,ABELARDO,COALICIÓN AE
27,SANTANDER,27040,CEPITA,1358,1356,62.78,11,11,989,195,123,19,4,10,1131,794,936,72.94,14.38,9.07,1.4,83.41,1,1,ABELARDO,COALICIÓN AE
27,SANTANDER,27043,CERRITO,3348,3313,59.73,19,19,2366,475,285,81,13,25,2732,1891,2257,71.42,14.34,8.6,2.44,82.46,1,1,ABELARDO,COALICIÓN AE
27,SANTANDER,27045,CIMITARRA,15492,15118,52.0,94,94,8256,4749,1131,209,49,364,9596,3507,4847,54.61,31.41,7.48,1.38,63.47,1,1,ABELARDO,COALICIÓN AE
27,SANTANDER,27046,CONCEPCION,3099,3074,58.92,19,19,2063,497,362,60,11,17,2485,1566,1988,67.11,16.17,11.78,1.95,80.84,1,1,ABELARDO,COALICIÓN AE
27,SANTANDER,27049,CONFINES,1906,1899,66.48,10,10,1450,164,217,27,4,15,1694,1286,1530,76.36,8.64,11.43,1.42,89.2,1,1,ABELARDO,COALICIÓN AE
27,SANTANDER,27052,CONTRATACION,1854,1832,61.32,10,10,1199,400,161,25,2,10,1385,799,985,65.45,21.83,8.79,1.36,75.6,1,1,ABELARDO,COALICIÓN AE
27,SANTANDER,27055,COROMORO,2852,2834,65.91,14,14,2162,297,258,29,13,36,2449,1865,2152,76.29,10.48,9.1,1.02,86.41,1,1,ABELARDO,COALICIÓN AE
27,SANTANDER,27058,CURITI,7674,7604,71.16,37,37,4951,1629,617,151,29,94,5719,3322,4090,65.11,21.42,8.11,1.99,75.21,1,1,ABELARDO,COALICIÓN AE
27,SANTANDER,27061,CHARALA,6792,6729,65.59,32,32,4201,1387,713,156,79,71,5070,2814,3683,62.43,20.61,10.6,2.32,75.35,1,1,ABELARDO,COALICIÓN AE
27,SANTANDER,27064,CHARTA,2382,2377,68.66,12,12,1587,264,411,53,5,26,2051,1323,1787,66.76,11.11,17.29,2.23,86.29,1,1,ABELARDO,COALICIÓN AE
27,SANTANDER,27067,CHIMA,1639,1620,63.18,8,8,1052,207,284,20,8,25,1356,845,1149,64.94,12.78,17.53,1.23,83.7,1,1,ABELARDO,COALICIÓN AE
27,SANTANDER,27070,CHIPATA,2201,2169,50.69,13,13,1288,558,205,29,18,24,1522,730,964,59.38,25.73,9.45,1.34,70.17,1,1,ABELARDO,COALICIÓN AE
27,SANTANDER,27071,EL CARMEN,7952,7881,63.31,43,43,6433,662,455,93,11,129,6981,5771,6319,81.63,8.4,5.77,1.18,88.58,1,1,ABELARDO,COALICIÓN AE
27,SANTANDER,27073,EL GUACAMAYO,982,976,60.06,6,6,504,76,369,9,1,5,882,428,806,51.64,7.79,37.81,0.92,90.37,1,1,ABELARDO,COALICIÓN AE
27,SANTANDER,27074,EL PLAYON,7564,7470,56.88,44,44,5301,1308,452,111,18,165,5864,3993,4556,70.96,17.51,6.05,1.49,78.5,1,1,ABELARDO,COALICIÓN AE
27,SANTANDER,27075,EL PEÑON,1945,1927,48.98,18,18,1319,327,197,14,6,28,1530,992,1203,68.45,16.97,10.22,0.73,79.4,1,1,ABELARDO,COALICIÓN AE
27,SANTANDER,27076,ENCINO,1346,1340,61.57,7,7,1087,87,119,15,4,10,1221,1000,1134,81.12,6.49,8.88,1.12,91.12,1,1,ABELARDO,COALICIÓN AE
27,SANTANDER,27079,ENCISO,2219,2203,63.34,15,15,1566,303,246,37,11,11,1849,1263,1546,71.08,13.75,11.17,1.68,83.93,1,1,ABELARDO,COALICIÓN AE
27,SANTANDER,27080,FLORIAN,3150,3129,51.51,21,21,1684,888,441,25,13,30,2150,796,1262,53.82,28.38,14.09,0.8,68.71,1,1,ABELARDO,COALICIÓN AE
27,SANTANDER,27082,FLORIDABLANCA,157563,156443,70.28,655,655,90033,42163,9691,8763,1065,1947,108487,47870,66324,57.55,26.95,6.19,5.6,69.35,1,1,ABELARDO,COALICIÓN AE
27,SANTANDER,27085,GALAN,1765,1758,66.2,14,14,1329,193,189,14,2,8,1532,1136,1339,75.6,10.98,10.75,0.8,87.14,1,1,ABELARDO,COALICIÓN AE
27,SANTANDER,27088,GAMBITA,2267,2242,64.91,13,13,1617,324,210,16,10,26,1843,1293,1519,72.12,14.45,9.37,0.71,82.2,1,1,ABELARDO,COALICIÓN AE
27,SANTANDER,27091,GIRON,86634,85826,64.84,397,397,48682,25499,4036,3561,479,1503,56279,23183,30780,56.72,29.71,4.7,4.15,65.57,1,1,ABELARDO,COALICIÓN AE
27,SANTANDER,27094,GUACA,3220,3195,57.15,22,22,2438,386,261,34,7,18,2733,2052,2347,76.31,12.08,8.17,1.06,85.54,1,1,ABELARDO,COALICIÓN AE
27,SANTANDER,27097,GUADALUPE,2862,2846,66.71,15,15,1976,317,442,34,5,29,2452,1659,2135,69.43,11.14,15.53,1.19,86.16,1,1,ABELARDO,COALICIÓN AE
27,SANTANDER,27100,GUAPOTA,1353,1345,66.12,7,7,941,115,253,12,1,11,1206,826,1091,69.96,8.55,18.81,0.89,89.67,1,1,ABELARDO,COALICIÓN AE
27,SANTANDER,27103,GUAVATA,2596,2571,56.59,13,13,1264,841,365,30,11,14,1659,423,818,49.16,32.71,14.2,1.17,64.53,1,1,ABELARDO,COALICIÓN AE
27,SANTANDER,27106,GUEPSA,2384,2337,52.97,13,13,1353,722,129,34,18,24,1516,631,794,57.89,30.89,5.52,1.45,64.87,1,1,ABELARDO,COALICIÓN AE
27,SANTANDER,27109,HATO,1434,1417,65.59,8,8,952,263,124,21,9,20,1097,689,834,67.18,18.56,8.75,1.48,77.42,1,1,ABELARDO,COALICIÓN AE
27,SANTANDER,27112,JESUS MARIA,1817,1786,53.31,11,11,898,576,241,29,8,9,1168,322,592,50.28,32.25,13.49,1.62,65.4,1,1,ABELARDO,COALICIÓN AE
27,SANTANDER,27115,JORDAN,1015,996,68.21,6,6,717,105,136,9,2,11,862,612,757,71.99,10.54,13.65,0.9,86.55,1,1,ABELARDO,COALICIÓN AE
27,SANTANDER,27118,LA PAZ,2191,2164,53.92,14,14,1317,294,475,30,6,12,1822,1023,1528,60.86,13.59,21.95,1.39,84.2,1,1,ABELARDO,COALICIÓN AE
27,SANTANDER,27119,LA BELLEZA,3325,3305,57.78,18,18,2304,374,500,56,7,24,2860,1930,2486,69.71,11.32,15.13,1.69,86.54,1,1,ABELARDO,COALICIÓN AE
27,SANTANDER,27120,LANDAZURI,5505,5438,53.68,35,35,3741,1163,297,62,7,71,4100,2578,2937,68.79,21.39,5.46,1.14,75.4,1,1,ABELARDO,COALICIÓN AE
27,SANTANDER,27121,LEBRIJA,24407,24148,65.25,114,114,16595,4555,1291,681,64,487,18567,12040,14012,68.72,18.86,5.35,2.82,76.89,1,1,ABELARDO,COALICIÓN AE
27,SANTANDER,27124,LOS SANTOS,7145,7060,66.62,33,33,4848,1129,594,170,39,113,5612,3719,4483,68.67,15.99,8.41,2.41,79.49,1,1,ABELARDO,COALICIÓN AE
27,SANTANDER,27127,MACARAVITA,1187,1181,51.56,7,7,844,115,180,9,3,6,1033,729,918,71.46,9.74,15.24,0.76,87.47,1,1,ABELARDO,COALICIÓN AE
27,SANTANDER,27130,MALAGA,10768,10681,65.54,52,52,6427,2551,937,426,49,80,7790,3876,5239,60.17,23.88,8.77,3.99,72.93,1,1,ABELARDO,COALICIÓN AE
27,SANTANDER,27133,MATANZA,3453,3417,65.0,18,18,2319,506,424,49,7,49,2792,1813,2286,67.87,14.81,12.41,1.43,81.71,1,1,ABELARDO,COALICIÓN AE
27,SANTANDER,27136,MOGOTES,5349,5254,64.28,28,28,3622,743,638,87,23,56,4347,2879,3604,68.94,14.14,12.14,1.66,82.74,1,1,ABELARDO,COALICIÓN AE
27,SANTANDER,27139,MOLAGAVITA,2247,2235,57.4,17,17,1609,221,307,29,6,16,1945,1388,1724,71.99,9.89,13.74,1.3,87.02,1,1,ABELARDO,COALICIÓN AE
27,SANTANDER,27142,OCAMONTE,2638,2619,64.81,12,12,1817,265,443,31,6,21,2291,1552,2026,69.38,10.12,16.91,1.18,87.48,1,1,ABELARDO,COALICIÓN AE
27,SANTANDER,27145,OIBA,6418,6354,64.41,31,31,4566,1023,410,136,30,71,5112,3543,4089,71.86,16.1,6.45,2.14,80.45,1,1,ABELARDO,COALICIÓN AE
27,SANTANDER,27148,ONZAGA,2058,2030,57.79,14,14,1478,221,265,28,3,11,1771,1257,1550,72.81,10.89,13.05,1.38,87.24,1,1,ABELARDO,COALICIÓN AE
27,SANTANDER,27151,PALMAR,1047,1036,64.62,6,6,720,149,121,20,1,17,861,571,712,69.5,14.38,11.68,1.93,83.11,1,1,ABELARDO,COALICIÓN AE
27,SANTANDER,27154,PALMAS DEL SOCORRO,1849,1838,69.22,8,8,1382,165,210,42,8,15,1634,1217,1469,75.19,8.98,11.43,2.29,88.9,1,1,ABELARDO,COALICIÓN AE
27,SANTANDER,27157,PARAMO,2876,2865,71.4,12,12,2079,329,297,84,6,27,2460,1750,2131,72.57,11.48,10.37,2.93,85.86,1,1,ABELARDO,COALICIÓN AE
27,SANTANDER,27160,PIEDECUESTA,94326,93397,70.09,408,408,54278,26051,4710,4198,568,1615,63186,28227,37135,58.12,27.89,5.04,4.49,67.65,1,1,ABELARDO,COALICIÓN AE
27,SANTANDER,27163,PINCHOTE,2877,2856,72.19,12,12,1856,564,274,68,24,27,2198,1292,1634,64.99,19.75,9.59,2.38,76.96,1,1,ABELARDO,COALICIÓN AE
27,SANTANDER,27166,PUENTE NACIONAL,8353,8281,63.16,44,44,4615,2470,748,195,72,66,5558,2145,3088,55.73,29.83,9.03,2.35,67.12,1,1,ABELARDO,COALICIÓN AE
27,SANTANDER,27167,PUERTO PARRA,3441,3375,51.33,22,22,1786,1180,112,34,17,165,1932,606,752,52.92,34.96,3.32,1.01,57.24,1,1,ABELARDO,COALICIÓN AE
27,SANTANDER,27169,PUERTO WILCHES,15502,15252,58.63,84,84,5445,8480,656,127,45,209,6228,-3035,-2252,35.7,55.6,4.3,0.83,40.83,0,0,CEPEDA,CEPEDA
27,SANTANDER,27172,RIONEGRO,14593,14354,59.13,85,85,9499,2849,945,300,57,347,10744,6650,7895,66.18,19.85,6.58,2.09,74.85,1,1,ABELARDO,COALICIÓN AE
27,SANTANDER,27174,SABANA DE TORRES,15340,15014,59.92,74,74,8005,5200,675,279,62,400,8959,2805,3759,53.32,34.63,4.5,1.86,59.67,1,1,ABELARDO,COALICIÓN AE
27,SANTANDER,27175,SAN ANDRES,3856,3814,58.19,26,26,2510,731,386,66,20,29,2962,1779,2231,65.81,19.17,10.12,1.73,77.66,1,1,ABELARDO,COALICIÓN AE
27,SANTANDER,27178,SAN BENITO,1345,1331,45.46,9,9,842,188,257,13,0,10,1112,654,924,63.26,14.12,19.31,0.98,83.55,1,1,ABELARDO,COALICIÓN AE
27,SANTANDER,27181,SAN GIL,32920,32677,70.18,144,144,19168,8703,2288,1436,218,299,22892,10465,14189,58.66,26.63,7.0,4.39,70.06,1,1,ABELARDO,COALICIÓN AE
27,SANTANDER,27184,SAN JOAQUIN,1227,1209,55.14,7,7,757,188,204,36,0,3,997,569,809,62.61,15.55,16.87,2.98,82.46,1,1,ABELARDO,COALICIÓN AE
27,SANTANDER,27187,SAN JOSE DE MIRANDA,2939,2915,65.28,16,16,1961,345,462,49,15,25,2472,1616,2127,67.27,11.84,15.85,1.68,84.8,1,1,ABELARDO,COALICIÓN AE
27,SANTANDER,27190,SAN MIGUEL,1311,1305,60.02,10,10,838,225,205,11,4,3,1054,613,829,64.21,17.24,15.71,0.84,80.77,1,1,ABELARDO,COALICIÓN AE
27,SANTANDER,27193,SAN VICENTE DE CHUCURI,15031,14804,59.67,80,80,10055,2998,826,288,40,310,11169,7057,8171,67.92,20.25,5.58,1.95,75.45,1,1,ABELARDO,COALICIÓN AE
27,SANTANDER,27194,SANTA HELENA DEL OPON,1904,1895,56.41,12,12,1520,218,80,14,2,26,1614,1302,1396,80.21,11.5,4.22,0.74,85.17,1,1,ABELARDO,COALICIÓN AE
27,SANTANDER,27195,SANTA BARBARA,1549,1540,65.24,9,9,1065,187,236,16,6,17,1317,878,1130,69.16,12.14,15.32,1.04,85.52,1,1,ABELARDO,COALICIÓN AE
27,SANTANDER,27196,SIMACOTA,4105,4057,64.62,22,22,2732,827,297,43,18,64,3072,1905,2245,67.34,20.38,7.32,1.06,75.72,1,1,ABELARDO,COALICIÓN AE
27,SANTANDER,27199,SOCORRO,17214,17107,67.36,74,74,10882,3380,1804,558,72,170,13244,7502,9864,63.61,19.76,10.55,3.26,77.42,1,1,ABELARDO,COALICIÓN AE
27,SANTANDER,27202,SUAITA,5272,5208,60.5,27,27,3650,812,504,89,28,59,4243,2838,3431,70.08,15.59,9.68,1.71,81.47,1,1,ABELARDO,COALICIÓN AE
27,SANTANDER,27205,SUCRE,2982,2948,53.67,22,22,1911,421,518,24,13,15,2453,1490,2032,64.82,14.28,17.57,0.81,83.21,1,1,ABELARDO,COALICIÓN AE
27,SANTANDER,27208,SURATA,2250,2221,61.22,13,13,1492,383,241,34,6,34,1767,1109,1384,67.18,17.24,10.85,1.53,79.56,1,1,ABELARDO,COALICIÓN AE
27,SANTANDER,27211,TONA,3769,3717,65.24,18,18,2672,567,271,60,16,43,3003,2105,2436,71.89,15.25,7.29,1.61,80.79,1,1,ABELARDO,COALICIÓN AE
27,SANTANDER,27217,VALLE DE SAN JOSE,3779,3756,70.64,17,17,2510,745,296,81,16,44,2887,1765,2142,66.83,19.83,7.88,2.16,76.86,1,1,ABELARDO,COALICIÓN AE
27,SANTANDER,27219,VETAS,966,958,65.4,5,5,765,41,106,19,4,8,890,724,849,79.85,4.28,11.06,1.98,92.9,1,1,ABELARDO,COALICIÓN AE
27,SANTANDER,27220,VELEZ,10327,10180,62.01,52,52,5652,3145,790,241,68,91,6683,2507,3538,55.52,30.89,7.76,2.37,65.65,1,1,ABELARDO,COALICIÓN AE
27,SANTANDER,27221,VILLANUEVA,5033,4997,68.47,21,21,3280,757,606,154,14,62,4040,2523,3283,65.64,15.15,12.13,3.08,80.85,1,1,ABELARDO,COALICIÓN AE
27,SANTANDER,27223,ZAPATOCA,5473,5431,65.16,25,25,3615,1076,365,146,36,53,4126,2539,3050,66.56,19.81,6.72,2.69,75.97,1,1,ABELARDO,COALICIÓN AE
28,SUCRE,28001,SINCELEJO,126701,125329,57.26,631,631,45664,71183,3264,2258,232,383,51186,-25519,-19997,36.44,56.8,2.6,1.8,40.84,0,0,CEPEDA,CEPEDA
28,SUCRE,28010,BUENAVISTA,5233,5201,50.19,31,31,2188,2625,252,38,6,24,2478,-437,-147,42.07,50.47,4.85,0.73,47.64,0,0,CEPEDA,CEPEDA
28,SUCRE,28020,CAIMITO,5717,5680,54.38,37,37,1518,3843,174,28,8,15,1720,-2325,-2123,26.73,67.66,3.06,0.49,30.28,0,0,CEPEDA,CEPEDA
28,SUCRE,28030,COLOSO (RICAURTE),4384,4338,49.9,27,27,1440,2548,199,31,9,21,1670,-1108,-878,33.2,58.74,4.59,0.71,38.5,0,0,CEPEDA,CEPEDA
28,SUCRE,28040,COROZAL,31177,30942,61.58,154,154,11441,17816,649,459,48,115,12549,-6375,-5267,36.98,57.58,2.1,1.48,40.56,0,0,CEPEDA,CEPEDA
28,SUCRE,28041,COVEÑAS,8388,8320,53.71,47,47,2834,4328,836,60,33,41,3730,-1494,-598,34.06,52.02,10.05,0.72,44.83,0,0,CEPEDA,CEPEDA
28,SUCRE,28042,EL ROBLE,5660,5621,56.34,36,36,1659,3729,135,24,12,11,1818,-2070,-1911,29.51,66.34,2.4,0.43,32.34,0,0,CEPEDA,CEPEDA
28,SUCRE,28045,CHALAN,2535,2516,49.14,17,17,1025,1267,130,15,7,11,1170,-242,-97,40.74,50.36,5.17,0.6,46.5,0,0,CEPEDA,CEPEDA
28,SUCRE,28048,GALERAS (NUEVA GRANADA),9320,9204,49.92,57,57,5446,2842,534,90,22,48,6070,2604,3228,59.17,30.88,5.8,0.98,65.95,1,1,ABELARDO,COALICIÓN AE
28,SUCRE,28049,GUARANDA,6063,6020,39.5,51,51,3616,1900,315,41,13,26,3972,1716,2072,60.07,31.56,5.23,0.68,65.98,1,1,ABELARDO,COALICIÓN AE
28,SUCRE,28050,LA UNION,6012,5971,53.6,34,34,1847,3748,211,32,9,32,2090,-1901,-1658,30.93,62.77,3.53,0.54,35.0,0,0,CEPEDA,CEPEDA
28,SUCRE,28055,LOS PALMITOS,11872,11802,58.77,62,62,3040,8203,287,69,10,54,3396,-5163,-4807,25.76,69.51,2.43,0.58,28.77,0,0,CEPEDA,CEPEDA
28,SUCRE,28060,MAJAGUAL,13842,13738,45.87,101,101,7749,4195,1279,104,44,87,9132,3554,4937,56.41,30.54,9.31,0.76,66.47,1,1,ABELARDO,COALICIÓN AE
28,SUCRE,28080,MORROA,9076,9017,57.6,50,50,2914,5547,283,86,30,38,3283,-2633,-2264,32.32,61.52,3.14,0.95,36.41,0,0,CEPEDA,CEPEDA
28,SUCRE,28100,OVEJAS,12541,12428,53.72,74,74,4075,7680,373,79,22,36,4527,-3605,-3153,32.79,61.8,3.0,0.64,36.43,0,0,CEPEDA,CEPEDA
28,SUCRE,28120,PALMITO,7636,7579,56.78,43,43,2262,4828,310,33,12,23,2605,-2566,-2223,29.85,63.7,4.09,0.44,34.37,0,0,CEPEDA,CEPEDA
28,SUCRE,28160,SAMPUES,20259,20014,55.45,117,117,6100,12495,754,153,34,89,7007,-6395,-5488,30.48,62.43,3.77,0.76,35.01,0,0,CEPEDA,CEPEDA
28,SUCRE,28180,SAN BENITO ABAD,10662,10610,49.22,73,73,4371,5766,257,46,17,54,4674,-1395,-1092,41.2,54.34,2.42,0.43,44.05,0,0,CEPEDA,CEPEDA
28,SUCRE,28190,SAN JUAN DE BETULIA (BETULIA),7543,7491,61.4,39,39,2963,4229,117,50,13,22,3130,-1266,-1099,39.55,56.45,1.56,0.67,41.78,0,0,CEPEDA,CEPEDA
28,SUCRE,28200,SAN MARCOS,22261,22019,46.31,146,146,8058,12422,717,159,49,174,8934,-4364,-3488,36.6,56.41,3.26,0.72,40.57,0,0,CEPEDA,CEPEDA
28,SUCRE,28220,SAN ONOFRE,18473,18226,39.24,154,154,3925,12645,970,97,91,95,4992,-8720,-7653,21.54,69.38,5.32,0.53,27.39,0,0,CEPEDA,CEPEDA
28,SUCRE,28240,SAN PEDRO,9265,9196,52.1,52,52,3714,5009,217,53,16,50,3984,-1295,-1025,40.39,54.47,2.36,0.58,43.32,0,0,CEPEDA,CEPEDA
28,SUCRE,28260,SINCE,14230,14072,51.16,88,88,6093,6856,600,135,42,53,6828,-763,-28,43.3,48.72,4.26,0.96,48.52,0,0,CEPEDA,CEPEDA
28,SUCRE,28280,SUCRE,9694,9626,45.1,78,78,4774,3764,778,38,23,60,5590,1010,1826,49.59,39.1,8.08,0.39,58.07,1,1,ABELARDO,COALICIÓN AE
28,SUCRE,28300,TOLU,13953,13801,53.1,80,80,2946,10148,325,91,33,40,3362,-7202,-6786,21.35,73.53,2.35,0.66,24.36,0,0,CEPEDA,CEPEDA
28,SUCRE,28320,TOLUVIEJO,11808,11717,54.46,68,68,4034,7028,328,86,21,40,4448,-2994,-2580,34.43,59.98,2.8,0.73,37.96,0,0,CEPEDA,CEPEDA
29,TOLIMA,29001,IBAGUE,309213,304909,65.13,1366,1366,141360,109574,27755,13631,2410,3042,182746,31786,73172,46.36,35.94,9.1,4.47,59.93,1,1,ABELARDO,COALICIÓN AE
29,TOLIMA,29004,ALPUJARRA,2135,2114,57.02,15,15,1153,407,465,23,12,10,1641,746,1234,54.54,19.25,22.0,1.09,77.63,1,1,ABELARDO,COALICIÓN AE
29,TOLIMA,29007,ALVARADO,4777,4699,52.17,30,30,2028,1935,507,46,20,62,2581,93,646,43.16,41.18,10.79,0.98,54.93,1,1,ABELARDO,COALICIÓN AE
29,TOLIMA,29010,AMBALEMA,3432,3372,52.03,22,22,1307,1623,292,29,18,36,1628,-316,5,38.76,48.13,8.66,0.86,48.28,0,1,CEPEDA,COALICIÓN AE
29,TOLIMA,29013,ANZOATEGUI,3893,3838,44.55,27,27,2077,894,563,68,30,80,2708,1183,1814,54.12,23.29,14.67,1.77,70.56,1,1,ABELARDO,COALICIÓN AE
29,TOLIMA,29016,ARMERO (GUAYABAL),5790,5668,54.97,33,33,2143,2853,329,72,50,96,2544,-710,-309,37.81,50.34,5.8,1.27,44.88,0,0,CEPEDA,CEPEDA
29,TOLIMA,29019,ATACO,7600,7489,45.43,54,54,4326,1413,1341,81,38,106,5748,2913,4335,57.76,18.87,17.91,1.08,76.75,1,1,ABELARDO,COALICIÓN AE
29,TOLIMA,29022,CAJAMARCA,9059,8884,53.02,51,51,4531,2900,796,207,49,130,5534,1631,2634,51.0,32.64,8.96,2.33,62.29,1,1,ABELARDO,COALICIÓN AE
29,TOLIMA,29025,CARMEN DE APICALA,6242,6174,59.16,33,33,3222,1592,948,153,41,82,4323,1630,2731,52.19,25.79,15.35,2.48,70.02,1,1,ABELARDO,COALICIÓN AE
29,TOLIMA,29028,CASABIANCA,2856,2799,49.77,18,18,1462,597,493,48,27,77,2003,865,1406,52.23,21.33,17.61,1.71,71.56,1,1,ABELARDO,COALICIÓN AE
29,TOLIMA,29031,COELLO,4984,4917,58.56,29,29,1926,2446,337,59,20,56,2322,-520,-124,39.17,49.75,6.85,1.2,47.22,0,0,CEPEDA,CEPEDA
29,TOLIMA,29034,COYAIMA,10056,9864,53.43,59,59,3302,5245,905,74,52,80,4281,-1943,-964,33.48,53.17,9.17,0.75,43.4,0,0,CEPEDA,CEPEDA
29,TOLIMA,29037,CUNDAY,3913,3878,54.88,24,24,2312,730,690,30,17,38,3032,1582,2302,59.62,18.82,17.79,0.77,78.18,1,1,ABELARDO,COALICIÓN AE
29,TOLIMA,29040,CHAPARRAL,19268,18909,46.1,122,122,9146,6450,2001,339,132,251,11486,2696,5036,48.37,34.11,10.58,1.79,60.74,1,1,ABELARDO,COALICIÓN AE
29,TOLIMA,29043,DOLORES,3946,3904,55.22,24,24,2544,784,404,67,17,28,3015,1760,2231,65.16,20.08,10.35,1.72,77.23,1,1,ABELARDO,COALICIÓN AE
29,TOLIMA,29046,ESPINAL,39568,38838,62.81,181,181,17320,13830,4686,943,360,580,22949,3490,9119,44.6,35.61,12.07,2.43,59.09,1,1,ABELARDO,COALICIÓN AE
29,TOLIMA,29049,FALAN,3497,3419,55.41,20,20,1518,1268,381,68,13,65,1967,250,699,44.4,37.09,11.14,1.99,57.53,1,1,ABELARDO,COALICIÓN AE
29,TOLIMA,29052,FLANDES,12153,11934,60.55,59,59,5385,4797,1010,183,101,169,6578,588,1781,45.12,40.2,8.46,1.53,55.12,1,1,ABELARDO,COALICIÓN AE
29,TOLIMA,29055,FRESNO,14631,14297,51.35,90,90,6891,3561,2412,482,128,331,9785,3330,6224,48.2,24.91,16.87,3.37,68.44,1,1,ABELARDO,COALICIÓN AE
29,TOLIMA,29058,GUAMO,15540,15257,58.7,83,83,7665,4125,2486,249,93,204,10400,3540,6275,50.24,27.04,16.29,1.63,68.17,1,1,ABELARDO,COALICIÓN AE
29,TOLIMA,29061,HERVEO,2994,2933,52.34,20,20,1704,592,403,78,13,45,2185,1112,1593,58.1,20.18,13.74,2.66,74.5,1,1,ABELARDO,COALICIÓN AE
29,TOLIMA,29064,HONDA,13122,12907,58.55,64,64,5405,5755,987,256,94,159,6648,-350,893,41.88,44.59,7.65,1.98,51.51,0,1,CEPEDA,COALICIÓN AE
29,TOLIMA,29067,ICONONZO,5450,5384,57.56,29,29,2109,2414,545,88,49,57,2742,-305,328,39.17,44.84,10.12,1.63,50.93,0,1,CEPEDA,COALICIÓN AE
29,TOLIMA,29070,LERIDA,8615,8490,55.28,47,47,2913,4377,733,116,51,125,3762,-1464,-615,34.31,51.55,8.63,1.37,44.31,0,0,CEPEDA,CEPEDA
29,TOLIMA,29073,LIBANO,18381,17897,53.93,102,102,6087,8501,2012,418,124,250,8517,-2414,16,34.01,47.5,11.24,2.34,47.59,0,1,CEPEDA,COALICIÓN AE
29,TOLIMA,29076,MARIQUITA,17208,16746,56.6,91,91,7507,6437,1325,442,135,358,9274,1070,2837,44.83,38.44,7.91,2.64,55.38,1,1,ABELARDO,COALICIÓN AE
29,TOLIMA,29079,MELGAR,19925,19657,60.62,99,99,11627,5201,1460,444,143,329,13531,6426,8330,59.15,26.46,7.43,2.26,68.84,1,1,ABELARDO,COALICIÓN AE
29,TOLIMA,29080,MURILLO,1629,1585,43.5,12,12,657,535,298,28,4,13,983,122,448,41.45,33.75,18.8,1.77,62.02,1,1,ABELARDO,COALICIÓN AE
29,TOLIMA,29082,NATAGAIMA,7645,7547,51.49,45,45,2524,3943,826,44,29,44,3394,-1419,-549,33.44,52.25,10.94,0.58,44.97,0,0,CEPEDA,CEPEDA
29,TOLIMA,29085,ORTEGA,11703,11455,49.59,80,80,5056,4172,1568,128,100,107,6752,884,2580,44.14,36.42,13.69,1.12,58.94,1,1,ABELARDO,COALICIÓN AE
29,TOLIMA,29087,PALOCABILDO,4304,4237,50.0,25,25,2160,1317,525,43,15,65,2728,843,1411,50.98,31.08,12.39,1.01,64.39,1,1,ABELARDO,COALICIÓN AE
29,TOLIMA,29088,PIEDRAS,3200,3161,56.31,18,18,1421,1374,194,55,7,32,1670,47,296,44.95,43.47,6.14,1.74,52.83,1,1,ABELARDO,COALICIÓN AE
29,TOLIMA,29089,PLANADAS,10538,10293,42.9,75,75,4800,3475,1164,171,65,208,6135,1325,2660,46.63,33.76,11.31,1.66,59.6,1,1,ABELARDO,COALICIÓN AE
29,TOLIMA,29091,PRADO,4262,4216,54.09,26,26,2523,1111,390,70,13,40,2983,1412,1872,59.84,26.35,9.25,1.66,70.75,1,1,ABELARDO,COALICIÓN AE
29,TOLIMA,29094,PURIFICACION,12176,11980,59.75,61,61,5234,4918,1179,163,76,117,6576,316,1658,43.69,41.05,9.84,1.36,54.89,1,1,ABELARDO,COALICIÓN AE
29,TOLIMA,29097,RIOBLANCO,6780,6633,37.28,58,58,3562,1723,808,108,64,105,4478,1839,2755,53.7,25.98,12.18,1.63,67.51,1,1,ABELARDO,COALICIÓN AE
29,TOLIMA,29100,RONCESVALLES,1892,1857,42.93,14,14,1114,377,228,36,12,19,1378,737,1001,59.99,20.3,12.28,1.94,74.21,1,1,ABELARDO,COALICIÓN AE
29,TOLIMA,29103,ROVIRA,10023,9861,46.4,70,70,5659,1952,1571,138,60,161,7368,3707,5416,57.39,19.8,15.93,1.4,74.72,1,1,ABELARDO,COALICIÓN AE
29,TOLIMA,29105,SALDAÑA,7539,7418,57.96,38,38,3730,2234,963,156,49,97,4849,1496,2615,50.28,30.12,12.98,2.1,65.37,1,1,ABELARDO,COALICIÓN AE
29,TOLIMA,29106,SAN ANTONIO,5187,5091,48.37,32,32,2786,1165,847,79,33,73,3712,1621,2547,54.72,22.88,16.64,1.55,72.91,1,1,ABELARDO,COALICIÓN AE
29,TOLIMA,29109,SAN LUIS,7344,7240,59.9,42,42,4568,1553,773,85,35,81,5426,3015,3873,63.09,21.45,10.68,1.17,74.94,1,1,ABELARDO,COALICIÓN AE
29,TOLIMA,29112,SANTA ISABEL,2603,2562,45.44,24,24,1446,516,436,51,9,42,1933,930,1417,56.44,20.14,17.02,1.99,75.45,1,1,ABELARDO,COALICIÓN AE
29,TOLIMA,29115,SUAREZ,2743,2707,57.01,17,17,1472,697,408,28,10,35,1908,775,1211,54.38,25.75,15.07,1.03,70.48,1,1,ABELARDO,COALICIÓN AE
29,TOLIMA,29118,VALLE DE SAN JUAN,2821,2788,58.47,17,17,1674,466,525,26,7,25,2225,1208,1759,60.04,16.71,18.83,0.93,79.81,1,1,ABELARDO,COALICIÓN AE
29,TOLIMA,29121,VENADILLO,6454,6341,54.37,38,38,2842,2527,601,96,32,101,3539,315,1012,44.82,39.85,9.48,1.51,55.81,1,1,ABELARDO,COALICIÓN AE
29,TOLIMA,29124,VILLAHERMOSA,3357,3286,47.88,25,25,1214,805,1006,72,19,42,2292,409,1487,36.94,24.5,30.61,2.19,69.75,1,1,ABELARDO,COALICIÓN AE
29,TOLIMA,29127,VILLARRICA,2801,2776,54.38,17,17,1769,569,335,27,4,16,2131,1200,1562,63.72,20.5,12.07,0.97,76.77,1,1,ABELARDO,COALICIÓN AE
31,VALLE,31001,CALI,1063418,1053010,57.82,5158,5158,371718,541270,56344,45989,6970,5180,474051,-169552,-67219,35.3,51.4,5.35,4.37,45.02,0,0,CEPEDA,CEPEDA
31,VALLE,31004,ALCALA,6412,6258,50.87,38,38,2833,2456,481,133,37,165,3447,377,991,45.27,39.25,7.69,2.13,55.08,1,1,ABELARDO,COALICIÓN AE
31,VALLE,31007,ANDALUCIA,10949,10811,54.81,59,59,3604,5969,541,305,44,124,4450,-2365,-1519,33.34,55.21,5.0,2.82,41.16,0,0,CEPEDA,CEPEDA
31,VALLE,31010,ANSERMANUEVO,8531,8358,45.64,64,64,3422,2708,1561,201,53,174,5184,714,2476,40.94,32.4,18.68,2.4,62.02,1,1,ABELARDO,COALICIÓN AE
31,VALLE,31013,ARGELIA,2772,2729,48.16,20,20,1357,586,621,49,15,53,2027,771,1441,49.73,21.47,22.76,1.8,74.28,1,1,ABELARDO,COALICIÓN AE
31,VALLE,31016,BOLIVAR,7251,7165,54.79,47,47,3376,2275,1105,126,24,117,4607,1101,2332,47.12,31.75,15.42,1.76,64.3,1,1,ABELARDO,COALICIÓN AE
31,VALLE,31019,BUENAVENTURA,91352,89716,39.17,690,690,10788,72065,3296,852,280,578,14936,-61277,-57129,12.02,80.33,3.67,0.95,16.65,0,0,CEPEDA,CEPEDA
31,VALLE,31022,BUGA,65520,64729,59.69,339,339,20612,36630,2694,2508,349,475,25814,-16018,-10816,31.84,56.59,4.16,3.87,39.88,0,0,CEPEDA,CEPEDA
31,VALLE,31025,BUGALAGRANDE,12077,11935,57.68,67,67,3123,7580,569,252,40,124,3944,-4457,-3636,26.17,63.51,4.77,2.11,33.05,0,0,CEPEDA,CEPEDA
31,VALLE,31028,CAICEDONIA,14286,13933,52.11,88,88,6695,4478,1681,406,107,163,8782,2217,4304,48.05,32.14,12.06,2.91,63.03,1,1,ABELARDO,COALICIÓN AE
31,VALLE,31031,CANDELARIA,54990,54085,61.61,262,262,11821,36468,2378,1307,300,382,15506,-24647,-20962,21.86,67.43,4.4,2.42,28.67,0,0,CEPEDA,CEPEDA
31,VALLE,31034,CARTAGO,66940,65738,54.77,353,353,30265,24806,4669,2887,477,849,37821,5459,13015,46.04,37.73,7.1,4.39,57.53,1,1,ABELARDO,COALICIÓN AE
31,VALLE,31037,DAGUA,19601,19279,51.14,122,122,7193,9228,1613,293,108,275,9099,-2035,-129,37.31,47.87,8.37,1.52,47.2,0,0,CEPEDA,CEPEDA
31,VALLE,31040,CALIMA (DARIEN),8513,8344,54.61,54,54,3579,3637,474,221,57,115,4274,-58,637,42.89,43.59,5.68,2.65,51.22,0,1,CEPEDA,COALICIÓN AE
31,VALLE,31043,EL AGUILA,3765,3696,49.26,31,31,1927,717,762,73,23,70,2762,1210,2045,52.14,19.4,20.62,1.98,74.73,1,1,ABELARDO,COALICIÓN AE
31,VALLE,31046,EL CAIRO,2842,2784,43.93,24,24,1311,739,512,67,14,45,1890,572,1151,47.09,26.54,18.39,2.41,67.89,1,1,ABELARDO,COALICIÓN AE
31,VALLE,31049,EL CERRITO,31582,31177,56.28,167,167,7562,20795,1185,678,120,217,9425,-13233,-11370,24.26,66.7,3.8,2.17,30.23,0,0,CEPEDA,CEPEDA
31,VALLE,31052,EL DOVIO,5289,5161,50.1,38,38,2646,1627,380,130,27,150,3156,1019,1529,51.27,31.52,7.36,2.52,61.15,1,1,ABELARDO,COALICIÓN AE
31,VALLE,31055,FLORIDA,31818,31380,57.96,164,164,6025,22399,1427,649,125,167,8101,-16374,-14298,19.2,71.38,4.55,2.07,25.82,0,0,CEPEDA,CEPEDA
31,VALLE,31058,GINEBRA,11195,11030,58.04,59,59,3920,5636,774,248,54,116,4942,-1716,-694,35.54,51.1,7.02,2.25,44.81,0,0,CEPEDA,CEPEDA
31,VALLE,31061,GUACARI,17813,17574,58.6,92,92,3866,11944,868,360,58,121,5094,-8078,-6850,22.0,67.96,4.94,2.05,28.99,0,0,CEPEDA,CEPEDA
31,VALLE,31064,JAMUNDI,82296,80922,62.27,382,382,25922,45076,3693,2832,505,603,32447,-19154,-12629,32.03,55.7,4.56,3.5,40.1,0,0,CEPEDA,CEPEDA
31,VALLE,31067,LA CUMBRE,8090,7990,56.47,45,45,2973,3864,663,145,44,65,3781,-891,-83,37.21,48.36,8.3,1.81,47.32,0,0,CEPEDA,CEPEDA
31,VALLE,31070,LA UNION,16524,16123,58.57,86,86,9339,3996,1250,601,122,347,11190,5343,7194,57.92,24.78,7.75,3.73,69.4,1,1,ABELARDO,COALICIÓN AE
31,VALLE,31073,LA VICTORIA,6236,6134,53.91,37,37,3343,1816,550,122,34,99,4015,1527,2199,54.5,29.61,8.97,1.99,65.45,1,1,ABELARDO,COALICIÓN AE
31,VALLE,31076,OBANDO,5402,5265,49.69,35,35,1783,2772,370,90,18,122,2243,-989,-529,33.87,52.65,7.03,1.71,42.6,0,0,CEPEDA,CEPEDA
31,VALLE,31079,PALMIRA,165881,163830,57.32,850,850,52511,90115,8081,6511,1081,1138,67103,-37604,-23012,32.05,55.01,4.93,3.97,40.96,0,0,CEPEDA,CEPEDA
31,VALLE,31082,PRADERA,23537,23144,55.35,132,132,4855,16082,911,494,101,163,6260,-11227,-9822,20.98,69.49,3.94,2.13,27.05,0,0,CEPEDA,CEPEDA
31,VALLE,31085,RESTREPO,8048,7879,49.39,53,53,3543,3354,480,160,31,127,4183,189,829,44.97,42.57,6.09,2.03,53.09,1,1,ABELARDO,COALICIÓN AE
31,VALLE,31088,RIOFRIO,8419,8259,52.64,49,49,3460,3432,829,176,44,135,4465,28,1033,41.89,41.55,10.04,2.13,54.06,1,1,ABELARDO,COALICIÓN AE
31,VALLE,31091,ROLDANILLO,19494,19202,61.82,106,106,8798,7297,1518,783,97,276,11099,1501,3802,45.82,38.0,7.91,4.08,57.8,1,1,ABELARDO,COALICIÓN AE
31,VALLE,31094,SAN PEDRO,8368,8239,54.85,53,53,2897,4290,545,157,46,127,3599,-1393,-691,35.16,52.07,6.61,1.91,43.68,0,0,CEPEDA,CEPEDA
31,VALLE,31097,SEVILLA,19252,18725,51.11,119,119,7471,7716,2086,565,141,227,10122,-245,2406,39.9,41.21,11.14,3.02,54.06,0,1,CEPEDA,COALICIÓN AE
31,VALLE,31100,TORO,6250,6109,48.76,43,43,3042,1608,945,142,30,164,4129,1434,2521,49.8,26.32,15.47,2.32,67.59,1,1,ABELARDO,COALICIÓN AE
31,VALLE,31103,TRUJILLO,8816,8643,52.48,56,56,4086,2863,1059,200,43,164,5345,1223,2482,47.28,33.13,12.25,2.31,61.84,1,1,ABELARDO,COALICIÓN AE
31,VALLE,31106,TULUA,99660,98087,57.38,513,513,41369,43107,5371,4064,579,1068,50804,-1738,7697,42.18,43.95,5.48,4.14,51.79,0,1,CEPEDA,COALICIÓN AE
31,VALLE,31109,ULLOA,2622,2558,48.7,18,18,992,1081,302,38,14,65,1332,-89,251,38.78,42.26,11.81,1.49,52.07,0,1,CEPEDA,COALICIÓN AE
31,VALLE,31112,VERSALLES,3802,3739,51.24,32,32,2086,788,603,77,19,69,2766,1298,1978,55.79,21.08,16.13,2.06,73.98,1,1,ABELARDO,COALICIÓN AE
31,VALLE,31115,VIJES,6494,6415,56.68,37,37,1591,3828,689,107,25,50,2387,-2237,-1441,24.8,59.67,10.74,1.67,37.21,0,0,CEPEDA,CEPEDA
31,VALLE,31118,YOTOCO,8483,8325,54.14,51,51,2680,4636,505,184,38,74,3369,-1956,-1267,32.19,55.69,6.07,2.21,40.47,0,0,CEPEDA,CEPEDA
31,VALLE,31121,YUMBO,66046,65405,58.55,334,334,14169,44723,2963,1531,288,434,18663,-30554,-26060,21.66,68.38,4.53,2.34,28.53,0,0,CEPEDA,CEPEDA
31,VALLE,31124,ZARZAL,22601,22316,56.48,120,120,6356,13457,1193,570,82,229,8119,-7101,-5338,28.48,60.3,5.35,2.55,36.38,0,0,CEPEDA,CEPEDA
40,ARAUCA,40001,ARAUCA,35855,35371,43.72,242,242,22710,7194,2745,1044,143,567,26499,15516,19305,64.21,20.34,7.76,2.95,74.92,1,1,ABELARDO,COALICIÓN AE
40,ARAUCA,40005,TAME,20113,19696,51.03,120,120,10658,5972,1289,484,118,432,12431,4686,6459,54.11,30.32,6.54,2.46,63.11,1,1,ABELARDO,COALICIÓN AE
40,ARAUCA,40010,ARAUQUITA,14684,14270,40.31,112,112,4931,7671,501,198,79,271,5630,-2740,-2041,34.56,53.76,3.51,1.39,39.45,0,0,CEPEDA,CEPEDA
40,ARAUCA,40015,CRAVO NORTE,1350,1333,36.45,11,11,976,242,49,8,2,16,1033,734,791,73.22,18.15,3.68,0.6,77.49,1,1,ABELARDO,COALICIÓN AE
40,ARAUCA,40017,FORTUL,6393,6189,45.75,42,42,1628,3869,228,88,29,115,1944,-2241,-1925,26.3,62.51,3.68,1.42,31.41,0,0,CEPEDA,CEPEDA
40,ARAUCA,40020,PUERTO RONDON,1591,1575,40.73,12,12,1146,225,123,16,4,23,1285,921,1060,72.76,14.29,7.81,1.02,81.59,1,1,ABELARDO,COALICIÓN AE
40,ARAUCA,40025,SARAVENA,20743,20253,50.1,123,123,8564,8924,954,475,91,466,9993,-360,1069,42.29,44.06,4.71,2.35,49.34,0,1,CEPEDA,COALICIÓN AE
44,CAQUETA,44001,FLORENCIA,79329,78308,57.67,400,400,41108,26756,4237,2590,352,1290,47935,14352,21179,52.5,34.17,5.41,3.31,61.21,1,1,ABELARDO,COALICIÓN AE
44,CAQUETA,44002,ALBANIA,2336,2295,51.71,14,14,1420,594,103,45,14,51,1568,826,974,61.87,25.88,4.49,1.96,68.32,1,1,ABELARDO,COALICIÓN AE
44,CAQUETA,44003,CARTAGENA DEL CHAIRA,13436,12795,54.06,73,73,3953,6593,499,259,117,344,4711,-2640,-1882,30.89,51.53,3.9,2.02,36.82,0,0,CEPEDA,CEPEDA
44,CAQUETA,44004,BELEN DE LOS ANDAQUIES,4336,4239,51.22,26,26,2490,1287,180,44,18,96,2714,1203,1427,58.74,30.36,4.25,1.04,64.02,1,1,ABELARDO,COALICIÓN AE
44,CAQUETA,44005,EL DONCELLO,8280,8099,51.78,49,49,4301,2624,424,170,36,186,4895,1677,2271,53.11,32.4,5.24,2.1,60.44,1,1,ABELARDO,COALICIÓN AE
44,CAQUETA,44006,EL PAUJIL,5899,5764,50.89,34,34,2531,2492,287,71,17,106,2889,39,397,43.91,43.23,4.98,1.23,50.12,1,1,ABELARDO,COALICIÓN AE
44,CAQUETA,44007,LA MONTAÑITA,6259,6151,49.77,38,38,2032,3482,235,83,30,88,2350,-1450,-1132,33.04,56.61,3.82,1.35,38.21,0,0,CEPEDA,CEPEDA
44,CAQUETA,44009,PUERTO RICO,10168,9917,51.15,60,60,4853,3682,489,158,61,188,5500,1171,1818,48.94,37.13,4.93,1.59,55.46,1,1,ABELARDO,COALICIÓN AE
44,CAQUETA,44010,SAN VICENTE DEL CAGUAN,24447,23742,58.18,129,129,9241,11114,1017,370,147,514,10628,-1873,-486,38.92,46.81,4.28,1.56,44.76,0,0,CEPEDA,CEPEDA
44,CAQUETA,44012,CURILLO,2910,2851,37.61,23,23,1475,988,145,39,17,90,1659,487,671,51.74,34.65,5.09,1.37,58.19,1,1,ABELARDO,COALICIÓN AE
44,CAQUETA,44016,MILAN,2571,2538,38.11,22,22,1123,1204,63,24,11,34,1210,-81,6,44.25,47.44,2.48,0.95,47.68,0,1,CEPEDA,COALICIÓN AE
44,CAQUETA,44017,MORELIA,1981,1840,49.83,14,14,1234,386,101,36,11,38,1371,848,985,67.07,20.98,5.49,1.96,74.51,1,1,ABELARDO,COALICIÓN AE
44,CAQUETA,44020,SAN JOSE DEL FRAGUA,5241,5130,48.49,34,34,2568,1930,197,69,24,171,2834,638,904,50.06,37.62,3.84,1.35,55.24,1,1,ABELARDO,COALICIÓN AE
44,CAQUETA,44022,SOLANO,3076,3003,34.62,31,31,729,2005,68,21,14,38,818,-1276,-1187,24.28,66.77,2.26,0.7,27.24,0,0,CEPEDA,CEPEDA
44,CAQUETA,44024,SOLITA,2341,2282,37.91,18,18,1227,744,94,28,7,46,1349,483,605,53.77,32.6,4.12,1.23,59.11,1,1,ABELARDO,COALICIÓN AE
44,CAQUETA,44040,VALPARAISO,2383,2342,42.02,18,18,1498,587,87,41,3,66,1626,911,1039,63.96,25.06,3.71,1.75,69.43,1,1,ABELARDO,COALICIÓN AE
46,CASANARE,46001,YOPAL,94609,93390,69.94,401,401,54089,25755,5948,3579,555,1332,63616,28334,37861,57.92,27.58,6.37,3.83,68.12,1,1,ABELARDO,COALICIÓN AE
46,CASANARE,46040,AGUAZUL,21094,20581,71.1,88,88,11764,5718,1455,530,90,476,13749,6046,8031,57.16,27.78,7.07,2.58,66.8,1,1,ABELARDO,COALICIÓN AE
46,CASANARE,46120,CHAMEZA,1269,1261,68.29,6,6,835,267,88,21,4,21,944,568,677,66.22,21.17,6.98,1.67,74.86,1,1,ABELARDO,COALICIÓN AE
46,CASANARE,46320,HATO COROZAL,4808,4761,60.83,33,33,3410,806,340,45,19,38,3795,2604,2989,71.62,16.93,7.14,0.95,79.71,1,1,ABELARDO,COALICIÓN AE
46,CASANARE,46480,LA SALINA,389,378,39.69,3,3,109,229,11,3,2,0,123,-120,-106,28.84,60.58,2.91,0.79,32.54,0,0,CEPEDA,CEPEDA
46,CASANARE,46520,MANI,7649,7516,63.44,40,40,4699,1830,455,131,43,137,5285,2869,3455,62.52,24.35,6.05,1.74,70.32,1,1,ABELARDO,COALICIÓN AE
46,CASANARE,46540,MONTERREY,8832,8686,69.9,39,39,5339,2032,706,221,34,155,6266,3307,4234,61.47,23.39,8.13,2.54,72.14,1,1,ABELARDO,COALICIÓN AE
46,CASANARE,46560,NUNCHIA,4194,4152,63.86,27,27,2990,566,401,35,14,63,3426,2424,2860,72.01,13.63,9.66,0.84,82.51,1,1,ABELARDO,COALICIÓN AE
46,CASANARE,46640,OROCUE,5074,4985,56.97,29,29,3199,1241,279,47,15,88,3525,1958,2284,64.17,24.89,5.6,0.94,70.71,1,1,ABELARDO,COALICIÓN AE
46,CASANARE,46680,PAZ DE ARIPORO (MORENO),17613,17374,62.28,86,86,11987,3152,1437,236,44,172,13660,8835,10508,68.99,18.14,8.27,1.36,78.62,1,1,ABELARDO,COALICIÓN AE
46,CASANARE,46700,PORE,5200,5132,60.67,26,26,3622,847,381,72,19,87,4075,2775,3228,70.58,16.5,7.42,1.4,79.4,1,1,ABELARDO,COALICIÓN AE
46,CASANARE,46760,RECETOR,793,781,65.21,5,5,477,187,64,22,3,10,563,290,376,61.08,23.94,8.19,2.82,72.09,1,1,ABELARDO,COALICIÓN AE
46,CASANARE,46800,SABANALARGA,2002,1982,71.19,10,10,1371,393,140,33,3,16,1544,978,1151,69.17,19.83,7.06,1.66,77.9,1,1,ABELARDO,COALICIÓN AE
46,CASANARE,46815,SACAMA,1102,1087,57.21,6,6,312,621,66,21,4,14,399,-309,-222,28.7,57.13,6.07,1.93,36.71,0,0,CEPEDA,CEPEDA
46,CASANARE,46830,SAN LUIS DE PALENQUE,4243,4201,63.83,24,24,3127,533,315,74,18,44,3516,2594,2983,74.43,12.69,7.5,1.76,83.69,1,1,ABELARDO,COALICIÓN AE
46,CASANARE,46840,TAMARA,2669,2627,57.87,18,18,1684,469,330,23,16,24,2037,1215,1568,64.1,17.85,12.56,0.88,77.54,1,1,ABELARDO,COALICIÓN AE
46,CASANARE,46850,TAURAMENA,14757,14514,72.72,60,60,9652,3174,664,332,62,288,10648,6478,7474,66.5,21.87,4.57,2.29,73.36,1,1,ABELARDO,COALICIÓN AE
46,CASANARE,46865,TRINIDAD,5949,5887,59.9,34,34,4167,946,535,64,20,48,4766,3221,3820,70.78,16.07,9.09,1.09,80.96,1,1,ABELARDO,COALICIÓN AE
46,CASANARE,46880,VILLANUEVA,20257,19647,70.7,85,85,11281,5436,1087,539,111,629,12907,5845,7471,57.42,27.67,5.53,2.74,65.69,1,1,ABELARDO,COALICIÓN AE
48,LA GUAJIRA,48001,RIOHACHA,70779,69900,45.25,471,471,26917,37453,2147,1172,193,391,30236,-10536,-7217,38.51,53.58,3.07,1.68,43.26,0,0,CEPEDA,CEPEDA
48,LA GUAJIRA,48002,ALBANIA,10030,9887,45.17,65,65,2387,7040,104,75,22,79,2566,-4653,-4474,24.14,71.2,1.05,0.76,25.95,0,0,CEPEDA,CEPEDA
48,LA GUAJIRA,48004,BARRANCAS,12260,12190,44.81,82,82,3419,8124,281,110,24,53,3810,-4705,-4314,28.05,66.64,2.31,0.9,31.26,0,0,CEPEDA,CEPEDA
48,LA GUAJIRA,48005,DIBULLA,8879,8789,36.26,74,74,2752,5527,150,71,17,94,2973,-2775,-2554,31.31,62.89,1.71,0.81,33.83,0,0,CEPEDA,CEPEDA
48,LA GUAJIRA,48006,EL MOLINO,4285,4233,46.53,27,27,1926,2114,73,29,6,20,2028,-188,-86,45.5,49.94,1.72,0.69,47.91,0,0,CEPEDA,CEPEDA
48,LA GUAJIRA,48007,FONSECA,15163,15065,46.8,99,99,4835,9393,293,173,33,61,5301,-4558,-4092,32.09,62.35,1.94,1.15,35.19,0,0,CEPEDA,CEPEDA
48,LA GUAJIRA,48008,DISTRACCION,4985,4948,43.02,36,36,1959,2764,80,28,6,29,2067,-805,-697,39.59,55.86,1.62,0.57,41.77,0,0,CEPEDA,CEPEDA
48,LA GUAJIRA,48009,HATONUEVO,7266,7214,44.28,48,48,1844,5031,99,65,14,35,2008,-3187,-3023,25.56,69.74,1.37,0.9,27.83,0,0,CEPEDA,CEPEDA
48,LA GUAJIRA,48010,MAICAO,50548,49978,35.59,401,401,20966,25692,1048,599,148,308,22613,-4726,-3079,41.95,51.41,2.1,1.2,45.25,0,0,CEPEDA,CEPEDA
48,LA GUAJIRA,48011,MANAURE,13466,13180,21.04,190,190,3967,7997,551,104,62,109,4622,-4030,-3375,30.1,60.68,4.18,0.79,35.07,0,0,CEPEDA,CEPEDA
48,LA GUAJIRA,48012,LA JAGUA DEL PILAR,2586,2556,48.18,16,16,992,1435,43,21,1,15,1056,-443,-379,38.81,56.14,1.68,0.82,41.31,0,0,CEPEDA,CEPEDA
48,LA GUAJIRA,48013,SAN JUAN DEL CESAR,18906,18711,51.71,114,114,10232,7360,529,162,28,84,10923,2872,3563,54.68,39.34,2.83,0.87,58.38,1,1,ABELARDO,COALICIÓN AE
48,LA GUAJIRA,48016,URIBIA,22886,22269,17.44,385,385,8026,12551,521,148,94,217,8695,-4525,-3856,36.04,56.36,2.34,0.66,39.05,0,0,CEPEDA,CEPEDA
48,LA GUAJIRA,48018,URUMITA,5345,5310,56.96,28,28,2087,3036,47,41,7,15,2175,-949,-861,39.3,57.18,0.89,0.77,40.96,0,0,CEPEDA,CEPEDA
48,LA GUAJIRA,48020,VILLANUEVA,10080,9962,49.62,59,59,4316,5027,246,148,19,37,4710,-711,-317,43.32,50.46,2.47,1.49,47.28,0,0,CEPEDA,CEPEDA
50,GUAINIA,50001,INIRIDA,9623,9524,34.51,84,84,3351,4926,598,164,88,113,4113,-1575,-813,35.18,51.72,6.28,1.72,43.19,0,0,CEPEDA,CEPEDA
50,GUAINIA,50070,BARRANCOMINAS,1724,1700,31.43,18,18,124,1457,15,10,15,17,149,-1333,-1308,7.29,85.71,0.88,0.59,8.76,0,0,CEPEDA,CEPEDA
50,GUAINIA,50073,CACAHUAL,41,41,15.47,1,1,4,31,1,0,2,0,5,-27,-26,9.76,75.61,2.44,0.0,12.2,0,0,CEPEDA,CEPEDA
50,GUAINIA,50078,LA GUADALUPE,63,63,29.85,1,1,24,25,5,5,2,0,34,-1,9,38.1,39.68,7.94,7.94,53.97,0,1,CEPEDA,COALICIÓN AE
50,GUAINIA,50083,MORICHAL (MORICHAL NUEVO),56,56,23.52,1,1,4,43,7,1,0,0,12,-39,-31,7.14,76.79,12.5,1.79,21.43,0,0,CEPEDA,CEPEDA
50,GUAINIA,50087,PANA PANA (CAMPO ALEGRE),247,246,39.58,4,4,36,144,39,3,4,1,78,-108,-66,14.63,58.54,15.85,1.22,31.71,0,0,CEPEDA,CEPEDA
50,GUAINIA,50090,PUERTO COLOMBIA,226,226,17.73,5,5,115,88,10,3,1,1,128,27,40,50.88,38.94,4.42,1.33,56.64,1,1,ABELARDO,COALICIÓN AE
50,GUAINIA,50092,SAN FELIPE,154,153,16.64,3,3,64,64,13,2,0,2,79,0,15,41.83,41.83,8.5,1.31,51.63,0,1,CEPEDA,COALICIÓN AE
52,META,52001,VILLAVICENCIO,260921,258018,64.41,1182,1182,136730,78547,20462,11253,1691,4433,168445,58183,89898,52.99,30.44,7.93,4.36,65.28,1,1,ABELARDO,COALICIÓN AE
52,META,52005,ACACIAS,59158,57447,75.01,229,229,30711,17424,3765,2025,434,1613,36501,13287,19077,53.46,30.33,6.55,3.52,63.54,1,1,ABELARDO,COALICIÓN AE
52,META,52006,BARRANCA DE UPIA,3711,3611,63.05,19,19,1818,1226,280,55,15,121,2153,592,927,50.35,33.95,7.75,1.52,59.62,1,1,ABELARDO,COALICIÓN AE
52,META,52008,CABUYARO,4255,4160,65.94,20,20,2468,1065,280,57,7,157,2805,1403,1740,59.33,25.6,6.73,1.37,67.43,1,1,ABELARDO,COALICIÓN AE
52,META,52010,CASTILLA LA NUEVA,10159,9888,75.57,40,40,5026,3122,763,270,69,379,6059,1904,2937,50.83,31.57,7.72,2.73,61.28,1,1,ABELARDO,COALICIÓN AE
52,META,52015,CUBARRAL,3933,3904,67.13,17,17,2654,740,320,65,11,51,3039,1914,2299,67.98,18.95,8.2,1.66,77.84,1,1,ABELARDO,COALICIÓN AE
52,META,52020,CUMARAL,13359,13168,67.02,63,63,7338,3842,988,378,58,273,8704,3496,4862,55.73,29.18,7.5,2.87,66.1,1,1,ABELARDO,COALICIÓN AE
52,META,52025,EL CALVARIO,774,769,52.15,7,7,527,87,111,20,2,9,658,440,571,68.53,11.31,14.43,2.6,85.57,1,1,ABELARDO,COALICIÓN AE
52,META,52027,EL CASTILLO,3468,3401,54.7,20,20,1496,1529,158,37,13,61,1691,-33,162,43.99,44.96,4.65,1.09,49.72,0,1,CEPEDA,COALICIÓN AE
52,META,52028,EL DORADO,2601,2564,66.18,13,13,1652,547,253,36,8,29,1941,1105,1394,64.43,21.33,9.87,1.4,75.7,1,1,ABELARDO,COALICIÓN AE
52,META,52030,FUENTE DE ORO,5889,5758,58.56,31,31,3214,1842,301,82,22,159,3597,1372,1755,55.82,31.99,5.23,1.42,62.47,1,1,ABELARDO,COALICIÓN AE
52,META,52035,GRANADA,36192,35468,59.78,175,175,19393,11123,2036,871,200,924,22300,8270,11177,54.68,31.36,5.74,2.46,62.87,1,1,ABELARDO,COALICIÓN AE
52,META,52040,GUAMAL,10453,10270,75.07,40,40,6331,2443,680,302,53,269,7313,3888,4870,61.65,23.79,6.62,2.94,71.21,1,1,ABELARDO,COALICIÓN AE
52,META,52041,LA MACARENA,7367,7112,61.16,37,37,2132,4053,200,81,56,186,2413,-1921,-1640,29.98,56.99,2.81,1.14,33.93,0,0,CEPEDA,CEPEDA
52,META,52042,LEJANIAS,5201,5082,57.58,28,28,3018,1358,347,91,19,117,3456,1660,2098,59.39,26.72,6.83,1.79,68.0,1,1,ABELARDO,COALICIÓN AE
52,META,52043,PUERTO GAITAN,35895,34430,62.36,174,174,14580,15043,1030,697,185,1586,16307,-463,1264,42.35,43.69,2.99,2.02,47.36,0,1,CEPEDA,COALICIÓN AE
52,META,52044,MESETAS,5332,5224,56.89,28,28,2060,2625,168,61,30,104,2289,-565,-336,39.43,50.25,3.22,1.17,43.82,0,0,CEPEDA,CEPEDA
52,META,52045,PUERTO LOPEZ,16159,15806,61.31,81,81,8631,4893,1077,313,65,426,10021,3738,5128,54.61,30.96,6.81,1.98,63.4,1,1,ABELARDO,COALICIÓN AE
52,META,52046,MAPIRIPAN,2751,2670,44.55,22,22,1260,1211,67,17,6,52,1344,49,133,47.19,45.36,2.51,0.64,50.34,1,1,ABELARDO,COALICIÓN AE
52,META,52047,PUERTO CONCORDIA,3651,3555,48.94,22,22,1726,1359,185,39,22,115,1950,367,591,48.55,38.23,5.2,1.1,54.85,1,1,ABELARDO,COALICIÓN AE
52,META,52048,PUERTO LLERAS,3868,3813,53.05,24,24,2259,1079,214,53,12,107,2526,1180,1447,59.24,28.3,5.61,1.39,66.25,1,1,ABELARDO,COALICIÓN AE
52,META,52049,PUERTO RICO,5049,4892,51.85,30,30,1987,2214,268,55,38,144,2310,-227,96,40.62,45.26,5.48,1.12,47.22,0,1,CEPEDA,COALICIÓN AE
52,META,52050,RESTREPO,11725,11625,63.34,53,53,6950,3030,851,409,54,157,8210,3920,5180,59.78,26.06,7.32,3.52,70.62,1,1,ABELARDO,COALICIÓN AE
52,META,52055,SAN CARLOS DE GUAROA,6174,6038,62.37,31,31,3223,1974,355,88,29,207,3666,1249,1692,53.38,32.69,5.88,1.46,60.72,1,1,ABELARDO,COALICIÓN AE
52,META,52058,SAN JUAN DE ARAMA,3620,3570,56.69,21,21,1682,1376,304,40,16,61,2026,306,650,47.11,38.54,8.52,1.12,56.75,1,1,ABELARDO,COALICIÓN AE
52,META,52059,SAN JUANITO,737,728,54.27,7,7,522,112,42,11,3,18,575,410,463,71.7,15.38,5.77,1.51,78.98,1,1,ABELARDO,COALICIÓN AE
52,META,52060,SAN MARTIN DE LOS LLANOS,11784,11565,61.82,59,59,6590,3202,768,240,60,401,7598,3388,4396,56.98,27.69,6.64,2.08,65.7,1,1,ABELARDO,COALICIÓN AE
52,META,52074,URIBE,5040,4962,66.14,23,23,442,4282,61,36,10,41,539,-3840,-3743,8.91,86.3,1.23,0.73,10.86,0,0,CEPEDA,CEPEDA
52,META,52080,VISTA HERMOSA,7729,7495,53.52,47,47,3670,2894,372,86,48,164,4128,776,1234,48.97,38.61,4.96,1.15,55.08,1,1,ABELARDO,COALICIÓN AE
54,GUAVIARE,54001,SAN JOSE DEL GUAVIARE,25927,25271,53.65,150,150,12040,9150,1588,676,217,544,14304,2890,5154,47.64,36.21,6.28,2.68,56.6,1,1,ABELARDO,COALICIÓN AE
54,GUAVIARE,54003,CALAMAR,3161,3080,43.52,23,23,1198,1434,122,57,28,81,1377,-236,-57,38.9,46.56,3.96,1.85,44.71,0,0,CEPEDA,CEPEDA
54,GUAVIARE,54007,EL RETORNO,4703,4593,46.79,33,33,2609,1305,266,87,37,110,2962,1304,1657,56.8,28.41,5.79,1.89,64.49,1,1,ABELARDO,COALICIÓN AE
54,GUAVIARE,54012,MIRAFLORES,1160,1130,31.64,15,15,213,788,40,15,16,19,268,-575,-520,18.85,69.73,3.54,1.33,23.72,0,0,CEPEDA,CEPEDA
56,SAN ANDRES,56001,SAN ANDRES,16896,16787,34.52,142,142,7404,7346,694,511,64,48,8609,58,1263,44.11,43.76,4.13,3.04,51.28,1,1,ABELARDO,COALICIÓN AE
56,SAN ANDRES,56004,PROVIDENCIA,1221,1213,25.19,14,14,389,590,132,24,6,4,545,-201,-45,32.07,48.64,10.88,1.98,44.93,0,0,CEPEDA,CEPEDA
60,AMAZONAS,60001,LETICIA,20991,20715,46.41,134,134,7328,10415,1414,476,187,303,9218,-3087,-1197,35.38,50.28,6.83,2.3,44.5,0,0,CEPEDA,CEPEDA
60,AMAZONAS,60007,PUERTO NARIÑO,2243,2204,43.36,17,17,327,1629,112,9,19,24,448,-1302,-1181,14.84,73.91,5.08,0.41,20.33,0,0,CEPEDA,CEPEDA
60,AMAZONAS,60010,EL ENCANTO,271,270,35.65,3,3,37,216,8,1,3,0,46,-179,-170,13.7,80.0,2.96,0.37,17.04,0,0,CEPEDA,CEPEDA
60,AMAZONAS,60013,LA CHORRERA,587,585,51.85,4,4,25,544,12,0,1,1,37,-519,-507,4.27,92.99,2.05,0.0,6.32,0,0,CEPEDA,CEPEDA
60,AMAZONAS,60016,LA PEDRERA,405,400,30.04,4,4,49,327,7,3,3,1,59,-278,-268,12.25,81.75,1.75,0.75,14.75,0,0,CEPEDA,CEPEDA
60,AMAZONAS,60017,LA VICTORIA,29,29,38.66,1,1,0,28,0,0,0,0,0,-28,-28,0.0,96.55,0.0,0.0,0.0,0,0,CEPEDA,CEPEDA
60,AMAZONAS,60019,MIRITI PARANA,96,96,17.14,3,3,4,89,1,0,0,0,5,-85,-84,4.17,92.71,1.04,0.0,5.21,0,0,CEPEDA,CEPEDA
60,AMAZONAS,60021,PUERTO SANTANDER,133,132,23.25,2,2,19,93,14,2,2,0,35,-74,-58,14.39,70.45,10.61,1.52,26.52,0,0,CEPEDA,CEPEDA
60,AMAZONAS,60022,TARAPACA,500,494,31.11,5,5,69,356,16,3,2,12,88,-287,-268,13.97,72.06,3.24,0.61,17.81,0,0,CEPEDA,CEPEDA
60,AMAZONAS,60030,PUERTO ALEGRIA,112,112,38.75,1,1,14,94,3,0,0,0,17,-80,-77,12.5,83.93,2.68,0.0,15.18,0,0,CEPEDA,CEPEDA
60,AMAZONAS,60040,PUERTO ARICA,190,190,35.51,2,2,15,163,9,0,1,0,24,-148,-139,7.89,85.79,4.74,0.0,12.63,0,0,CEPEDA,CEPEDA
64,PUTUMAYO,64001,MOCOA,25252,25001,58.21,134,134,5426,17187,1099,493,86,213,7018,-11761,-10169,21.7,68.75,4.4,1.97,28.07,0,0,CEPEDA,CEPEDA
64,PUTUMAYO,64002,PUERTO ASIS,26863,26197,50.12,160,160,5145,18004,855,501,152,483,6501,-12859,-11503,19.64,68.73,3.26,1.91,24.82,0,0,CEPEDA,CEPEDA
64,PUTUMAYO,64004,PUERTO LEGUIZAMO,5532,5422,35.18,50,50,1978,2867,185,90,28,72,2253,-889,-614,36.48,52.88,3.41,1.66,41.55,0,0,CEPEDA,CEPEDA
64,PUTUMAYO,64007,COLON,2870,2848,60.62,14,14,663,1878,184,39,10,14,886,-1215,-992,23.28,65.94,6.46,1.37,31.11,0,0,CEPEDA,CEPEDA
64,PUTUMAYO,64013,SAN FRANCISCO,2933,2903,60.56,15,15,698,1851,208,51,8,13,957,-1153,-894,24.04,63.76,7.17,1.76,32.97,0,0,CEPEDA,CEPEDA
64,PUTUMAYO,64016,SANTIAGO,3702,3655,55.13,19,19,646,2767,107,34,10,23,787,-2121,-1980,17.67,75.7,2.93,0.93,21.53,0,0,CEPEDA,CEPEDA
64,PUTUMAYO,64018,SAN MIGUEL (LA DORADA),7353,7211,46.18,51,51,698,5752,192,109,35,133,999,-5054,-4753,9.68,79.77,2.66,1.51,13.85,0,0,CEPEDA,CEPEDA
64,PUTUMAYO,64019,SIBUNDOY,7266,7196,63.97,33,33,1467,5006,381,123,34,33,1971,-3539,-3035,20.39,69.57,5.29,1.71,27.39,0,0,CEPEDA,CEPEDA
64,PUTUMAYO,64023,ORITO,16064,15852,50.4,98,98,1925,12783,340,215,60,204,2480,-10858,-10303,12.14,80.64,2.14,1.36,15.64,0,0,CEPEDA,CEPEDA
64,PUTUMAYO,64025,PUERTO GUZMAN,5417,5297,42.11,44,44,1159,3573,161,47,37,86,1367,-2414,-2206,21.88,67.45,3.04,0.89,25.81,0,0,CEPEDA,CEPEDA
64,PUTUMAYO,64026,PUERTO CAICEDO,4914,4806,45.47,34,34,795,3513,165,79,24,70,1039,-2718,-2474,16.54,73.1,3.43,1.64,21.62,0,0,CEPEDA,CEPEDA
64,PUTUMAYO,64028,VALLE DEL GUAMUEZ (LA HORMIGA),15293,15068,50.22,93,93,1768,12120,187,190,53,192,2145,-10352,-9975,11.73,80.44,1.24,1.26,14.24,0,0,CEPEDA,CEPEDA
64,PUTUMAYO,64030,VILLAGARZON,11035,10845,52.04,64,64,2719,7115,350,160,45,161,3229,-4396,-3886,25.07,65.61,3.23,1.48,29.77,0,0,CEPEDA,CEPEDA
68,VAUPES,68001,MITU,7511,7450,37.56,64,64,1206,5531,291,121,52,39,1618,-4325,-3913,16.19,74.24,3.91,1.62,21.72,0,0,CEPEDA,CEPEDA
68,VAUPES,68004,CARURU,541,535,31.03,6,6,57,413,24,8,7,9,89,-356,-324,10.65,77.2,4.49,1.5,16.64,0,0,CEPEDA,CEPEDA
68,VAUPES,68010,MORICHAL (PAPUNAGUA),85,85,45.69,2,2,17,61,0,1,2,0,18,-44,-43,20.0,71.76,0.0,1.18,21.18,0,0,CEPEDA,CEPEDA
68,VAUPES,68013,BUENOS AIRES (PACOA),356,353,28.41,6,6,7,330,3,3,3,1,13,-323,-317,1.98,93.48,0.85,0.85,3.68,0,0,CEPEDA,CEPEDA
68,VAUPES,68017,TARAIRA,406,402,21.64,6,6,85,278,14,11,3,2,110,-193,-168,21.14,69.15,3.48,2.74,27.36,0,0,CEPEDA,CEPEDA
68,VAUPES,68022,YAVARATE,355,353,33.52,4,4,7,319,12,3,2,1,22,-312,-297,1.98,90.37,3.4,0.85,6.23,0,0,CEPEDA,CEPEDA
72,VICHADA,72001,PUERTO CARREÑO,8568,8443,40.34,66,66,4399,2767,614,176,48,158,5189,1632,2422,52.1,32.77,7.27,2.08,61.46,1,1,ABELARDO,COALICIÓN AE
72,VICHADA,72002,SANTA ROSALIA,1658,1640,47.96,12,12,1206,289,73,7,10,25,1286,917,997,73.54,17.62,4.45,0.43,78.41,1,1,ABELARDO,COALICIÓN AE
72,VICHADA,72006,CUMARIBO,7857,7756,31.05,93,93,1230,6066,132,44,28,82,1406,-4836,-4660,15.86,78.21,1.7,0.57,18.13,0,0,CEPEDA,CEPEDA
72,VICHADA,72008,LA PRIMAVERA,3488,3468,47.37,26,26,2499,647,135,66,6,47,2700,1852,2053,72.06,18.66,3.89,1.9,77.85,1,1,ABELARDO,COALICIÓN AE
88,CONSULADOS,88115,GHANA,45,45,59.21,8,8,16,21,4,2,2,0,22,-5,1,35.56,46.67,8.89,4.44,48.89,0,1,CEPEDA,COALICIÓN AE
88,CONSULADOS,88120,ALEMANIA,12005,11994,57.44,54,54,2500,5649,1464,1843,362,14,5807,-3149,158,20.84,47.1,12.21,15.37,48.42,0,1,CEPEDA,COALICIÓN AE
88,CONSULADOS,88130,ARGELIA,8,8,36.36,7,7,2,2,0,4,0,0,6,0,4,25.0,25.0,0.0,50.0,75.0,0,1,CEPEDA,COALICIÓN AE
88,CONSULADOS,88135,AZERBAIYAN,22,22,64.7,7,7,3,11,4,3,1,0,10,-8,-1,13.64,50.0,18.18,13.64,45.45,0,0,CEPEDA,CEPEDA
88,CONSULADOS,88140,CURAZAO,1191,1184,40.59,11,11,801,293,38,25,4,9,864,508,571,67.65,24.75,3.21,2.11,72.97,1,1,ABELARDO,COALICIÓN AE
88,CONSULADOS,88155,ARGENTINA,10374,10356,48.39,56,56,3817,4499,908,779,170,13,5504,-682,1005,36.86,43.44,8.77,7.52,53.15,0,1,CEPEDA,COALICIÓN AE
88,CONSULADOS,88160,ARUBA,3515,3505,49.61,23,23,2377,773,203,67,24,30,2647,1604,1874,67.82,22.05,5.79,1.91,75.52,1,1,ABELARDO,COALICIÓN AE
88,CONSULADOS,88165,AUSTRALIA,20296,20274,63.18,72,72,6933,8565,1431,2580,376,49,10944,-1632,2379,34.2,42.25,7.06,12.73,53.98,0,1,CEPEDA,COALICIÓN AE
88,CONSULADOS,88170,AUSTRIA,1640,1640,57.48,11,11,416,802,161,189,45,0,766,-386,-36,25.37,48.9,9.82,11.52,46.71,0,0,CEPEDA,CEPEDA
88,CONSULADOS,88190,BELGICA,2656,2655,52.55,16,16,801,1161,350,236,64,7,1387,-360,226,30.17,43.73,13.18,8.89,52.24,0,1,CEPEDA,COALICIÓN AE
88,CONSULADOS,88215,BOLIVIA,645,644,35.47,10,10,439,125,39,19,3,15,497,314,372,68.17,19.41,6.06,2.95,77.17,1,1,ABELARDO,COALICIÓN AE
88,CONSULADOS,88220,BRASIL,4170,4159,45.01,52,52,1418,1895,440,270,72,10,2128,-477,233,34.09,45.56,10.58,6.49,51.17,0,1,CEPEDA,COALICIÓN AE
88,CONSULADOS,88250,CANADA,42038,42006,57.39,219,219,21109,11879,4353,3443,695,84,28905,9230,17026,50.25,28.28,10.36,8.2,68.81,1,1,ABELARDO,COALICIÓN AE
88,CONSULADOS,88275,COREA DEL SUR,252,252,58.87,7,7,96,82,34,30,9,0,160,14,78,38.1,32.54,13.49,11.9,63.49,1,1,ABELARDO,COALICIÓN AE
88,CONSULADOS,88285,COSTA RICA,5712,5702,48.21,27,27,3788,1060,495,276,39,12,4559,2728,3499,66.43,18.59,8.68,4.84,79.95,1,1,ABELARDO,COALICIÓN AE
88,CONSULADOS,88290,CUBA,608,606,66.37,8,8,120,449,14,13,2,0,147,-329,-302,19.8,74.09,2.31,2.15,24.26,0,0,CEPEDA,CEPEDA
88,CONSULADOS,88305,CHILE,18348,18233,40.54,112,112,7897,7341,1558,738,204,182,10193,556,2852,43.31,40.26,8.54,4.05,55.9,1,1,ABELARDO,COALICIÓN AE
88,CONSULADOS,88315,CHINA REPUBLICA POPULAR,720,720,55.9,28,28,300,226,99,63,12,1,462,74,236,41.67,31.39,13.75,8.75,64.17,1,1,ABELARDO,COALICIÓN AE
88,CONSULADOS,88325,DINAMARCA,665,664,61.68,9,9,123,304,103,90,32,1,316,-181,12,18.52,45.78,15.51,13.55,47.59,0,1,CEPEDA,COALICIÓN AE
88,CONSULADOS,88330,ECUADOR,9367,9228,21.6,111,111,5035,2505,1008,242,86,51,6285,2530,3780,54.56,27.15,10.92,2.62,68.11,1,1,ABELARDO,COALICIÓN AE
88,CONSULADOS,88335,EGIPTO,161,161,35.54,8,8,91,38,14,8,4,0,113,53,75,56.52,23.6,8.7,4.97,70.19,1,1,ABELARDO,COALICIÓN AE
88,CONSULADOS,88340,EL SALVADOR,441,441,52.0,9,9,279,60,57,24,12,1,360,219,300,63.27,13.61,12.93,5.44,81.63,1,1,ABELARDO,COALICIÓN AE
88,CONSULADOS,88350,EMIRATOS ARABES UNIDOS,2542,2539,56.11,20,20,1664,446,225,130,31,19,2019,1218,1573,65.54,17.57,8.86,5.12,79.52,1,1,ABELARDO,COALICIÓN AE
88,CONSULADOS,88355,ESPAÑA,127637,127207,41.44,696,696,51858,54162,11073,6053,1233,977,68984,-2304,14822,40.77,42.58,8.7,4.76,54.23,0,1,CEPEDA,COALICIÓN AE
88,CONSULADOS,88360,ESTADOS UNIDOS,216105,215917,47.57,987,987,155816,32324,17507,7525,1267,489,180848,123492,148524,72.16,14.97,8.11,3.49,83.76,1,1,ABELARDO,COALICIÓN AE
88,CONSULADOS,88370,REPUBLICA DE FILIPINAS,91,91,49.18,7,7,37,29,14,6,3,0,57,8,28,40.66,31.87,15.38,6.59,62.64,1,1,ABELARDO,COALICIÓN AE
88,CONSULADOS,88375,FINLANDIA,302,302,54.51,7,7,70,141,40,35,9,1,145,-71,4,23.18,46.69,13.25,11.59,48.01,0,1,CEPEDA,COALICIÓN AE
88,CONSULADOS,88380,FRANCIA,14271,14259,53.08,81,81,3607,6699,1670,1690,357,50,6967,-3092,268,25.3,46.98,11.71,11.85,48.86,0,1,CEPEDA,COALICIÓN AE
88,CONSULADOS,88410,GUATEMALA,1308,1307,56.69,10,10,932,138,133,72,18,4,1137,794,999,71.31,10.56,10.18,5.51,86.99,1,1,ABELARDO,COALICIÓN AE
88,CONSULADOS,88430,HAITI,14,14,58.33,7,7,3,8,1,0,0,0,4,-5,-4,21.43,57.14,7.14,0.0,28.57,0,0,CEPEDA,CEPEDA
88,CONSULADOS,88435,PAISES BAJOS,3139,3137,47.89,22,22,986,1121,495,402,93,1,1883,-135,762,31.43,35.73,15.78,12.81,60.03,0,1,CEPEDA,COALICIÓN AE
88,CONSULADOS,88440,HONDURAS,313,313,40.12,8,8,200,47,46,17,3,0,263,153,216,63.9,15.02,14.7,5.43,84.03,1,1,ABELARDO,COALICIÓN AE
88,CONSULADOS,88445,HUNGRIA,246,246,63.07,7,7,54,106,31,38,6,1,123,-52,17,21.95,43.09,12.6,15.45,50.0,0,1,CEPEDA,COALICIÓN AE
88,CONSULADOS,88455,INDIA,32,32,33.68,7,7,12,9,3,6,1,0,21,3,12,37.5,28.12,9.38,18.75,65.62,1,1,ABELARDO,COALICIÓN AE
88,CONSULADOS,88460,INDONESIA,35,35,34.65,7,7,11,8,13,3,0,0,27,3,19,31.43,22.86,37.14,8.57,77.14,1,1,ABELARDO,COALICIÓN AE
88,CONSULADOS,88465,INGLATERRA,11654,11638,49.95,74,74,5175,3788,1622,717,180,53,7514,1387,3726,44.47,32.55,13.94,6.16,64.56,1,1,ABELARDO,COALICIÓN AE
88,CONSULADOS,88470,IRLANDA,603,603,65.47,8,8,171,247,94,57,30,1,322,-76,75,28.36,40.96,15.59,9.45,53.4,0,1,CEPEDA,COALICIÓN AE
88,CONSULADOS,88490,ISRAEL,897,895,38.81,11,11,728,92,44,19,3,6,791,636,699,81.34,10.28,4.92,2.12,88.38,1,1,ABELARDO,COALICIÓN AE
88,CONSULADOS,88495,ITALIA,8452,8437,42.84,47,47,3087,3313,851,885,137,37,4823,-226,1510,36.59,39.27,10.09,10.49,57.16,0,1,CEPEDA,COALICIÓN AE
88,CONSULADOS,88500,JAMAICA,140,140,40.46,8,8,82,39,15,2,0,0,99,43,60,58.57,27.86,10.71,1.43,70.71,1,1,ABELARDO,COALICIÓN AE
88,CONSULADOS,88505,JAPON,526,525,36.05,11,11,227,182,48,38,18,1,313,45,131,43.24,34.67,9.14,7.24,59.62,1,1,ABELARDO,COALICIÓN AE
88,CONSULADOS,88515,KENIA,68,68,55.28,7,7,16,25,15,9,3,0,40,-9,15,23.53,36.76,22.06,13.24,58.82,0,1,CEPEDA,COALICIÓN AE
88,CONSULADOS,88535,LIBANO,123,123,8.48,9,9,58,24,36,2,0,0,96,34,72,47.15,19.51,29.27,1.63,78.05,1,1,ABELARDO,COALICIÓN AE
88,CONSULADOS,88560,MALASIA,101,101,61.96,7,7,46,18,28,5,2,0,79,28,61,45.54,17.82,27.72,4.95,78.22,1,1,ABELARDO,COALICIÓN AE
88,CONSULADOS,88580,MARRUECOS,34,34,47.22,7,7,12,7,8,6,1,0,26,5,19,35.29,20.59,23.53,17.65,76.47,1,1,ABELARDO,COALICIÓN AE
88,CONSULADOS,88590,MEXICO,12324,12319,55.95,80,80,6119,3081,2013,849,153,11,8981,3038,5900,49.67,25.01,16.34,6.89,72.9,1,1,ABELARDO,COALICIÓN AE
88,CONSULADOS,88620,NICARAGUA,112,112,39.02,7,7,76,24,6,5,1,0,87,52,63,67.86,21.43,5.36,4.46,77.68,1,1,ABELARDO,COALICIÓN AE
88,CONSULADOS,88625,NUEVA ZELANDIA,1299,1297,55.65,10,10,448,494,149,140,33,2,737,-46,243,34.54,38.09,11.49,10.79,56.82,0,1,CEPEDA,COALICIÓN AE
88,CONSULADOS,88635,NORUEGA,568,567,47.97,8,8,145,258,89,48,18,0,282,-113,24,25.57,45.5,15.7,8.47,49.74,0,1,CEPEDA,COALICIÓN AE
88,CONSULADOS,88655,PANAMA,11042,11028,37.82,87,87,7161,2052,1157,448,66,52,8766,5109,6714,64.93,18.61,10.49,4.06,79.49,1,1,ABELARDO,COALICIÓN AE
88,CONSULADOS,88665,PARAGUAY,371,371,46.08,8,8,248,77,32,10,2,1,290,171,213,66.85,20.75,8.63,2.7,78.17,1,1,ABELARDO,COALICIÓN AE
88,CONSULADOS,88670,PERU,3468,3464,37.88,28,28,1964,654,530,210,49,21,2704,1310,2050,56.7,18.88,15.3,6.06,78.06,1,1,ABELARDO,COALICIÓN AE
88,CONSULADOS,88675,POLONIA,1065,1063,29.85,14,14,282,622,59,54,14,14,395,-340,-227,26.53,58.51,5.55,5.08,37.16,0,0,CEPEDA,CEPEDA
88,CONSULADOS,88680,PORTUGAL,3190,3178,59.73,18,18,1176,1329,267,299,38,10,1742,-153,413,37.0,41.82,8.4,9.41,54.81,0,1,CEPEDA,COALICIÓN AE
88,CONSULADOS,88683,PUERTO RICO,1193,1191,50.96,11,11,699,274,129,70,10,3,898,425,624,58.69,23.01,10.83,5.88,75.4,1,1,ABELARDO,COALICIÓN AE
88,CONSULADOS,88685,REPUBLICA DOMINICANA,2105,2101,52.33,13,13,1399,328,234,90,27,3,1723,1071,1395,66.59,15.61,11.14,4.28,82.01,1,1,ABELARDO,COALICIÓN AE
88,CONSULADOS,88688,REPUBLICA DE SINGAPUR,196,196,57.98,7,7,86,32,52,22,1,0,160,54,128,43.88,16.33,26.53,11.22,81.63,1,1,ABELARDO,COALICIÓN AE
88,CONSULADOS,88690,REPUBLICA SOCIALISTA DE VIETNA,33,33,39.28,7,7,8,17,4,3,0,0,15,-9,-2,24.24,51.52,12.12,9.09,45.45,0,0,CEPEDA,CEPEDA
88,CONSULADOS,88700,RUSIA,175,175,21.31,8,8,31,111,11,11,4,0,53,-80,-58,17.71,63.43,6.29,6.29,30.29,0,0,CEPEDA,CEPEDA
88,CONSULADOS,88745,SUDAFRICA,110,110,50.92,8,8,53,21,22,6,6,0,81,32,60,48.18,19.09,20.0,5.45,73.64,1,1,ABELARDO,COALICIÓN AE
88,CONSULADOS,88755,SUECIA,1518,1515,40.5,27,27,384,815,165,88,39,6,637,-431,-178,25.35,53.8,10.89,5.81,42.05,0,0,CEPEDA,CEPEDA
88,CONSULADOS,88760,SUIZA,4515,4510,49.76,21,21,1672,1766,580,363,80,13,2615,-94,849,37.07,39.16,12.86,8.05,57.98,0,1,CEPEDA,COALICIÓN AE
88,CONSULADOS,88765,TAILANDIA,114,114,60.63,7,7,46,43,10,13,2,0,69,3,26,40.35,37.72,8.77,11.4,60.53,1,1,ABELARDO,COALICIÓN AE
88,CONSULADOS,88770,TURQUIA,225,225,51.02,14,14,57,119,27,17,2,0,101,-62,-18,25.33,52.89,12.0,7.56,44.89,0,0,CEPEDA,CEPEDA
88,CONSULADOS,88785,TRINIDAD Y TOBAGO,160,160,50.31,9,9,91,31,13,16,3,0,120,60,89,56.88,19.38,8.12,10.0,75.0,1,1,ABELARDO,COALICIÓN AE
88,CONSULADOS,88805,URUGUAY,783,781,51.14,9,9,317,313,83,44,8,2,444,4,131,40.59,40.08,10.63,5.63,56.85,1,1,ABELARDO,COALICIÓN AE
88,CONSULADOS,88815,VENEZUELA,21751,21601,12.03,349,349,14313,4352,2128,199,117,71,16640,9961,12288,66.26,20.15,9.85,0.92,77.03,1,1,ABELARDO,COALICIÓN AE
